relative_path,extension,size_bytes
.pytest_cache\README.md,.md,310
assets\app.css,.css,191042
assets\app.js,.js,166672
backup_runner.php,.php,6230
backups\css_cleanup_nav_20260630_154149\app.css,.css,162993
backups\css_cleanup_nav_20260630_154149\app.js,.js,141161
backups\css_cleanup_nav_20260630_154149\index.php,.php,2077300
backups\dashboard_modernization_20260630_112059\backup_manifest.txt,.txt,397
backups\dashboard_ui_refactor_20260702_072550\backup_manifest.txt,.txt,109
backups\index_before_phaseA_20260612_critical.php,.php,731913
backups\index_before_restore_safety_20260612.php,.php,735044
backups\item_grid_cleanup_20260629_092218\app.css,.css,133016
backups\item_grid_cleanup_20260629_092218\app.js,.js,136441
backups\item_grid_cleanup_20260629_092218\index.php,.php,2015392
backups\item_whatsapp_fix_20260629_103652\app.js,.js,137265
backups\item_whatsapp_fix_20260629_103652\index.php,.php,2017529
backups\item_whatsapp_fix_20260629_103652\whatsapp_attach_pdf.js,.js,11106
backups\license_manager_decompiled_20260627_1305\bin\Release\net8.0-windows\PrmClientLicenseManager.deps.json,.json,7950
backups\license_manager_decompiled_20260627_1305\bin\Release\net8.0-windows\PrmClientLicenseManager.runtimeconfig.json,.json,429
backups\license_manager_decompiled_20260627_1305\obj\PrmClientLicenseManager.csproj.nuget.dgspec.json,.json,2897
backups\license_manager_decompiled_20260627_1305\obj\project.assets.json,.json,2787
backups\license_manager_decompiled_20260627_1305\obj\Release\net8.0-windows\PrmClientLicenseManager.csproj.FileListAbsolute.txt,.txt,4476
backups\license_manager_decompiled_20260627_1305\obj\Release\net8.0-windows\PublishOutputs.eee3edcd3d.txt,.txt,2505
backups\license_manager_publish_20260627_1320\PrmClientLicenseManager.deps.json,.json,7950
backups\license_manager_publish_20260627_1320\PrmClientLicenseManager.runtimeconfig.json,.json,429
backups\mobile_nav_polish_20260630_153436\app.css,.css,159319
backups\mobile_nav_polish_20260630_153436\app.js,.js,140620
backups\mobile_nav_polish_20260630_153436\index.php,.php,2077114
backups\print_header_cleanup_20260630_150102\app.css,.css,157368
backups\print_header_cleanup_20260630_150102\app.js,.js,139865
backups\print_header_cleanup_20260630_150102\index.php,.php,2077114
backups\prm_gst_backup_20260615_121610.json,.json,924451
backups\prm_gst_backup_20260615_131654.json,.json,925544
backups\prm_gst_backup_20260615_131741.json,.json,927880
backups\prm_gst_backup_20260615_145221.json,.json,930766
backups\prm_gst_backup_20260615_145505.json,.json,931859
backups\prm_gst_backup_20260615_152602.json,.json,932952
backups\prm_gst_backup_20260615_165404.json,.json,935381
backups\prm_gst_backup_20260615_181607.json,.json,937152
backups\prm_gst_backup_20260615_193725.json,.json,949394
backups\prm_gst_backup_20260615_201956.json,.json,950487
backups\prm_gst_backup_20260615_204634.json,.json,952283
backups\prm_gst_backup_20260615_214556.json,.json,953376
backups\prm_gst_backup_20260615_223501.json,.json,954469
backups\prm_gst_backup_20260615_230740.json,.json,955562
backups\prm_gst_backup_20260615_231406.json,.json,956655
backups\prm_gst_backup_20260615_233856.json,.json,957748
backups\prm_gst_backup_20260615_233941.json,.json,958841
backups\prm_gst_backup_20260616_005740.json,.json,961340
backups\prm_gst_backup_20260616_010108.json,.json,962433
backups\prm_gst_backup_20260616_012305.json,.json,963526
backups\prm_gst_backup_20260616_013830.json,.json,964619
backups\prm_gst_backup_20260616_014441.json,.json,969227
backups\prm_gst_backup_20260616_014551.json,.json,970320
backups\prm_gst_backup_20260616_020015.json,.json,971414
backups\prm_gst_backup_20260616_020720.json,.json,973211
backups\prm_gst_backup_20260616_085046.json,.json,978936
backups\prm_gst_backup_20260616_171459.json,.json,981436
backups\prm_gst_backup_20260616_171934.json,.json,983233
backups\prm_gst_backup_20260616_175447.json,.json,984327
backups\prm_gst_backup_20260616_202016.json,.json,987530
backups\prm_gst_backup_20260616_215238.json,.json,990472
backups\prm_gst_backup_20260616_221729.json,.json,996780
backups\prm_gst_backup_20260616_223324.json,.json,1000612
backups\prm_gst_backup_20260617_173610.json,.json,1046094
backups\prm_gst_backup_20260617_183839.json,.json,1047970
backups\prm_gst_backup_20260617_184249.json,.json,1049777
backups\prm_gst_backup_20260617_190712.json,.json,1050871
backups\prm_gst_backup_20260617_194154.json,.json,1051965
backups\prm_gst_backup_20260618_122742.json,.json,1120816
backups\prm_gst_backup_20260618_123029.json,.json,1121844
backups\prm_gst_backup_20260618_123155.json,.json,1353247
backups\prm_gst_backup_20260618_123952.json,.json,1354341
backups\prm_gst_backup_20260618_124812.json,.json,1354703
backups\prm_gst_backup_20260618_125135.json,.json,1362701
backups\prm_gst_backup_20260618_125245.json,.json,1377263
backups\prm_gst_backup_20260618_141951.json,.json,1410839
backups\prm_gst_backup_20260620_212102.json,.json,1523412
backups\prm_gst_backup_20260621_055814.json,.json,1544969
backups\prm_gst_backup_20260621_055937.json,.json,1547228
backups\prm_gst_backup_20260621_063032.json,.json,1550093
backups\prm_gst_backup_20260621_091141.json,.json,1553743
backups\prm_gst_backup_20260621_174810.json,.json,1574362
backups\prm_gst_backup_20260622_084303.json,.json,1575460
backups\prm_gst_backup_20260622_084921.json,.json,1576537
backups\prm_gst_backup_20260622_085002.json,.json,1577648
backups\prm_gst_backup_20260622_085216.json,.json,1580969
backups\prm_gst_backup_20260622_090416.json,.json,1582084
backups\prm_gst_backup_20260622_092947.json,.json,1583161
backups\prm_gst_backup_20260622_095131.json,.json,1585177
backups\prm_gst_backup_20260622_104940.json,.json,1586678
backups\prm_gst_backup_20260622_112016.json,.json,1587772
backups\prm_gst_backup_20260622_145511.json,.json,1589927
backups\prm_gst_backup_20260622_164957.json,.json,1591021
backups\prm_gst_backup_20260624_091825.json,.json,1633644
backups\prm_gst_backup_20260624_091849.json,.json,1634006
backups\prm_gst_backup_20260624_091922.json,.json,1635100
backups\prm_gst_backup_20260624_101438.json,.json,1651064
backups\prm_gst_backup_20260624_114727.json,.json,1660167
backups\prm_gst_backup_20260624_122919.json,.json,1667209
backups\prm_gst_backup_20260624_171400.json,.json,1926512
backups\prm_gst_backup_20260624_173024.json,.json,1929224
backups\prm_gst_backup_20260624_174522.json,.json,1933328
backups\prm_gst_backup_20260624_174705.json,.json,1936042
backups\prm_gst_backup_20260624_180532.json,.json,1945095
backups\prm_gst_backup_20260630_120102.json,.json,2797588
backups\product_packs_20260629_071043\app.css,.css,132201
backups\product_packs_20260629_071043\app.js,.js,129724
backups\product_packs_20260629_071043\index.php,.php,1963721
backups\production_readiness_20260627_115500\app.css,.css,130294
backups\production_readiness_20260627_115500\app.js,.js,130416
backups\production_readiness_20260627_115500\index.php,.php,1955311
backups\production_readiness_20260627_115500\PRODUCTION_READINESS_REPORT.md,.md,4682
backups\qa_full_menu_20260629_081142\app.css,.css,133016
backups\qa_full_menu_20260629_081142\app.js,.js,136441
backups\qa_full_menu_20260629_081142\index.php,.php,2015305
config.example.php,.php,1299
docs\authenticated_smoke_operator_acceptance_20260630.md,.md,4245
docs\backup_restore_dry_run_20260630.md,.md,1976
docs\css_cleanup_nav_20260630.md,.md,3850
docs\customer_delivery_readiness_20260630.md,.md,4590
docs\customer_operator_uat_signoff_20260630.md,.md,3655
docs\dashboard_modernization_dead_code_audit_20260630.md,.md,8912
docs\execution_progress_20260630.md,.md,6486
docs\final_print_audit_20260630.md,.md,3848
docs\installer_temp_install_uninstall_test_20260630.md,.md,2408
docs\mobile_navigation_polish_20260630.md,.md,1765
docs\operator_uat_screenshot_regression_20260630.md,.md,5419
docs\performance_speed_regression_20260701.md,.md,1478
docs\print_layout_a2_regression_20260630.md,.md,4873
docs\product_packs_implementation_report_20260629.md,.md,2264
docs\production_environment_readiness_20260630.md,.md,3181
docs\qa_full_menu_regression_report_20260629.md,.md,3713
docs\regression_test_report_20260630_print_bills.md,.md,10049
docs\release_safety_checklist_20260630.md,.md,2323
exports\backup_restore_dry_run_20260630_164316\backup_restore_dry_run_report.md,.md,3890
exports\backup_restore_dry_run_20260630_164316\backup_restore_dry_run_summary.json,.json,24089
exports\backup_restore_dry_run_20260630_164348\backup_restore_dry_run_report.md,.md,3890
exports\backup_restore_dry_run_20260630_164348\backup_restore_dry_run_summary.json,.json,24089
exports\ca\2026\07\PRM_GST_CA_DECIDE_CA_WORKING_20260701_131708.json,.json,10347
exports\ca\2026\07\PRM_GST_ITR_3_CA_WORKING_20260701_134519.json,.json,10347
exports\ca\2026\07\PRM_GST_ITR_4_CA_WORKING_20260701_134628.json,.json,10347
exports\customer_delivery_readiness_20260630_162443\customer_delivery_readiness_report.md,.md,3580
exports\customer_delivery_readiness_20260630_162443\customer_delivery_readiness_summary.json,.json,7648
exports\customer_delivery_readiness_20260630_162530\customer_delivery_readiness_report.md,.md,3802
exports\customer_delivery_readiness_20260630_162530\customer_delivery_readiness_summary.json,.json,8061
exports\customer_delivery_readiness_20260630_162611\customer_delivery_readiness_report.md,.md,3919
exports\customer_delivery_readiness_20260630_162611\customer_delivery_readiness_summary.json,.json,8369
exports\customer_delivery_readiness_20260630_162728\customer_delivery_readiness_report.md,.md,4041
exports\customer_delivery_readiness_20260630_162728\customer_delivery_readiness_summary.json,.json,8682
exports\customer_delivery_readiness_20260630_163543\customer_delivery_readiness_report.md,.md,4937
exports\customer_delivery_readiness_20260630_163543\customer_delivery_readiness_summary.json,.json,10923
exports\customer_delivery_readiness_20260630_163614\customer_delivery_readiness_report.md,.md,4885
exports\customer_delivery_readiness_20260630_163614\customer_delivery_readiness_summary.json,.json,10871
exports\customer_delivery_readiness_20260630_164433\customer_delivery_readiness_report.md,.md,5463
exports\customer_delivery_readiness_20260630_164433\customer_delivery_readiness_summary.json,.json,12408
exports\customer_delivery_readiness_20260630_165550\customer_delivery_readiness_report.md,.md,5120
exports\customer_delivery_readiness_20260630_165550\customer_delivery_readiness_summary.json,.json,12065
exports\dashboard_refactor_uat_20260702_0725\operator_screenshot_report.md,.md,3497
exports\dashboard_refactor_uat_20260702_0725\summary.json,.json,18958
exports\dashboard_refactor_uat_20260702_0732\operator_screenshot_report.md,.md,3441
exports\dashboard_refactor_uat_20260702_0732\summary.json,.json,18902
exports\dashboard_refactor_uat_20260702_0742\operator_screenshot_report.md,.md,3441
exports\dashboard_refactor_uat_20260702_0742\summary.json,.json,18902
exports\dashboard_refactor_uat_20260702_compact_final\operator_screenshot_report.md,.md,3465
exports\dashboard_refactor_uat_20260702_compact_final\summary.json,.json,18935
exports\dashboard_refactor_uat_20260702_compact_final2\operator_screenshot_report.md,.md,3441
exports\dashboard_refactor_uat_20260702_compact_final2\summary.json,.json,18912
exports\dashboard_refactor_uat_20260702_final\operator_screenshot_report.md,.md,3441
exports\dashboard_refactor_uat_20260702_final\summary.json,.json,18903
exports\dashboard_ui_refactor_client_update_20260702_073718\changed_files_manifest.json,.json,1227
exports\dashboard_ui_refactor_client_update_20260702_073718\files\assets\app.css,.css,187648
exports\dashboard_ui_refactor_client_update_20260702_073718\files\index.php,.php,2150558
exports\dashboard_ui_refactor_client_update_20260702_073718\files\tools\operator_screenshot_regression.js,.js,13412
exports\dashboard_ui_refactor_client_update_20260702_073718\README_CLIENT_MIGRATION.txt,.txt,1323
exports\installer_temp_test_20260630_171143\live_backup_before_installer_test.txt,.txt,144
exports\installer_temp_test_20260630_171143\processes_before.json,.json,385
exports\installer_temp_test_20260630_171143\ProgramData_PRM_GST\config.php,.php,3531
exports\installer_temp_test_20260630_171143\ProgramData_PRM_GST\legacy-local-credentials\credentials to login portal.txt,.txt,134
exports\installer_temp_test_20260630_171143\ProgramData_PRM_GST\legacy-local-credentials\key.txt,.txt,134
exports\installer_temp_test_20260630_171143\registry_before_hkcu.txt,.txt,50
exports\installer_temp_test_20260630_171143\registry_before_hklm.txt,.txt,50
exports\installer_temp_test_20260630_171143\test_state.json,.json,1356
exports\installer_temp_test_20260630_172228\install_checks_direct.json,.json,1006
exports\installer_temp_test_20260630_172228\install_command_sanitized.txt,.txt,369
exports\installer_temp_test_20260630_172228\install_error.txt,.txt,34
exports\installer_temp_test_20260630_172228\install_exit_code.txt,.txt,3
exports\installer_temp_test_20260630_172228\live_backup_before_installer_test.txt,.txt,144
exports\installer_temp_test_20260630_172228\processes_before.json,.json,385
exports\installer_temp_test_20260630_172228\ProgramData_PRM_GST\config.php,.php,3531
exports\installer_temp_test_20260630_172228\ProgramData_PRM_GST\legacy-local-credentials\credentials to login portal.txt,.txt,134
exports\installer_temp_test_20260630_172228\ProgramData_PRM_GST\legacy-local-credentials\key.txt,.txt,134
exports\installer_temp_test_20260630_172228\ProgramData_PRM_GST_after_uninstall\config.php,.php,605
exports\installer_temp_test_20260630_172228\ProgramData_PRM_GST_after_uninstall\install-state.json,.json,697
exports\installer_temp_test_20260630_172228\ProgramData_PRM_GST_after_uninstall\logs\installation_report.txt,.txt,675
exports\installer_temp_test_20260630_172228\registry_before_note.txt,.txt,99
exports\installer_temp_test_20260630_172228\test_state.json,.json,1458
exports\installer_temp_test_20260630_172228\uninstall_checks.json,.json,632
exports\installer_temp_test_20260630_172228\uninstall_command.txt,.txt,140
exports\installer_temp_test_20260630_172228\uninstall_exit_code.txt,.txt,3
exports\installer_temp_test_20260630_172228\uninstall_result.txt,.txt,21
exports\installer_temp_test_20260630_174055\failed_cleanup_checks.json,.json,464
exports\installer_temp_test_20260630_174055\failed_cleanup_uninstall_exit_code.txt,.txt,3
exports\installer_temp_test_20260630_174055\install_command_sanitized.txt,.txt,369
exports\installer_temp_test_20260630_174055\install_error.txt,.txt,32
exports\installer_temp_test_20260630_174055\install_exit_code.txt,.txt,0
exports\installer_temp_test_20260630_174055\live_backup_before_installer_test.txt,.txt,144
exports\installer_temp_test_20260630_174055\processes_before.json,.json,386
exports\installer_temp_test_20260630_174055\ProgramData_current_before_failed_cleanup\config.php,.php,3531
exports\installer_temp_test_20260630_174055\ProgramData_current_before_failed_cleanup\legacy-local-credentials\credentials to login portal.txt,.txt,134
exports\installer_temp_test_20260630_174055\ProgramData_current_before_failed_cleanup\legacy-local-credentials\key.txt,.txt,134
exports\installer_temp_test_20260630_174055\ProgramData_PRM_GST\config.php,.php,3531
exports\installer_temp_test_20260630_174055\ProgramData_PRM_GST\legacy-local-credentials\credentials to login portal.txt,.txt,134
exports\installer_temp_test_20260630_174055\ProgramData_PRM_GST\legacy-local-credentials\key.txt,.txt,134
exports\installer_temp_test_20260630_174055\test_state.json,.json,1458
exports\installer_temp_test_20260630_174501\install_checks_direct.json,.json,754
exports\installer_temp_test_20260630_174501\install_command_sanitized.txt,.txt,369
exports\installer_temp_test_20260630_174501\install_result.txt,.txt,28
exports\installer_temp_test_20260630_174501\live_backup_before_installer_test.txt,.txt,144
exports\installer_temp_test_20260630_174501\ProgramData_PRM_GST\config.php,.php,3531
exports\installer_temp_test_20260630_174501\ProgramData_PRM_GST\legacy-local-credentials\credentials to login portal.txt,.txt,134
exports\installer_temp_test_20260630_174501\ProgramData_PRM_GST\legacy-local-credentials\key.txt,.txt,134
exports\installer_temp_test_20260630_174501\test_state.json,.json,1458
exports\installer_temp_test_20260630_174501\uninstall_checks.json,.json,886
exports\installer_temp_test_20260630_174501\uninstall_exit_code.txt,.txt,3
exports\operator_acceptance_20260630102148\operator_acceptance_report.md,.md,1771
exports\operator_acceptance_20260630102148\summary.json,.json,9355
exports\operator_uat_live_20260630094405\operator_live_uat_report.md,.md,2360
exports\operator_uat_live_20260630094405\summary.json,.json,22849
exports\operator_uat_live_20260630094639\operator_live_uat_report.md,.md,2302
exports\operator_uat_live_20260630094639\summary.json,.json,15563
exports\operator_uat_live_20260630094849\operator_live_uat_report.md,.md,2224
exports\operator_uat_live_20260630094849\summary.json,.json,15417
exports\operator_uat_live_20260630095317\operator_live_uat_report.md,.md,2224
exports\operator_uat_live_20260630095317\summary.json,.json,15417
exports\operator_uat_noauth_smoke_20260630\operator_screenshot_report.md,.md,3345
exports\operator_uat_noauth_smoke_20260630\summary.json,.json,10836
exports\operator_uat_wrapper_noauth_202606301554\operator_screenshot_report.md,.md,3345
exports\operator_uat_wrapper_noauth_202606301554\summary.json,.json,10842
exports\print_surface_audit_20260630103236\print_surface_audit_report.md,.md,2722
exports\print_surface_audit_20260630103236\summary.json,.json,24129
exports\print_surface_audit_20260630103641\print_surface_audit_report.md,.md,1930
exports\print_surface_audit_20260630103641\summary.json,.json,14082
exports\production_environment_readiness_20260630_163313\production_environment_readiness_report.md,.md,3998
exports\production_environment_readiness_20260630_163313\production_environment_readiness_summary.json,.json,16194
exports\production_environment_readiness_20260630_163447\production_environment_readiness_report.md,.md,3821
exports\production_environment_readiness_20260630_163447\production_environment_readiness_summary.json,.json,16011
exports\production_environment_readiness_20260630_163736\production_environment_readiness_report.md,.md,4013
exports\production_environment_readiness_20260630_163736\production_environment_readiness_summary.json,.json,16585
index.php,.php,2150558
license_public_key.txt,.txt,451
logs\dashboard_link_check_cookie.txt,.txt,209
logs\release_smoke_cookie.txt,.txt,209
logs\release_smoke_credentials.json,.json,198
node_modules\.pnpm\@img+colour@1.1.0\node_modules\@img\colour\LICENSE.md,.md,4433
node_modules\.pnpm\@img+colour@1.1.0\node_modules\@img\colour\package.json,.json,1515
node_modules\.pnpm\@img+colour@1.1.0\node_modules\@img\colour\README.md,.md,562
node_modules\.pnpm\@img+sharp-win32-x64@0.34.5\node_modules\@img\sharp-win32-x64\package.json,.json,908
node_modules\.pnpm\@img+sharp-win32-x64@0.34.5\node_modules\@img\sharp-win32-x64\README.md,.md,4899
node_modules\.pnpm\@img+sharp-win32-x64@0.34.5\node_modules\@img\sharp-win32-x64\versions.json,.json,594
node_modules\.pnpm\@napi-rs+canvas-win32-x64-msvc@0.1.100\node_modules\@napi-rs\canvas-win32-x64-msvc\package.json,.json,812
node_modules\.pnpm\@napi-rs+canvas-win32-x64-msvc@0.1.100\node_modules\@napi-rs\canvas-win32-x64-msvc\README.md,.md,104
node_modules\.pnpm\@napi-rs+canvas@0.1.100\node_modules\@napi-rs\canvas\geometry.js,.js,19312
node_modules\.pnpm\@napi-rs+canvas@0.1.100\node_modules\@napi-rs\canvas\index.js,.js,5808
node_modules\.pnpm\@napi-rs+canvas@0.1.100\node_modules\@napi-rs\canvas\js-binding.js,.js,12799
node_modules\.pnpm\@napi-rs+canvas@0.1.100\node_modules\@napi-rs\canvas\load-image.js,.js,5736
node_modules\.pnpm\@napi-rs+canvas@0.1.100\node_modules\@napi-rs\canvas\node-canvas.js,.js,11906
node_modules\.pnpm\@napi-rs+canvas@0.1.100\node_modules\@napi-rs\canvas\package.json,.json,4651
node_modules\.pnpm\@napi-rs+canvas@0.1.100\node_modules\@napi-rs\canvas\README.md,.md,20941
node_modules\.pnpm\@napi-rs+canvas@0.1.100\node_modules\@napi-rs\canvas-win32-x64-msvc\package.json,.json,812
node_modules\.pnpm\@napi-rs+canvas@0.1.100\node_modules\@napi-rs\canvas-win32-x64-msvc\README.md,.md,104
node_modules\.pnpm\@oai+artifact-tool@file+loc_355352c5da6bea788b63663dc32716cc\node_modules\@oai\artifact-tool\LICENSE.md,.md,1326
node_modules\.pnpm\@oai+artifact-tool@file+loc_355352c5da6bea788b63663dc32716cc\node_modules\@oai\artifact-tool\node_modules\.pnpm-workspace-state-v1.json,.json,1051
node_modules\.pnpm\@oai+artifact-tool@file+loc_355352c5da6bea788b63663dc32716cc\node_modules\@oai\artifact-tool\node_modules\@oai\walnut\package.json,.json,143
node_modules\.pnpm\@oai+artifact-tool@file+loc_355352c5da6bea788b63663dc32716cc\node_modules\@oai\artifact-tool\node_modules\@oai\walnut\wasm\blazor.boot.json,.json,6319
node_modules\.pnpm\@oai+artifact-tool@file+loc_355352c5da6bea788b63663dc32716cc\node_modules\@oai\artifact-tool\node_modules\@oai\walnut\wasm\dotnet.js,.js,40677
node_modules\.pnpm\@oai+artifact-tool@file+loc_355352c5da6bea788b63663dc32716cc\node_modules\@oai\artifact-tool\node_modules\@oai\walnut\wasm\dotnet.native.mp1m61iod5.js,.js,123134
node_modules\.pnpm\@oai+artifact-tool@file+loc_355352c5da6bea788b63663dc32716cc\node_modules\@oai\artifact-tool\node_modules\@oai\walnut\wasm\dotnet.runtime.opaiwunc3t.js,.js,194767
node_modules\.pnpm\@oai+artifact-tool@file+loc_355352c5da6bea788b63663dc32716cc\node_modules\@oai\artifact-tool\node_modules\agent-base\dist\helpers.js,.js,2314
node_modules\.pnpm\@oai+artifact-tool@file+loc_355352c5da6bea788b63663dc32716cc\node_modules\@oai\artifact-tool\node_modules\agent-base\dist\index.js,.js,7324
node_modules\.pnpm\@oai+artifact-tool@file+loc_355352c5da6bea788b63663dc32716cc\node_modules\@oai\artifact-tool\node_modules\agent-base\package.json,.json,1059
node_modules\.pnpm\@oai+artifact-tool@file+loc_355352c5da6bea788b63663dc32716cc\node_modules\@oai\artifact-tool\node_modules\agent-base\README.md,.md,2459
node_modules\.pnpm\@oai+artifact-tool@file+loc_355352c5da6bea788b63663dc32716cc\node_modules\@oai\artifact-tool\node_modules\debug\package.json,.json,1479
node_modules\.pnpm\@oai+artifact-tool@file+loc_355352c5da6bea788b63663dc32716cc\node_modules\@oai\artifact-tool\node_modules\debug\README.md,.md,22115
node_modules\.pnpm\@oai+artifact-tool@file+loc_355352c5da6bea788b63663dc32716cc\node_modules\@oai\artifact-tool\node_modules\debug\src\browser.js,.js,6103
node_modules\.pnpm\@oai+artifact-tool@file+loc_355352c5da6bea788b63663dc32716cc\node_modules\@oai\artifact-tool\node_modules\debug\src\common.js,.js,6915
node_modules\.pnpm\@oai+artifact-tool@file+loc_355352c5da6bea788b63663dc32716cc\node_modules\@oai\artifact-tool\node_modules\debug\src\index.js,.js,314
node_modules\.pnpm\@oai+artifact-tool@file+loc_355352c5da6bea788b63663dc32716cc\node_modules\@oai\artifact-tool\node_modules\debug\src\node.js,.js,4728
node_modules\.pnpm\@oai+artifact-tool@file+loc_355352c5da6bea788b63663dc32716cc\node_modules\@oai\artifact-tool\node_modules\detect-libc\lib\detect-libc.js,.js,7503
node_modules\.pnpm\@oai+artifact-tool@file+loc_355352c5da6bea788b63663dc32716cc\node_modules\@oai\artifact-tool\node_modules\detect-libc\lib\elf.js,.js,982
node_modules\.pnpm\@oai+artifact-tool@file+loc_355352c5da6bea788b63663dc32716cc\node_modules\@oai\artifact-tool\node_modules\detect-libc\lib\filesystem.js,.js,1097
node_modules\.pnpm\@oai+artifact-tool@file+loc_355352c5da6bea788b63663dc32716cc\node_modules\@oai\artifact-tool\node_modules\detect-libc\lib\process.js,.js,569
node_modules\.pnpm\@oai+artifact-tool@file+loc_355352c5da6bea788b63663dc32716cc\node_modules\@oai\artifact-tool\node_modules\detect-libc\package.json,.json,1278
node_modules\.pnpm\@oai+artifact-tool@file+loc_355352c5da6bea788b63663dc32716cc\node_modules\@oai\artifact-tool\node_modules\detect-libc\README.md,.md,3215
node_modules\.pnpm\@oai+artifact-tool@file+loc_355352c5da6bea788b63663dc32716cc\node_modules\@oai\artifact-tool\node_modules\follow-redirects\debug.js,.js,315
node_modules\.pnpm\@oai+artifact-tool@file+loc_355352c5da6bea788b63663dc32716cc\node_modules\@oai\artifact-tool\node_modules\follow-redirects\http.js,.js,37
node_modules\.pnpm\@oai+artifact-tool@file+loc_355352c5da6bea788b63663dc32716cc\node_modules\@oai\artifact-tool\node_modules\follow-redirects\https.js,.js,38
node_modules\.pnpm\@oai+artifact-tool@file+loc_355352c5da6bea788b63663dc32716cc\node_modules\@oai\artifact-tool\node_modules\follow-redirects\index.js,.js,21194
node_modules\.pnpm\@oai+artifact-tool@file+loc_355352c5da6bea788b63663dc32716cc\node_modules\@oai\artifact-tool\node_modules\follow-redirects\package.json,.json,1289
node_modules\.pnpm\@oai+artifact-tool@file+loc_355352c5da6bea788b63663dc32716cc\node_modules\@oai\artifact-tool\node_modules\follow-redirects\README.md,.md,6605
node_modules\.pnpm\@oai+artifact-tool@file+loc_355352c5da6bea788b63663dc32716cc\node_modules\@oai\artifact-tool\node_modules\https-proxy-agent\dist\index.js,.js,7451
node_modules\.pnpm\@oai+artifact-tool@file+loc_355352c5da6bea788b63663dc32716cc\node_modules\@oai\artifact-tool\node_modules\https-proxy-agent\dist\parse-proxy-response.js,.js,3908
node_modules\.pnpm\@oai+artifact-tool@file+loc_355352c5da6bea788b63663dc32716cc\node_modules\@oai\artifact-tool\node_modules\https-proxy-agent\package.json,.json,1223
node_modules\.pnpm\@oai+artifact-tool@file+loc_355352c5da6bea788b63663dc32716cc\node_modules\@oai\artifact-tool\node_modules\https-proxy-agent\README.md,.md,2172
node_modules\.pnpm\@oai+artifact-tool@file+loc_355352c5da6bea788b63663dc32716cc\node_modules\@oai\artifact-tool\node_modules\ms\index.js,.js,3024
node_modules\.pnpm\@oai+artifact-tool@file+loc_355352c5da6bea788b63663dc32716cc\node_modules\@oai\artifact-tool\node_modules\ms\license.md,.md,1079
node_modules\.pnpm\@oai+artifact-tool@file+loc_355352c5da6bea788b63663dc32716cc\node_modules\@oai\artifact-tool\node_modules\ms\package.json,.json,732
node_modules\.pnpm\@oai+artifact-tool@file+loc_355352c5da6bea788b63663dc32716cc\node_modules\@oai\artifact-tool\node_modules\ms\readme.md,.md,1886
node_modules\.pnpm\@oai+artifact-tool@file+loc_355352c5da6bea788b63663dc32716cc\node_modules\@oai\artifact-tool\node_modules\parenthesis\index.js,.js,3022
node_modules\.pnpm\@oai+artifact-tool@file+loc_355352c5da6bea788b63663dc32716cc\node_modules\@oai\artifact-tool\node_modules\parenthesis\package.json,.json,932
node_modules\.pnpm\@oai+artifact-tool@file+loc_355352c5da6bea788b63663dc32716cc\node_modules\@oai\artifact-tool\node_modules\parenthesis\README.md,.md,1501
node_modules\.pnpm\@oai+artifact-tool@file+loc_355352c5da6bea788b63663dc32716cc\node_modules\@oai\artifact-tool\node_modules\skia-canvas\lib\browser.js,.js,8535
node_modules\.pnpm\@oai+artifact-tool@file+loc_355352c5da6bea788b63663dc32716cc\node_modules\@oai\artifact-tool\node_modules\skia-canvas\lib\classes\canvas.js,.js,11077
node_modules\.pnpm\@oai+artifact-tool@file+loc_355352c5da6bea788b63663dc32716cc\node_modules\@oai\artifact-tool\node_modules\skia-canvas\lib\classes\context.js,.js,12819
node_modules\.pnpm\@oai+artifact-tool@file+loc_355352c5da6bea788b63663dc32716cc\node_modules\@oai\artifact-tool\node_modules\skia-canvas\lib\classes\css.js,.js,12684
node_modules\.pnpm\@oai+artifact-tool@file+loc_355352c5da6bea788b63663dc32716cc\node_modules\@oai\artifact-tool\node_modules\skia-canvas\lib\classes\geometry.js,.js,24574
node_modules\.pnpm\@oai+artifact-tool@file+loc_355352c5da6bea788b63663dc32716cc\node_modules\@oai\artifact-tool\node_modules\skia-canvas\lib\classes\gui.js,.js,10703
node_modules\.pnpm\@oai+artifact-tool@file+loc_355352c5da6bea788b63663dc32716cc\node_modules\@oai\artifact-tool\node_modules\skia-canvas\lib\classes\imagery.js,.js,7853
node_modules\.pnpm\@oai+artifact-tool@file+loc_355352c5da6bea788b63663dc32716cc\node_modules\@oai\artifact-tool\node_modules\skia-canvas\lib\classes\neon.js,.js,2957
node_modules\.pnpm\@oai+artifact-tool@file+loc_355352c5da6bea788b63663dc32716cc\node_modules\@oai\artifact-tool\node_modules\skia-canvas\lib\classes\path.js,.js,3910
node_modules\.pnpm\@oai+artifact-tool@file+loc_355352c5da6bea788b63663dc32716cc\node_modules\@oai\artifact-tool\node_modules\skia-canvas\lib\classes\typography.js,.js,1106
node_modules\.pnpm\@oai+artifact-tool@file+loc_355352c5da6bea788b63663dc32716cc\node_modules\@oai\artifact-tool\node_modules\skia-canvas\lib\index.js,.js,761
node_modules\.pnpm\@oai+artifact-tool@file+loc_355352c5da6bea788b63663dc32716cc\node_modules\@oai\artifact-tool\node_modules\skia-canvas\lib\urls.js,.js,2234
node_modules\.pnpm\@oai+artifact-tool@file+loc_355352c5da6bea788b63663dc32716cc\node_modules\@oai\artifact-tool\node_modules\skia-canvas\package.json,.json,2528
node_modules\.pnpm\@oai+artifact-tool@file+loc_355352c5da6bea788b63663dc32716cc\node_modules\@oai\artifact-tool\node_modules\skia-canvas\README.md,.md,26151
node_modules\.pnpm\@oai+artifact-tool@file+loc_355352c5da6bea788b63663dc32716cc\node_modules\@oai\artifact-tool\node_modules\string-split-by\.eslintrc.json,.json,1295
node_modules\.pnpm\@oai+artifact-tool@file+loc_355352c5da6bea788b63663dc32716cc\node_modules\@oai\artifact-tool\node_modules\string-split-by\index.js,.js,1422
node_modules\.pnpm\@oai+artifact-tool@file+loc_355352c5da6bea788b63663dc32716cc\node_modules\@oai\artifact-tool\node_modules\string-split-by\package.json,.json,757
node_modules\.pnpm\@oai+artifact-tool@file+loc_355352c5da6bea788b63663dc32716cc\node_modules\@oai\artifact-tool\node_modules\string-split-by\readme.md,.md,1434
node_modules\.pnpm\@oai+artifact-tool@file+loc_355352c5da6bea788b63663dc32716cc\node_modules\@oai\artifact-tool\node_modules\string-split-by\test.js,.js,5797
node_modules\.pnpm\@oai+artifact-tool@file+loc_355352c5da6bea788b63663dc32716cc\node_modules\@oai\artifact-tool\package.json,.json,684
node_modules\.pnpm\@pdf-lib+standard-fonts@1.0.0\node_modules\@pdf-lib\standard-fonts\dist\standard-fonts.js,.js,359988
node_modules\.pnpm\@pdf-lib+standard-fonts@1.0.0\node_modules\@pdf-lib\standard-fonts\dist\standard-fonts.min.js,.js,174722
node_modules\.pnpm\@pdf-lib+standard-fonts@1.0.0\node_modules\@pdf-lib\standard-fonts\es\all-encodings.compressed.json,.json,6083
node_modules\.pnpm\@pdf-lib+standard-fonts@1.0.0\node_modules\@pdf-lib\standard-fonts\es\Courier-Bold.compressed.json,.json,2091
node_modules\.pnpm\@pdf-lib+standard-fonts@1.0.0\node_modules\@pdf-lib\standard-fonts\es\Courier-BoldOblique.compressed.json,.json,2103
node_modules\.pnpm\@pdf-lib+standard-fonts@1.0.0\node_modules\@pdf-lib\standard-fonts\es\Courier-Oblique.compressed.json,.json,2099
node_modules\.pnpm\@pdf-lib+standard-fonts@1.0.0\node_modules\@pdf-lib\standard-fonts\es\Courier.compressed.json,.json,2083
node_modules\.pnpm\@pdf-lib+standard-fonts@1.0.0\node_modules\@pdf-lib\standard-fonts\es\Encoding.js,.js,1522
node_modules\.pnpm\@pdf-lib+standard-fonts@1.0.0\node_modules\@pdf-lib\standard-fonts\es\Font.js,.js,3707
node_modules\.pnpm\@pdf-lib+standard-fonts@1.0.0\node_modules\@pdf-lib\standard-fonts\es\Helvetica-Bold.compressed.json,.json,14119
node_modules\.pnpm\@pdf-lib+standard-fonts@1.0.0\node_modules\@pdf-lib\standard-fonts\es\Helvetica-BoldOblique.compressed.json,.json,14139
node_modules\.pnpm\@pdf-lib+standard-fonts@1.0.0\node_modules\@pdf-lib\standard-fonts\es\Helvetica-Oblique.compressed.json,.json,14923
node_modules\.pnpm\@pdf-lib+standard-fonts@1.0.0\node_modules\@pdf-lib\standard-fonts\es\Helvetica.compressed.json,.json,14907
node_modules\.pnpm\@pdf-lib+standard-fonts@1.0.0\node_modules\@pdf-lib\standard-fonts\es\index.js,.js,52
node_modules\.pnpm\@pdf-lib+standard-fonts@1.0.0\node_modules\@pdf-lib\standard-fonts\es\Symbol.compressed.json,.json,2055
node_modules\.pnpm\@pdf-lib+standard-fonts@1.0.0\node_modules\@pdf-lib\standard-fonts\es\Times-Bold.compressed.json,.json,13099
node_modules\.pnpm\@pdf-lib+standard-fonts@1.0.0\node_modules\@pdf-lib\standard-fonts\es\Times-BoldItalic.compressed.json,.json,12135
node_modules\.pnpm\@pdf-lib+standard-fonts@1.0.0\node_modules\@pdf-lib\standard-fonts\es\Times-Italic.compressed.json,.json,13395
node_modules\.pnpm\@pdf-lib+standard-fonts@1.0.0\node_modules\@pdf-lib\standard-fonts\es\Times-Roman.compressed.json,.json,12511
node_modules\.pnpm\@pdf-lib+standard-fonts@1.0.0\node_modules\@pdf-lib\standard-fonts\es\utils.js,.js,1950
node_modules\.pnpm\@pdf-lib+standard-fonts@1.0.0\node_modules\@pdf-lib\standard-fonts\es\ZapfDingbats.compressed.json,.json,1659
node_modules\.pnpm\@pdf-lib+standard-fonts@1.0.0\node_modules\@pdf-lib\standard-fonts\lib\all-encodings.compressed.json,.json,6083
node_modules\.pnpm\@pdf-lib+standard-fonts@1.0.0\node_modules\@pdf-lib\standard-fonts\lib\Courier-Bold.compressed.json,.json,2091
node_modules\.pnpm\@pdf-lib+standard-fonts@1.0.0\node_modules\@pdf-lib\standard-fonts\lib\Courier-BoldOblique.compressed.json,.json,2103
node_modules\.pnpm\@pdf-lib+standard-fonts@1.0.0\node_modules\@pdf-lib\standard-fonts\lib\Courier-Oblique.compressed.json,.json,2099
node_modules\.pnpm\@pdf-lib+standard-fonts@1.0.0\node_modules\@pdf-lib\standard-fonts\lib\Courier.compressed.json,.json,2083
node_modules\.pnpm\@pdf-lib+standard-fonts@1.0.0\node_modules\@pdf-lib\standard-fonts\lib\Encoding.js,.js,1779
node_modules\.pnpm\@pdf-lib+standard-fonts@1.0.0\node_modules\@pdf-lib\standard-fonts\lib\Font.js,.js,4584
node_modules\.pnpm\@pdf-lib+standard-fonts@1.0.0\node_modules\@pdf-lib\standard-fonts\lib\Helvetica-Bold.compressed.json,.json,14119
node_modules\.pnpm\@pdf-lib+standard-fonts@1.0.0\node_modules\@pdf-lib\standard-fonts\lib\Helvetica-BoldOblique.compressed.json,.json,14139
node_modules\.pnpm\@pdf-lib+standard-fonts@1.0.0\node_modules\@pdf-lib\standard-fonts\lib\Helvetica-Oblique.compressed.json,.json,14923
node_modules\.pnpm\@pdf-lib+standard-fonts@1.0.0\node_modules\@pdf-lib\standard-fonts\lib\Helvetica.compressed.json,.json,14907
node_modules\.pnpm\@pdf-lib+standard-fonts@1.0.0\node_modules\@pdf-lib\standard-fonts\lib\index.js,.js,236
node_modules\.pnpm\@pdf-lib+standard-fonts@1.0.0\node_modules\@pdf-lib\standard-fonts\lib\Symbol.compressed.json,.json,2055
node_modules\.pnpm\@pdf-lib+standard-fonts@1.0.0\node_modules\@pdf-lib\standard-fonts\lib\Times-Bold.compressed.json,.json,13099
node_modules\.pnpm\@pdf-lib+standard-fonts@1.0.0\node_modules\@pdf-lib\standard-fonts\lib\Times-BoldItalic.compressed.json,.json,12135
node_modules\.pnpm\@pdf-lib+standard-fonts@1.0.0\node_modules\@pdf-lib\standard-fonts\lib\Times-Italic.compressed.json,.json,13395
node_modules\.pnpm\@pdf-lib+standard-fonts@1.0.0\node_modules\@pdf-lib\standard-fonts\lib\Times-Roman.compressed.json,.json,12511
node_modules\.pnpm\@pdf-lib+standard-fonts@1.0.0\node_modules\@pdf-lib\standard-fonts\lib\utils.js,.js,2197
node_modules\.pnpm\@pdf-lib+standard-fonts@1.0.0\node_modules\@pdf-lib\standard-fonts\lib\ZapfDingbats.compressed.json,.json,1659
node_modules\.pnpm\@pdf-lib+standard-fonts@1.0.0\node_modules\@pdf-lib\standard-fonts\LICENSE.md,.md,1070
node_modules\.pnpm\@pdf-lib+standard-fonts@1.0.0\node_modules\@pdf-lib\standard-fonts\package.json,.json,1588
node_modules\.pnpm\@pdf-lib+standard-fonts@1.0.0\node_modules\@pdf-lib\standard-fonts\README.md,.md,2852
node_modules\.pnpm\@pdf-lib+standard-fonts@1.0.0\node_modules\pako\CHANGELOG.md,.md,4138
node_modules\.pnpm\@pdf-lib+standard-fonts@1.0.0\node_modules\pako\dist\pako.js,.js,221496
node_modules\.pnpm\@pdf-lib+standard-fonts@1.0.0\node_modules\pako\dist\pako.min.js,.js,45988
node_modules\.pnpm\@pdf-lib+standard-fonts@1.0.0\node_modules\pako\dist\pako_deflate.js,.js,128125
node_modules\.pnpm\@pdf-lib+standard-fonts@1.0.0\node_modules\pako\dist\pako_deflate.min.js,.js,27503
node_modules\.pnpm\@pdf-lib+standard-fonts@1.0.0\node_modules\pako\dist\pako_inflate.js,.js,108583
node_modules\.pnpm\@pdf-lib+standard-fonts@1.0.0\node_modules\pako\dist\pako_inflate.min.js,.js,22682
node_modules\.pnpm\@pdf-lib+standard-fonts@1.0.0\node_modules\pako\index.js,.js,347
node_modules\.pnpm\@pdf-lib+standard-fonts@1.0.0\node_modules\pako\lib\deflate.js,.js,11074
node_modules\.pnpm\@pdf-lib+standard-fonts@1.0.0\node_modules\pako\lib\inflate.js,.js,12412
node_modules\.pnpm\@pdf-lib+standard-fonts@1.0.0\node_modules\pako\lib\utils\common.js,.js,2444
node_modules\.pnpm\@pdf-lib+standard-fonts@1.0.0\node_modules\pako\lib\utils\strings.js,.js,5293
node_modules\.pnpm\@pdf-lib+standard-fonts@1.0.0\node_modules\pako\lib\zlib\adler32.js,.js,1656
node_modules\.pnpm\@pdf-lib+standard-fonts@1.0.0\node_modules\pako\lib\zlib\constants.js,.js,2312
node_modules\.pnpm\@pdf-lib+standard-fonts@1.0.0\node_modules\pako\lib\zlib\crc32.js,.js,1750
node_modules\.pnpm\@pdf-lib+standard-fonts@1.0.0\node_modules\pako\lib\zlib\deflate.js,.js,61184
node_modules\.pnpm\@pdf-lib+standard-fonts@1.0.0\node_modules\pako\lib\zlib\gzheader.js,.js,2240
node_modules\.pnpm\@pdf-lib+standard-fonts@1.0.0\node_modules\pako\lib\zlib\inffast.js,.js,12668
node_modules\.pnpm\@pdf-lib+standard-fonts@1.0.0\node_modules\pako\lib\zlib\inflate.js,.js,50284
node_modules\.pnpm\@pdf-lib+standard-fonts@1.0.0\node_modules\pako\lib\zlib\inftrees.js,.js,12500
node_modules\.pnpm\@pdf-lib+standard-fonts@1.0.0\node_modules\pako\lib\zlib\messages.js,.js,1538
node_modules\.pnpm\@pdf-lib+standard-fonts@1.0.0\node_modules\pako\lib\zlib\trees.js,.js,39879
node_modules\.pnpm\@pdf-lib+standard-fonts@1.0.0\node_modules\pako\lib\zlib\zstream.js,.js,1811
node_modules\.pnpm\@pdf-lib+standard-fonts@1.0.0\node_modules\pako\package.json,.json,1026
node_modules\.pnpm\@pdf-lib+standard-fonts@1.0.0\node_modules\pako\README.md,.md,6066
node_modules\.pnpm\@pdf-lib+upng@1.0.1\node_modules\@pdf-lib\upng\cjs\UPNG.js,.js,54151
node_modules\.pnpm\@pdf-lib+upng@1.0.1\node_modules\@pdf-lib\upng\dist\UPNG.js,.js,269521
node_modules\.pnpm\@pdf-lib+upng@1.0.1\node_modules\@pdf-lib\upng\dist\UPNG.min.js,.js,269521
node_modules\.pnpm\@pdf-lib+upng@1.0.1\node_modules\@pdf-lib\upng\package.json,.json,1493
node_modules\.pnpm\@pdf-lib+upng@1.0.1\node_modules\@pdf-lib\upng\README.md,.md,7328
node_modules\.pnpm\@pdf-lib+upng@1.0.1\node_modules\@pdf-lib\upng\UPNG.js,.js,42677
node_modules\.pnpm\@pdf-lib+upng@1.0.1\node_modules\pako\CHANGELOG.md,.md,4138
node_modules\.pnpm\@pdf-lib+upng@1.0.1\node_modules\pako\dist\pako.js,.js,221496
node_modules\.pnpm\@pdf-lib+upng@1.0.1\node_modules\pako\dist\pako.min.js,.js,45988
node_modules\.pnpm\@pdf-lib+upng@1.0.1\node_modules\pako\dist\pako_deflate.js,.js,128125
node_modules\.pnpm\@pdf-lib+upng@1.0.1\node_modules\pako\dist\pako_deflate.min.js,.js,27503
node_modules\.pnpm\@pdf-lib+upng@1.0.1\node_modules\pako\dist\pako_inflate.js,.js,108583
node_modules\.pnpm\@pdf-lib+upng@1.0.1\node_modules\pako\dist\pako_inflate.min.js,.js,22682
node_modules\.pnpm\@pdf-lib+upng@1.0.1\node_modules\pako\index.js,.js,347
node_modules\.pnpm\@pdf-lib+upng@1.0.1\node_modules\pako\lib\deflate.js,.js,11074
node_modules\.pnpm\@pdf-lib+upng@1.0.1\node_modules\pako\lib\inflate.js,.js,12412
node_modules\.pnpm\@pdf-lib+upng@1.0.1\node_modules\pako\lib\utils\common.js,.js,2444
node_modules\.pnpm\@pdf-lib+upng@1.0.1\node_modules\pako\lib\utils\strings.js,.js,5293
node_modules\.pnpm\@pdf-lib+upng@1.0.1\node_modules\pako\lib\zlib\adler32.js,.js,1656
node_modules\.pnpm\@pdf-lib+upng@1.0.1\node_modules\pako\lib\zlib\constants.js,.js,2312
node_modules\.pnpm\@pdf-lib+upng@1.0.1\node_modules\pako\lib\zlib\crc32.js,.js,1750
node_modules\.pnpm\@pdf-lib+upng@1.0.1\node_modules\pako\lib\zlib\deflate.js,.js,61184
node_modules\.pnpm\@pdf-lib+upng@1.0.1\node_modules\pako\lib\zlib\gzheader.js,.js,2240
node_modules\.pnpm\@pdf-lib+upng@1.0.1\node_modules\pako\lib\zlib\inffast.js,.js,12668
node_modules\.pnpm\@pdf-lib+upng@1.0.1\node_modules\pako\lib\zlib\inflate.js,.js,50284
node_modules\.pnpm\@pdf-lib+upng@1.0.1\node_modules\pako\lib\zlib\inftrees.js,.js,12500
node_modules\.pnpm\@pdf-lib+upng@1.0.1\node_modules\pako\lib\zlib\messages.js,.js,1538
node_modules\.pnpm\@pdf-lib+upng@1.0.1\node_modules\pako\lib\zlib\trees.js,.js,39879
node_modules\.pnpm\@pdf-lib+upng@1.0.1\node_modules\pako\lib\zlib\zstream.js,.js,1811
node_modules\.pnpm\@pdf-lib+upng@1.0.1\node_modules\pako\package.json,.json,1026
node_modules\.pnpm\@pdf-lib+upng@1.0.1\node_modules\pako\README.md,.md,6066
node_modules\.pnpm\@types+node@22.20.0\node_modules\@types\node\package.json,.json,4274
node_modules\.pnpm\@types+node@22.20.0\node_modules\@types\node\README.md,.md,1541
node_modules\.pnpm\@types+node@22.20.0\node_modules\undici-types\package.json,.json,1193
node_modules\.pnpm\@types+node@22.20.0\node_modules\undici-types\README.md,.md,455
node_modules\.pnpm\@types+node@25.9.4\node_modules\@types\node\package.json,.json,4518
node_modules\.pnpm\@types+node@25.9.4\node_modules\@types\node\README.md,.md,1586
node_modules\.pnpm\@types+node@25.9.4\node_modules\undici-types\package.json,.json,1193
node_modules\.pnpm\@types+node@25.9.4\node_modules\undici-types\README.md,.md,455
node_modules\.pnpm\@viz-js+viz@3.25.0\node_modules\@viz-js\viz\dist\viz-global.js,.js,1446627
node_modules\.pnpm\@viz-js+viz@3.25.0\node_modules\@viz-js\viz\dist\viz.js,.js,1478450
node_modules\.pnpm\@viz-js+viz@3.25.0\node_modules\@viz-js\viz\lib\backend.js,.js,1467646
node_modules\.pnpm\@viz-js+viz@3.25.0\node_modules\@viz-js\viz\lib\metadata.js,.js,390
node_modules\.pnpm\@viz-js+viz@3.25.0\node_modules\@viz-js\viz\lib\provenance.json,.json,81892
node_modules\.pnpm\@viz-js+viz@3.25.0\node_modules\@viz-js\viz\package.json,.json,1006
node_modules\.pnpm\@viz-js+viz@3.25.0\node_modules\@viz-js\viz\README.md,.md,320
node_modules\.pnpm\@viz-js+viz@3.25.0\node_modules\@viz-js\viz\src\errors.js,.js,916
node_modules\.pnpm\@viz-js+viz@3.25.0\node_modules\@viz-js\viz\src\index.js,.js,214
node_modules\.pnpm\@viz-js+viz@3.25.0\node_modules\@viz-js\viz\src\viz.js,.js,1686
node_modules\.pnpm\@viz-js+viz@3.25.0\node_modules\@viz-js\viz\src\wrapper.js,.js,9251
node_modules\.pnpm\bmp-js@0.1.0\node_modules\bmp-js\index.js,.js,233
node_modules\.pnpm\bmp-js@0.1.0\node_modules\bmp-js\lib\decoder.js,.js,14445
node_modules\.pnpm\bmp-js@0.1.0\node_modules\bmp-js\lib\encoder.js,.js,2429
node_modules\.pnpm\bmp-js@0.1.0\node_modules\bmp-js\package.json,.json,546
node_modules\.pnpm\bmp-js@0.1.0\node_modules\bmp-js\README.md,.md,862
node_modules\.pnpm\bmp-js@0.1.0\node_modules\bmp-js\test\test.js,.js,801
node_modules\.pnpm\core-util-is@1.0.3\node_modules\core-util-is\lib\util.js,.js,3039
node_modules\.pnpm\core-util-is@1.0.3\node_modules\core-util-is\package.json,.json,799
node_modules\.pnpm\core-util-is@1.0.3\node_modules\core-util-is\README.md,.md,67
node_modules\.pnpm\detect-libc@2.1.2\node_modules\detect-libc\lib\detect-libc.js,.js,7503
node_modules\.pnpm\detect-libc@2.1.2\node_modules\detect-libc\lib\elf.js,.js,982
node_modules\.pnpm\detect-libc@2.1.2\node_modules\detect-libc\lib\filesystem.js,.js,1097
node_modules\.pnpm\detect-libc@2.1.2\node_modules\detect-libc\lib\process.js,.js,569
node_modules\.pnpm\detect-libc@2.1.2\node_modules\detect-libc\package.json,.json,1278
node_modules\.pnpm\detect-libc@2.1.2\node_modules\detect-libc\README.md,.md,3215
node_modules\.pnpm\docx@9.6.1\node_modules\@types\node\package.json,.json,4518
node_modules\.pnpm\docx@9.6.1\node_modules\@types\node\README.md,.md,1586
node_modules\.pnpm\docx@9.6.1\node_modules\docx\dist\index.iife.js,.js,857630
node_modules\.pnpm\docx@9.6.1\node_modules\docx\package.json,.json,3502
node_modules\.pnpm\docx@9.6.1\node_modules\docx\README.md,.md,5535
node_modules\.pnpm\docx@9.6.1\node_modules\hash.js\.eslintrc.js,.js,660
node_modules\.pnpm\docx@9.6.1\node_modules\hash.js\lib\hash\common.js,.js,2312
node_modules\.pnpm\docx@9.6.1\node_modules\hash.js\lib\hash\hmac.js,.js,1139
node_modules\.pnpm\docx@9.6.1\node_modules\hash.js\lib\hash\ripemd.js,.js,3551
node_modules\.pnpm\docx@9.6.1\node_modules\hash.js\lib\hash\sha\1.js,.js,1567
node_modules\.pnpm\docx@9.6.1\node_modules\hash.js\lib\hash\sha\224.js,.js,670
node_modules\.pnpm\docx@9.6.1\node_modules\hash.js\lib\hash\sha\256.js,.js,2878
node_modules\.pnpm\docx@9.6.1\node_modules\hash.js\lib\hash\sha\384.js,.js,768
node_modules\.pnpm\docx@9.6.1\node_modules\hash.js\lib\hash\sha\512.js,.js,8342
node_modules\.pnpm\docx@9.6.1\node_modules\hash.js\lib\hash\sha\common.js,.js,907
node_modules\.pnpm\docx@9.6.1\node_modules\hash.js\lib\hash\sha.js,.js,206
node_modules\.pnpm\docx@9.6.1\node_modules\hash.js\lib\hash\utils.js,.js,6527
node_modules\.pnpm\docx@9.6.1\node_modules\hash.js\lib\hash.js,.js,444
node_modules\.pnpm\docx@9.6.1\node_modules\hash.js\package.json,.json,855
node_modules\.pnpm\docx@9.6.1\node_modules\hash.js\README.md,.md,1515
node_modules\.pnpm\docx@9.6.1\node_modules\hash.js\test\hash-test.js,.js,4503
node_modules\.pnpm\docx@9.6.1\node_modules\hash.js\test\hmac-test.js,.js,2366
node_modules\.pnpm\docx@9.6.1\node_modules\jszip\.eslintrc.js,.js,896
node_modules\.pnpm\docx@9.6.1\node_modules\jszip\CHANGES.md,.md,12038
node_modules\.pnpm\docx@9.6.1\node_modules\jszip\deps.js,.js,1356
node_modules\.pnpm\docx@9.6.1\node_modules\jszip\dist\jszip.js,.js,374191
node_modules\.pnpm\docx@9.6.1\node_modules\jszip\dist\jszip.min.js,.js,97630
node_modules\.pnpm\docx@9.6.1\node_modules\jszip\lib\base64.js,.js,3382
node_modules\.pnpm\docx@9.6.1\node_modules\jszip\lib\compressedObject.js,.js,2890
node_modules\.pnpm\docx@9.6.1\node_modules\jszip\lib\compressions.js,.js,350
node_modules\.pnpm\docx@9.6.1\node_modules\jszip\lib\crc32.js,.js,1924
node_modules\.pnpm\docx@9.6.1\node_modules\jszip\lib\defaults.js,.js,284
node_modules\.pnpm\docx@9.6.1\node_modules\jszip\lib\external.js,.js,438
node_modules\.pnpm\docx@9.6.1\node_modules\jszip\lib\flate.js,.js,2365
node_modules\.pnpm\docx@9.6.1\node_modules\jszip\lib\generate\index.js,.js,2035
node_modules\.pnpm\docx@9.6.1\node_modules\jszip\lib\generate\ZipFileWorker.js,.js,17954
node_modules\.pnpm\docx@9.6.1\node_modules\jszip\lib\index.js,.js,1540
node_modules\.pnpm\docx@9.6.1\node_modules\jszip\lib\license_header.js,.js,388
node_modules\.pnpm\docx@9.6.1\node_modules\jszip\lib\load.js,.js,3196
node_modules\.pnpm\docx@9.6.1\node_modules\jszip\lib\nodejs\NodejsStreamInputAdapter.js,.js,1933
node_modules\.pnpm\docx@9.6.1\node_modules\jszip\lib\nodejs\NodejsStreamOutputAdapter.js,.js,1075
node_modules\.pnpm\docx@9.6.1\node_modules\jszip\lib\nodejsUtils.js,.js,1886
node_modules\.pnpm\docx@9.6.1\node_modules\jszip\lib\object.js,.js,12440
node_modules\.pnpm\docx@9.6.1\node_modules\jszip\lib\readable-stream-browser.js,.js,441
node_modules\.pnpm\docx@9.6.1\node_modules\jszip\lib\reader\ArrayReader.js,.js,1587
node_modules\.pnpm\docx@9.6.1\node_modules\jszip\lib\reader\DataReader.js,.js,3709
node_modules\.pnpm\docx@9.6.1\node_modules\jszip\lib\reader\NodeBufferReader.js,.js,519
node_modules\.pnpm\docx@9.6.1\node_modules\jszip\lib\reader\readerFor.js,.js,904
node_modules\.pnpm\docx@9.6.1\node_modules\jszip\lib\reader\StringReader.js,.js,1020
node_modules\.pnpm\docx@9.6.1\node_modules\jszip\lib\reader\Uint8ArrayReader.js,.js,652
node_modules\.pnpm\docx@9.6.1\node_modules\jszip\lib\signature.js,.js,294
node_modules\.pnpm\docx@9.6.1\node_modules\jszip\lib\stream\ConvertWorker.js,.js,648
node_modules\.pnpm\docx@9.6.1\node_modules\jszip\lib\stream\Crc32Probe.js,.js,599
node_modules\.pnpm\docx@9.6.1\node_modules\jszip\lib\stream\DataLengthProbe.js,.js,829
node_modules\.pnpm\docx@9.6.1\node_modules\jszip\lib\stream\DataWorker.js,.js,2748
node_modules\.pnpm\docx@9.6.1\node_modules\jszip\lib\stream\GenericWorker.js,.js,8206
node_modules\.pnpm\docx@9.6.1\node_modules\jszip\lib\stream\StreamHelper.js,.js,6877
node_modules\.pnpm\docx@9.6.1\node_modules\jszip\lib\support.js,.js,1089
node_modules\.pnpm\docx@9.6.1\node_modules\jszip\lib\utf8.js,.js,8102
node_modules\.pnpm\docx@9.6.1\node_modules\jszip\lib\utils.js,.js,16552
node_modules\.pnpm\docx@9.6.1\node_modules\jszip\lib\zipEntries.js,.js,11867
node_modules\.pnpm\docx@9.6.1\node_modules\jszip\lib\zipEntry.js,.js,11314
node_modules\.pnpm\docx@9.6.1\node_modules\jszip\lib\zipObject.js,.js,4528
node_modules\.pnpm\docx@9.6.1\node_modules\jszip\package.json,.json,1787
node_modules\.pnpm\docx@9.6.1\node_modules\jszip\sponsors.md,.md,704
node_modules\.pnpm\docx@9.6.1\node_modules\jszip\tsconfig.json,.json,11000
node_modules\.pnpm\docx@9.6.1\node_modules\jszip\vendor\FileSaver.js,.js,7745
node_modules\.pnpm\docx@9.6.1\node_modules\nanoid\bin\nanoid.js,.js,1519
node_modules\.pnpm\docx@9.6.1\node_modules\nanoid\index.browser.js,.js,1394
node_modules\.pnpm\docx@9.6.1\node_modules\nanoid\index.js,.js,1973
node_modules\.pnpm\docx@9.6.1\node_modules\nanoid\nanoid.js,.js,190
node_modules\.pnpm\docx@9.6.1\node_modules\nanoid\non-secure\index.js,.js,480
node_modules\.pnpm\docx@9.6.1\node_modules\nanoid\package.json,.json,1000
node_modules\.pnpm\docx@9.6.1\node_modules\nanoid\README.md,.md,1575
node_modules\.pnpm\docx@9.6.1\node_modules\nanoid\url-alphabet\index.js,.js,94
node_modules\.pnpm\docx@9.6.1\node_modules\xml\examples\examples.js,.js,2753
node_modules\.pnpm\docx@9.6.1\node_modules\xml\examples\server.js,.js,706
node_modules\.pnpm\docx@9.6.1\node_modules\xml\lib\escapeForXML.js,.js,358
node_modules\.pnpm\docx@9.6.1\node_modules\xml\lib\xml.js,.js,7208
node_modules\.pnpm\docx@9.6.1\node_modules\xml\package.json,.json,960
node_modules\.pnpm\docx@9.6.1\node_modules\xml\readme.md,.md,4806
node_modules\.pnpm\docx@9.6.1\node_modules\xml\test\xml.test.js,.js,5406
node_modules\.pnpm\docx@9.6.1\node_modules\xml-js\bin\cli-helper.js,.js,1807
node_modules\.pnpm\docx@9.6.1\node_modules\xml-js\bin\cli.js,.js,5361
node_modules\.pnpm\docx@9.6.1\node_modules\xml-js\bin\test.json,.json,536
node_modules\.pnpm\docx@9.6.1\node_modules\xml-js\dist\xml-js.js,.js,249255
node_modules\.pnpm\docx@9.6.1\node_modules\xml-js\dist\xml-js.min.js,.js,92892
node_modules\.pnpm\docx@9.6.1\node_modules\xml-js\index.js,.js,36
node_modules\.pnpm\docx@9.6.1\node_modules\xml-js\lib\array-helper.js,.js,253
node_modules\.pnpm\docx@9.6.1\node_modules\xml-js\lib\index.js,.js,282
node_modules\.pnpm\docx@9.6.1\node_modules\xml-js\lib\js2xml.js,.js,13321
node_modules\.pnpm\docx@9.6.1\node_modules\xml-js\lib\json2xml.js,.js,399
node_modules\.pnpm\docx@9.6.1\node_modules\xml-js\lib\options-helper.js,.js,1161
node_modules\.pnpm\docx@9.6.1\node_modules\xml-js\lib\xml2js.js,.js,11945
node_modules\.pnpm\docx@9.6.1\node_modules\xml-js\lib\xml2json.js,.js,852
node_modules\.pnpm\docx@9.6.1\node_modules\xml-js\package.json,.json,4604
node_modules\.pnpm\docx@9.6.1\node_modules\xml-js\README.md,.md,28321
node_modules\.pnpm\docx@9.6.1\node_modules\xml-js\types\tsconfig.json,.json,254
node_modules\.pnpm\docx@9.6.1\node_modules\xml-js\types\typings.json,.json,49
node_modules\.pnpm\docx@9.6.1\node_modules\xml-js\webpack.config.js,.js,653
node_modules\.pnpm\hash.js@1.1.7\node_modules\hash.js\.eslintrc.js,.js,660
node_modules\.pnpm\hash.js@1.1.7\node_modules\hash.js\lib\hash\common.js,.js,2312
node_modules\.pnpm\hash.js@1.1.7\node_modules\hash.js\lib\hash\hmac.js,.js,1139
node_modules\.pnpm\hash.js@1.1.7\node_modules\hash.js\lib\hash\ripemd.js,.js,3551
node_modules\.pnpm\hash.js@1.1.7\node_modules\hash.js\lib\hash\sha\1.js,.js,1567
node_modules\.pnpm\hash.js@1.1.7\node_modules\hash.js\lib\hash\sha\224.js,.js,670
node_modules\.pnpm\hash.js@1.1.7\node_modules\hash.js\lib\hash\sha\256.js,.js,2878
node_modules\.pnpm\hash.js@1.1.7\node_modules\hash.js\lib\hash\sha\384.js,.js,768
node_modules\.pnpm\hash.js@1.1.7\node_modules\hash.js\lib\hash\sha\512.js,.js,8342
node_modules\.pnpm\hash.js@1.1.7\node_modules\hash.js\lib\hash\sha\common.js,.js,907
node_modules\.pnpm\hash.js@1.1.7\node_modules\hash.js\lib\hash\sha.js,.js,206
node_modules\.pnpm\hash.js@1.1.7\node_modules\hash.js\lib\hash\utils.js,.js,6527
node_modules\.pnpm\hash.js@1.1.7\node_modules\hash.js\lib\hash.js,.js,444
node_modules\.pnpm\hash.js@1.1.7\node_modules\hash.js\package.json,.json,855
node_modules\.pnpm\hash.js@1.1.7\node_modules\hash.js\README.md,.md,1515
node_modules\.pnpm\hash.js@1.1.7\node_modules\hash.js\test\hash-test.js,.js,4503
node_modules\.pnpm\hash.js@1.1.7\node_modules\hash.js\test\hmac-test.js,.js,2366
node_modules\.pnpm\hash.js@1.1.7\node_modules\inherits\inherits.js,.js,250
node_modules\.pnpm\hash.js@1.1.7\node_modules\inherits\inherits_browser.js,.js,753
node_modules\.pnpm\hash.js@1.1.7\node_modules\inherits\package.json,.json,581
node_modules\.pnpm\hash.js@1.1.7\node_modules\inherits\README.md,.md,1625
node_modules\.pnpm\hash.js@1.1.7\node_modules\minimalistic-assert\index.js,.js,252
node_modules\.pnpm\hash.js@1.1.7\node_modules\minimalistic-assert\package.json,.json,510
node_modules\.pnpm\hash.js@1.1.7\node_modules\minimalistic-assert\readme.md,.md,58
node_modules\.pnpm\https@1.0.0\node_modules\https\package.json,.json,331
node_modules\.pnpm\idb-keyval@6.2.5\node_modules\idb-keyval\dist\compat.js,.js,9607
node_modules\.pnpm\idb-keyval@6.2.5\node_modules\idb-keyval\dist\index.js,.js,6907
node_modules\.pnpm\idb-keyval@6.2.5\node_modules\idb-keyval\dist\umd.js,.js,4810
node_modules\.pnpm\idb-keyval@6.2.5\node_modules\idb-keyval\package.json,.json,2127
node_modules\.pnpm\idb-keyval@6.2.5\node_modules\idb-keyval\README.md,.md,6133
node_modules\.pnpm\image-size@1.2.1\node_modules\image-size\bin\image-size.js,.js,1349
node_modules\.pnpm\image-size@1.2.1\node_modules\image-size\dist\detector.js,.js,817
node_modules\.pnpm\image-size@1.2.1\node_modules\image-size\dist\index.js,.js,4374
node_modules\.pnpm\image-size@1.2.1\node_modules\image-size\dist\types\bmp.js,.js,381
node_modules\.pnpm\image-size@1.2.1\node_modules\image-size\dist\types\cur.js,.js,597
node_modules\.pnpm\image-size@1.2.1\node_modules\image-size\dist\types\dds.js,.js,375
node_modules\.pnpm\image-size@1.2.1\node_modules\image-size\dist\types\gif.js,.js,409
node_modules\.pnpm\image-size@1.2.1\node_modules\image-size\dist\types\heif.js,.js,1537
node_modules\.pnpm\image-size@1.2.1\node_modules\image-size\dist\types\icns.js,.js,2930
node_modules\.pnpm\image-size@1.2.1\node_modules\image-size\dist\types\ico.js,.js,2686
node_modules\.pnpm\image-size@1.2.1\node_modules\image-size\dist\types\index.js,.js,1297
node_modules\.pnpm\image-size@1.2.1\node_modules\image-size\dist\types\interface.js,.js,77
node_modules\.pnpm\image-size@1.2.1\node_modules\image-size\dist\types\j2c.js,.js,462
node_modules\.pnpm\image-size@1.2.1\node_modules\image-size\dist\types\jp2.js,.js,1019
node_modules\.pnpm\image-size@1.2.1\node_modules\image-size\dist\types\jpg.js,.js,4901
node_modules\.pnpm\image-size@1.2.1\node_modules\image-size\dist\types\jxl-stream.js,.js,1697
node_modules\.pnpm\image-size@1.2.1\node_modules\image-size\dist\types\jxl.js,.js,2185
node_modules\.pnpm\image-size@1.2.1\node_modules\image-size\dist\types\ktx.js,.js,625
node_modules\.pnpm\image-size@1.2.1\node_modules\image-size\dist\types\png.js,.js,1242
node_modules\.pnpm\image-size@1.2.1\node_modules\image-size\dist\types\pnm.js,.js,2060
node_modules\.pnpm\image-size@1.2.1\node_modules\image-size\dist\types\psd.js,.js,374
node_modules\.pnpm\image-size@1.2.1\node_modules\image-size\dist\types\svg.js,.js,2590
node_modules\.pnpm\image-size@1.2.1\node_modules\image-size\dist\types\tga.js,.js,459
node_modules\.pnpm\image-size@1.2.1\node_modules\image-size\dist\types\tiff.js,.js,3284
node_modules\.pnpm\image-size@1.2.1\node_modules\image-size\dist\types\utils.js,.js,3160
node_modules\.pnpm\image-size@1.2.1\node_modules\image-size\dist\types\webp.js,.js,2187
node_modules\.pnpm\image-size@1.2.1\node_modules\image-size\dist\utils\bit-reader.js,.js,1658
node_modules\.pnpm\image-size@1.2.1\node_modules\image-size\package.json,.json,1726
node_modules\.pnpm\image-size@1.2.1\node_modules\image-size\Readme.md,.md,4280
node_modules\.pnpm\image-size@1.2.1\node_modules\queue\index.js,.js,4122
node_modules\.pnpm\image-size@1.2.1\node_modules\queue\package.json,.json,1195
node_modules\.pnpm\image-size@1.2.1\node_modules\queue\readme.md,.md,6453
node_modules\.pnpm\immediate@3.0.6\node_modules\immediate\dist\immediate.js,.js,2911
node_modules\.pnpm\immediate@3.0.6\node_modules\immediate\dist\immediate.min.js,.js,1686
node_modules\.pnpm\immediate@3.0.6\node_modules\immediate\lib\browser.js,.js,1883
node_modules\.pnpm\immediate@3.0.6\node_modules\immediate\lib\index.js,.js,1982
node_modules\.pnpm\immediate@3.0.6\node_modules\immediate\LICENSE.txt,.txt,1115
node_modules\.pnpm\immediate@3.0.6\node_modules\immediate\package.json,.json,1372
node_modules\.pnpm\immediate@3.0.6\node_modules\immediate\README.md,.md,3697
node_modules\.pnpm\inherits@2.0.4\node_modules\inherits\inherits.js,.js,250
node_modules\.pnpm\inherits@2.0.4\node_modules\inherits\inherits_browser.js,.js,753
node_modules\.pnpm\inherits@2.0.4\node_modules\inherits\package.json,.json,581
node_modules\.pnpm\inherits@2.0.4\node_modules\inherits\README.md,.md,1625
node_modules\.pnpm\is-url@1.2.4\node_modules\is-url\History.md,.md,503
node_modules\.pnpm\is-url@1.2.4\node_modules\is-url\index.js,.js,856
node_modules\.pnpm\is-url@1.2.4\node_modules\is-url\package.json,.json,274
node_modules\.pnpm\is-url@1.2.4\node_modules\is-url\Readme.md,.md,193
node_modules\.pnpm\is-url@1.2.4\node_modules\is-url\test\index.js,.js,3688
node_modules\.pnpm\isarray@1.0.0\node_modules\isarray\component.json,.json,470
node_modules\.pnpm\isarray@1.0.0\node_modules\isarray\index.js,.js,132
node_modules\.pnpm\isarray@1.0.0\node_modules\isarray\package.json,.json,958
node_modules\.pnpm\isarray@1.0.0\node_modules\isarray\README.md,.md,1890
node_modules\.pnpm\isarray@1.0.0\node_modules\isarray\test.js,.js,320
node_modules\.pnpm\jpeg-js@0.4.4\node_modules\jpeg-js\CONTRIBUTING.md,.md,1233
node_modules\.pnpm\jpeg-js@0.4.4\node_modules\jpeg-js\index.js,.js,136
node_modules\.pnpm\jpeg-js@0.4.4\node_modules\jpeg-js\lib\decoder.js,.js,40593
node_modules\.pnpm\jpeg-js@0.4.4\node_modules\jpeg-js\lib\encoder.js,.js,22120
node_modules\.pnpm\jpeg-js@0.4.4\node_modules\jpeg-js\package.json,.json,643
node_modules\.pnpm\jpeg-js@0.4.4\node_modules\jpeg-js\README.md,.md,8418
node_modules\.pnpm\jszip@3.10.1\node_modules\jszip\.eslintrc.js,.js,896
node_modules\.pnpm\jszip@3.10.1\node_modules\jszip\CHANGES.md,.md,12038
node_modules\.pnpm\jszip@3.10.1\node_modules\jszip\deps.js,.js,1356
node_modules\.pnpm\jszip@3.10.1\node_modules\jszip\dist\jszip.js,.js,374191
node_modules\.pnpm\jszip@3.10.1\node_modules\jszip\dist\jszip.min.js,.js,97630
node_modules\.pnpm\jszip@3.10.1\node_modules\jszip\lib\base64.js,.js,3382
node_modules\.pnpm\jszip@3.10.1\node_modules\jszip\lib\compressedObject.js,.js,2890
node_modules\.pnpm\jszip@3.10.1\node_modules\jszip\lib\compressions.js,.js,350
node_modules\.pnpm\jszip@3.10.1\node_modules\jszip\lib\crc32.js,.js,1924
node_modules\.pnpm\jszip@3.10.1\node_modules\jszip\lib\defaults.js,.js,284
node_modules\.pnpm\jszip@3.10.1\node_modules\jszip\lib\external.js,.js,438
node_modules\.pnpm\jszip@3.10.1\node_modules\jszip\lib\flate.js,.js,2365
node_modules\.pnpm\jszip@3.10.1\node_modules\jszip\lib\generate\index.js,.js,2035
node_modules\.pnpm\jszip@3.10.1\node_modules\jszip\lib\generate\ZipFileWorker.js,.js,17954
node_modules\.pnpm\jszip@3.10.1\node_modules\jszip\lib\index.js,.js,1540
node_modules\.pnpm\jszip@3.10.1\node_modules\jszip\lib\license_header.js,.js,388
node_modules\.pnpm\jszip@3.10.1\node_modules\jszip\lib\load.js,.js,3196
node_modules\.pnpm\jszip@3.10.1\node_modules\jszip\lib\nodejs\NodejsStreamInputAdapter.js,.js,1933
node_modules\.pnpm\jszip@3.10.1\node_modules\jszip\lib\nodejs\NodejsStreamOutputAdapter.js,.js,1075
node_modules\.pnpm\jszip@3.10.1\node_modules\jszip\lib\nodejsUtils.js,.js,1886
node_modules\.pnpm\jszip@3.10.1\node_modules\jszip\lib\object.js,.js,12440
node_modules\.pnpm\jszip@3.10.1\node_modules\jszip\lib\readable-stream-browser.js,.js,441
node_modules\.pnpm\jszip@3.10.1\node_modules\jszip\lib\reader\ArrayReader.js,.js,1587
node_modules\.pnpm\jszip@3.10.1\node_modules\jszip\lib\reader\DataReader.js,.js,3709
node_modules\.pnpm\jszip@3.10.1\node_modules\jszip\lib\reader\NodeBufferReader.js,.js,519
node_modules\.pnpm\jszip@3.10.1\node_modules\jszip\lib\reader\readerFor.js,.js,904
node_modules\.pnpm\jszip@3.10.1\node_modules\jszip\lib\reader\StringReader.js,.js,1020
node_modules\.pnpm\jszip@3.10.1\node_modules\jszip\lib\reader\Uint8ArrayReader.js,.js,652
node_modules\.pnpm\jszip@3.10.1\node_modules\jszip\lib\signature.js,.js,294
node_modules\.pnpm\jszip@3.10.1\node_modules\jszip\lib\stream\ConvertWorker.js,.js,648
node_modules\.pnpm\jszip@3.10.1\node_modules\jszip\lib\stream\Crc32Probe.js,.js,599
node_modules\.pnpm\jszip@3.10.1\node_modules\jszip\lib\stream\DataLengthProbe.js,.js,829
node_modules\.pnpm\jszip@3.10.1\node_modules\jszip\lib\stream\DataWorker.js,.js,2748
node_modules\.pnpm\jszip@3.10.1\node_modules\jszip\lib\stream\GenericWorker.js,.js,8206
node_modules\.pnpm\jszip@3.10.1\node_modules\jszip\lib\stream\StreamHelper.js,.js,6877
node_modules\.pnpm\jszip@3.10.1\node_modules\jszip\lib\support.js,.js,1089
node_modules\.pnpm\jszip@3.10.1\node_modules\jszip\lib\utf8.js,.js,8102
node_modules\.pnpm\jszip@3.10.1\node_modules\jszip\lib\utils.js,.js,16552
node_modules\.pnpm\jszip@3.10.1\node_modules\jszip\lib\zipEntries.js,.js,11867
node_modules\.pnpm\jszip@3.10.1\node_modules\jszip\lib\zipEntry.js,.js,11314
node_modules\.pnpm\jszip@3.10.1\node_modules\jszip\lib\zipObject.js,.js,4528
node_modules\.pnpm\jszip@3.10.1\node_modules\jszip\package.json,.json,1787
node_modules\.pnpm\jszip@3.10.1\node_modules\jszip\sponsors.md,.md,704
node_modules\.pnpm\jszip@3.10.1\node_modules\jszip\tsconfig.json,.json,11000
node_modules\.pnpm\jszip@3.10.1\node_modules\jszip\vendor\FileSaver.js,.js,7745
node_modules\.pnpm\jszip@3.10.1\node_modules\lie\dist\lie.js,.js,9311
node_modules\.pnpm\jszip@3.10.1\node_modules\lie\dist\lie.min.js,.js,4805
node_modules\.pnpm\jszip@3.10.1\node_modules\lie\dist\lie.polyfill.js,.js,9235
node_modules\.pnpm\jszip@3.10.1\node_modules\lie\dist\lie.polyfill.min.js,.js,4718
node_modules\.pnpm\jszip@3.10.1\node_modules\lie\lib\browser.js,.js,6362
node_modules\.pnpm\jszip@3.10.1\node_modules\lie\lib\index.js,.js,6970
node_modules\.pnpm\jszip@3.10.1\node_modules\lie\license.md,.md,1084
node_modules\.pnpm\jszip@3.10.1\node_modules\lie\package.json,.json,2432
node_modules\.pnpm\jszip@3.10.1\node_modules\lie\polyfill.js,.js,97
node_modules\.pnpm\jszip@3.10.1\node_modules\lie\README.md,.md,2165
node_modules\.pnpm\jszip@3.10.1\node_modules\pako\CHANGELOG.md,.md,4138
node_modules\.pnpm\jszip@3.10.1\node_modules\pako\dist\pako.js,.js,221496
node_modules\.pnpm\jszip@3.10.1\node_modules\pako\dist\pako.min.js,.js,45988
node_modules\.pnpm\jszip@3.10.1\node_modules\pako\dist\pako_deflate.js,.js,128125
node_modules\.pnpm\jszip@3.10.1\node_modules\pako\dist\pako_deflate.min.js,.js,27503
node_modules\.pnpm\jszip@3.10.1\node_modules\pako\dist\pako_inflate.js,.js,108583
node_modules\.pnpm\jszip@3.10.1\node_modules\pako\dist\pako_inflate.min.js,.js,22682
node_modules\.pnpm\jszip@3.10.1\node_modules\pako\index.js,.js,347
node_modules\.pnpm\jszip@3.10.1\node_modules\pako\lib\deflate.js,.js,11074
node_modules\.pnpm\jszip@3.10.1\node_modules\pako\lib\inflate.js,.js,12412
node_modules\.pnpm\jszip@3.10.1\node_modules\pako\lib\utils\common.js,.js,2444
node_modules\.pnpm\jszip@3.10.1\node_modules\pako\lib\utils\strings.js,.js,5293
node_modules\.pnpm\jszip@3.10.1\node_modules\pako\lib\zlib\adler32.js,.js,1656
node_modules\.pnpm\jszip@3.10.1\node_modules\pako\lib\zlib\constants.js,.js,2312
node_modules\.pnpm\jszip@3.10.1\node_modules\pako\lib\zlib\crc32.js,.js,1750
node_modules\.pnpm\jszip@3.10.1\node_modules\pako\lib\zlib\deflate.js,.js,61184
node_modules\.pnpm\jszip@3.10.1\node_modules\pako\lib\zlib\gzheader.js,.js,2240
node_modules\.pnpm\jszip@3.10.1\node_modules\pako\lib\zlib\inffast.js,.js,12668
node_modules\.pnpm\jszip@3.10.1\node_modules\pako\lib\zlib\inflate.js,.js,50284
node_modules\.pnpm\jszip@3.10.1\node_modules\pako\lib\zlib\inftrees.js,.js,12500
node_modules\.pnpm\jszip@3.10.1\node_modules\pako\lib\zlib\messages.js,.js,1538
node_modules\.pnpm\jszip@3.10.1\node_modules\pako\lib\zlib\trees.js,.js,39879
node_modules\.pnpm\jszip@3.10.1\node_modules\pako\lib\zlib\zstream.js,.js,1811
node_modules\.pnpm\jszip@3.10.1\node_modules\pako\package.json,.json,1026
node_modules\.pnpm\jszip@3.10.1\node_modules\pako\README.md,.md,6066
node_modules\.pnpm\jszip@3.10.1\node_modules\readable-stream\CONTRIBUTING.md,.md,1443
node_modules\.pnpm\jszip@3.10.1\node_modules\readable-stream\doc\wg-meetings\2015-01-30.md,.md,2280
node_modules\.pnpm\jszip@3.10.1\node_modules\readable-stream\duplex-browser.js,.js,53
node_modules\.pnpm\jszip@3.10.1\node_modules\readable-stream\duplex.js,.js,46
node_modules\.pnpm\jszip@3.10.1\node_modules\readable-stream\GOVERNANCE.md,.md,5550
node_modules\.pnpm\jszip@3.10.1\node_modules\readable-stream\lib\_stream_duplex.js,.js,4015
node_modules\.pnpm\jszip@3.10.1\node_modules\readable-stream\lib\_stream_passthrough.js,.js,1753
node_modules\.pnpm\jszip@3.10.1\node_modules\readable-stream\lib\_stream_readable.js,.js,31426
node_modules\.pnpm\jszip@3.10.1\node_modules\readable-stream\lib\_stream_transform.js,.js,7742
node_modules\.pnpm\jszip@3.10.1\node_modules\readable-stream\lib\_stream_writable.js,.js,20335
node_modules\.pnpm\jszip@3.10.1\node_modules\readable-stream\lib\internal\streams\BufferList.js,.js,2009
node_modules\.pnpm\jszip@3.10.1\node_modules\readable-stream\lib\internal\streams\destroy.js,.js,2175
node_modules\.pnpm\jszip@3.10.1\node_modules\readable-stream\lib\internal\streams\stream-browser.js,.js,49
node_modules\.pnpm\jszip@3.10.1\node_modules\readable-stream\lib\internal\streams\stream.js,.js,36
node_modules\.pnpm\jszip@3.10.1\node_modules\readable-stream\package.json,.json,1370
node_modules\.pnpm\jszip@3.10.1\node_modules\readable-stream\passthrough.js,.js,51
node_modules\.pnpm\jszip@3.10.1\node_modules\readable-stream\readable-browser.js,.js,351
node_modules\.pnpm\jszip@3.10.1\node_modules\readable-stream\readable.js,.js,771
node_modules\.pnpm\jszip@3.10.1\node_modules\readable-stream\README.md,.md,2999
node_modules\.pnpm\jszip@3.10.1\node_modules\readable-stream\transform.js,.js,49
node_modules\.pnpm\jszip@3.10.1\node_modules\readable-stream\writable-browser.js,.js,55
node_modules\.pnpm\jszip@3.10.1\node_modules\readable-stream\writable.js,.js,229
node_modules\.pnpm\jszip@3.10.1\node_modules\setimmediate\LICENSE.txt,.txt,1103
node_modules\.pnpm\jszip@3.10.1\node_modules\setimmediate\package.json,.json,980
node_modules\.pnpm\jszip@3.10.1\node_modules\setimmediate\setImmediate.js,.js,6475
node_modules\.pnpm\lie@3.3.0\node_modules\immediate\dist\immediate.js,.js,2911
node_modules\.pnpm\lie@3.3.0\node_modules\immediate\dist\immediate.min.js,.js,1686
node_modules\.pnpm\lie@3.3.0\node_modules\immediate\lib\browser.js,.js,1883
node_modules\.pnpm\lie@3.3.0\node_modules\immediate\lib\index.js,.js,1982
node_modules\.pnpm\lie@3.3.0\node_modules\immediate\LICENSE.txt,.txt,1115
node_modules\.pnpm\lie@3.3.0\node_modules\immediate\package.json,.json,1372
node_modules\.pnpm\lie@3.3.0\node_modules\immediate\README.md,.md,3697
node_modules\.pnpm\lie@3.3.0\node_modules\lie\dist\lie.js,.js,9311
node_modules\.pnpm\lie@3.3.0\node_modules\lie\dist\lie.min.js,.js,4805
node_modules\.pnpm\lie@3.3.0\node_modules\lie\dist\lie.polyfill.js,.js,9235
node_modules\.pnpm\lie@3.3.0\node_modules\lie\dist\lie.polyfill.min.js,.js,4718
node_modules\.pnpm\lie@3.3.0\node_modules\lie\lib\browser.js,.js,6362
node_modules\.pnpm\lie@3.3.0\node_modules\lie\lib\index.js,.js,6970
node_modules\.pnpm\lie@3.3.0\node_modules\lie\license.md,.md,1084
node_modules\.pnpm\lie@3.3.0\node_modules\lie\package.json,.json,2432
node_modules\.pnpm\lie@3.3.0\node_modules\lie\polyfill.js,.js,97
node_modules\.pnpm\lie@3.3.0\node_modules\lie\README.md,.md,2165
node_modules\.pnpm\lucide@1.8.0\node_modules\lucide\dist\cjs\lucide.js,.js,559159
node_modules\.pnpm\lucide@1.8.0\node_modules\lucide\dist\esm\createElement.js,.js,922
node_modules\.pnpm\lucide@1.8.0\node_modules\lucide\dist\esm\defaultAttributes.js,.js,496
node_modules\.pnpm\lucide@1.8.0\node_modules\lucide\dist\esm\icons\a-arrow-down.js,.js,434
node_modules\.pnpm\lucide@1.8.0\node_modules\lucide\dist\esm\icons\a-arrow-up.js,.js,428
node_modules\.pnpm\lucide@1.8.0\node_modules\lucide\dist\esm\icons\a-large-small.js,.js,479
node_modules\.pnpm\lucide@1.8.0\node_modules\lucide\dist\esm\icons\accessibility.js,.js,501
node_modules\.pnpm\lucide@1.8.0\node_modules\lucide\dist\esm\icons\activity.js,.js,424
node_modules\.pnpm\lucide@1.8.0\node_modules\lucide\dist\esm\icons\air-vent.js,.js,489
node_modules\.pnpm\lucide@1.8.0\node_modules\lucide\dist\esm\icons\airplay.js,.js,387
node_modules\.pnpm\lucide@1.8.0\node_modules\lucide\dist\esm\icons\alarm-clock-check.js,.js,504
node_modules\.pnpm\lucide@1.8.0\node_modules\lucide\dist\esm\icons\alarm-clock-minus.js,.js,498
node_modules\.pnpm\lucide@1.8.0\node_modules\lucide\dist\esm\icons\alarm-clock-off.js,.js,518
node_modules\.pnpm\lucide@1.8.0\node_modules\lucide\dist\esm\icons\alarm-clock-plus.js,.js,526
node_modules\.pnpm\lucide@1.8.0\node_modules\lucide\dist\esm\icons\alarm-clock.js,.js,486
node_modules\.pnpm\lucide@1.8.0\node_modules\lucide\dist\esm\icons\alarm-smoke.js,.js,572
node_modules\.pnpm\lucide@1.8.0\node_modules\lucide\dist\esm\icons\album.js,.js,383
node_modules\.pnpm\lucide@1.8.0\node_modules\lucide\dist\esm\icons\align-center-horizontal.js,.js,582
node_modules\.pnpm\lucide@1.8.0\node_modules\lucide\dist\esm\icons\align-center-vertical.js,.js,576
node_modules\.pnpm\lucide@1.8.0\node_modules\lucide\dist\esm\icons\align-end-horizontal.js,.js,454
node_modules\.pnpm\lucide@1.8.0\node_modules\lucide\dist\esm\icons\align-end-vertical.js,.js,448
node_modules\.pnpm\lucide@1.8.0\node_modules\lucide\dist\esm\icons\align-horizontal-distribute-center.js,.js,586
node_modules\.pnpm\lucide@1.8.0\node_modules\lucide\dist\esm\icons\align-horizontal-distribute-end.js,.js,517
node_modules\.pnpm\lucide@1.8.0\node_modules\lucide\dist\esm\icons\align-horizontal-distribute-start.js,.js,522
node_modules\.pnpm\lucide@1.8.0\node_modules\lucide\dist\esm\icons\align-horizontal-justify-center.js,.js,486
node_modules\.pnpm\lucide@1.8.0\node_modules\lucide\dist\esm\icons\align-horizontal-justify-end.js,.js,477
node_modules\.pnpm\lucide@1.8.0\node_modules\lucide\dist\esm\icons\align-horizontal-justify-start.js,.js,482
node_modules\.pnpm\lucide@1.8.0\node_modules\lucide\dist\esm\icons\align-horizontal-space-around.js,.js,442
node_modules\.pnpm\lucide@1.8.0\node_modules\lucide\dist\esm\icons\align-horizontal-space-between.js,.js,513
node_modules\.pnpm\lucide@1.8.0\node_modules\lucide\dist\esm\icons\align-start-horizontal.js,.js,459
node_modules\.pnpm\lucide@1.8.0\node_modules\lucide\dist\esm\icons\align-start-vertical.js,.js,453
node_modules\.pnpm\lucide@1.8.0\node_modules\lucide\dist\esm\icons\align-vertical-distribute-center.js,.js,580
node_modules\.pnpm\lucide@1.8.0\node_modules\lucide\dist\esm\icons\align-vertical-distribute-end.js,.js,511
node_modules\.pnpm\lucide@1.8.0\node_modules\lucide\dist\esm\icons\align-vertical-distribute-start.js,.js,516
node_modules\.pnpm\lucide@1.8.0\node_modules\lucide\dist\esm\icons\align-vertical-justify-center.js,.js,480
node_modules\.pnpm\lucide@1.8.0\node_modules\lucide\dist\esm\icons\align-vertical-justify-end.js,.js,471
node_modules\.pnpm\lucide@1.8.0\node_modules\lucide\dist\esm\icons\align-vertical-justify-start.js,.js,476
node_modules\.pnpm\lucide@1.8.0\node_modules\lucide\dist\esm\icons\align-vertical-space-around.js,.js,436
node_modules\.pnpm\lucide@1.8.0\node_modules\lucide\dist\esm\icons\align-vertical-space-between.js,.js,507
node_modules\.pnpm\lucide@1.8.0\node_modules\lucide\dist\esm\icons\ambulance.js,.js,681
node_modules\.pnpm\lucide@1.8.0\node_modules\lucide\dist\esm\icons\ampersand.js,.js,425
node_modules\.pnpm\lucide@1.8.0\node_modules\lucide\dist\esm\icons\ampersands.js,.js,495
node_modules\.pnpm\lucide@1.8.0\node_modules\lucide\dist\esm\icons\amphora.js,.js,585
node_modules\.pnpm\lucide@1.8.0\node_modules\lucide\dist\esm\icons\anchor.js,.js,409
node_modules\.pnpm\lucide@1.8.0\node_modules\lucide\dist\esm\icons\angry.js,.js,476
node_modules\.pnpm\lucide@1.8.0\node_modules\lucide\dist\esm\icons\annoyed.js,.js,390
node_modules\.pnpm\lucide@1.8.0\node_modules\lucide\dist\esm\icons\antenna.js,.js,450
node_modules\.pnpm\lucide@1.8.0\node_modules\lucide\dist\esm\icons\anvil.js,.js,546
node_modules\.pnpm\lucide@1.8.0\node_modules\lucide\dist\esm\icons\aperture.js,.js,542
node_modules\.pnpm\lucide@1.8.0\node_modules\lucide\dist\esm\icons\app-window-mac.js,.js,434
node_modules\.pnpm\lucide@1.8.0\node_modules\lucide\dist\esm\icons\app-window.js,.js,418
node_modules\.pnpm\lucide@1.8.0\node_modules\lucide\dist\esm\icons\apple.js,.js,492
node_modules\.pnpm\lucide@1.8.0\node_modules\lucide\dist\esm\icons\archive-restore.js,.js,504
node_modules\.pnpm\lucide@1.8.0\node_modules\lucide\dist\esm\icons\archive-x.js,.js,456
node_modules\.pnpm\lucide@1.8.0\node_modules\lucide\dist\esm\icons\archive.js,.js,415
node_modules\.pnpm\lucide@1.8.0\node_modules\lucide\dist\esm\icons\armchair.js,.js,536
node_modules\.pnpm\lucide@1.8.0\node_modules\lucide\dist\esm\icons\arrow-big-down-dash.js,.js,530
node_modules\.pnpm\lucide@1.8.0\node_modules\lucide\dist\esm\icons\arrow-big-down.js,.js,481
node_modules\.pnpm\lucide@1.8.0\node_modules\lucide\dist\esm\icons\arrow-big-left-dash.js,.js,530
node_modules\.pnpm\lucide@1.8.0\node_modules\lucide\dist\esm\icons\arrow-big-left.js,.js,489
node_modules\.pnpm\lucide@1.8.0\node_modules\lucide\dist\esm\icons\arrow-big-right-dash.js,.js,532
node_modules\.pnpm\lucide@1.8.0\node_modules\lucide\dist\esm\icons\arrow-big-right.js,.js,490
node_modules\.pnpm\lucide@1.8.0\node_modules\lucide\dist\esm\icons\arrow-big-up-dash.js,.js,527
node_modules\.pnpm\lucide@1.8.0\node_modules\lucide\dist\esm\icons\arrow-big-up.js,.js,477
node_modules\.pnpm\lucide@1.8.0\node_modules\lucide\dist\esm\icons\arrow-down-0-1.js,.js,468
node_modules\.pnpm\lucide@1.8.0\node_modules\lucide\dist\esm\icons\arrow-down-1-0.js,.js,468
node_modules\.pnpm\lucide@1.8.0\node_modules\lucide\dist\esm\icons\arrow-down-a-z.js,.js,458
node_modules\.pnpm\lucide@1.8.0\node_modules\lucide\dist\esm\icons\arrow-down-from-line.js,.js,384
node_modules\.pnpm\lucide@1.8.0\node_modules\lucide\dist\esm\icons\arrow-down-left.js,.js,340
node_modules\.pnpm\lucide@1.8.0\node_modules\lucide\dist\esm\icons\arrow-down-narrow-wide.js,.js,451
node_modules\.pnpm\lucide@1.8.0\node_modules\lucide\dist\esm\icons\arrow-down-right.js,.js,343
node_modules\.pnpm\lucide@1.8.0\node_modules\lucide\dist\esm\icons\arrow-down-to-dot.js,.js,391
node_modules\.pnpm\lucide@1.8.0\node_modules\lucide\dist\esm\icons\arrow-down-to-line.js,.js,379
node_modules\.pnpm\lucide@1.8.0\node_modules\lucide\dist\esm\icons\arrow-down-up.js,.js,401
node_modules\.pnpm\lucide@1.8.0\node_modules\lucide\dist\esm\icons\arrow-down-wide-narrow.js,.js,451
node_modules\.pnpm\lucide@1.8.0\node_modules\lucide\dist\esm\icons\arrow-down-z-a.js,.js,459
node_modules\.pnpm\lucide@1.8.0\node_modules\lucide\dist\esm\icons\arrow-down.js,.js,329
node_modules\.pnpm\lucide@1.8.0\node_modules\lucide\dist\esm\icons\arrow-left-from-line.js,.js,384
node_modules\.pnpm\lucide@1.8.0\node_modules\lucide\dist\esm\icons\arrow-left-right.js,.js,410
node_modules\.pnpm\lucide@1.8.0\node_modules\lucide\dist\esm\icons\arrow-left-to-line.js,.js,378
node_modules\.pnpm\lucide@1.8.0\node_modules\lucide\dist\esm\icons\arrow-left.js,.js,329
node_modules\.pnpm\lucide@1.8.0\node_modules\lucide\dist\esm\icons\arrow-right-from-line.js,.js,388
node_modules\.pnpm\lucide@1.8.0\node_modules\lucide\dist\esm\icons\arrow-right-left.js,.js,410
node_modules\.pnpm\lucide@1.8.0\node_modules\lucide\dist\esm\icons\arrow-right-to-line.js,.js,383
node_modules\.pnpm\lucide@1.8.0\node_modules\lucide\dist\esm\icons\arrow-right.js,.js,331
node_modules\.pnpm\lucide@1.8.0\node_modules\lucide\dist\esm\icons\arrow-up-0-1.js,.js,461
node_modules\.pnpm\lucide@1.8.0\node_modules\lucide\dist\esm\icons\arrow-up-1-0.js,.js,461
node_modules\.pnpm\lucide@1.8.0\node_modules\lucide\dist\esm\icons\arrow-up-a-z.js,.js,451
node_modules\.pnpm\lucide@1.8.0\node_modules\lucide\dist\esm\icons\arrow-up-down.js,.js,401
node_modules\.pnpm\lucide@1.8.0\node_modules\lucide\dist\esm\icons\arrow-up-from-dot.js,.js,390
node_modules\.pnpm\lucide@1.8.0\node_modules\lucide\dist\esm\icons\arrow-up-from-line.js,.js,379
node_modules\.pnpm\lucide@1.8.0\node_modules\lucide\dist\esm\icons\arrow-up-left.js,.js,334
node_modules\.pnpm\lucide@1.8.0\node_modules\lucide\dist\esm\icons\arrow-up-narrow-wide.js,.js,446
node_modules\.pnpm\lucide@1.8.0\node_modules\lucide\dist\esm\icons\arrow-up-right.js,.js,337
node_modules\.pnpm\lucide@1.8.0\node_modules\lucide\dist\esm\icons\arrow-up-to-line.js,.js,373
node_modules\.pnpm\lucide@1.8.0\node_modules\lucide\dist\esm\icons\arrow-up-wide-narrow.js,.js,446
node_modules\.pnpm\lucide@1.8.0\node_modules\lucide\dist\esm\icons\arrow-up-z-a.js,.js,452
node_modules\.pnpm\lucide@1.8.0\node_modules\lucide\dist\esm\icons\arrow-up.js,.js,322
node_modules\.pnpm\lucide@1.8.0\node_modules\lucide\dist\esm\icons\arrows-up-from-line.js,.js,447
node_modules\.pnpm\lucide@1.8.0\node_modules\lucide\dist\esm\icons\asterisk.js,.js,369
node_modules\.pnpm\lucide@1.8.0\node_modules\lucide\dist\esm\icons\at-sign.js,.js,361
node_modules\.pnpm\lucide@1.8.0\node_modules\lucide\dist\esm\icons\atom.js,.js,629
node_modules\.pnpm\lucide@1.8.0\node_modules\lucide\dist\esm\icons\audio-lines.js,.js,447
node_modules\.pnpm\lucide@1.8.0\node_modules\lucide\dist\esm\icons\audio-waveform.js,.js,420
node_modules\.pnpm\lucide@1.8.0\node_modules\lucide\dist\esm\icons\award.js,.js,456
node_modules\.pnpm\lucide@1.8.0\node_modules\lucide\dist\esm\icons\axe.js,.js,550
node_modules\.pnpm\lucide@1.8.0\node_modules\lucide\dist\esm\icons\axis-3d.js,.js,414
node_modules\.pnpm\lucide@1.8.0\node_modules\lucide\dist\esm\icons\baby.js,.js,561
node_modules\.pnpm\lucide@1.8.0\node_modules\lucide\dist\esm\icons\backpack.js,.js,533
node_modules\.pnpm\lucide@1.8.0\node_modules\lucide\dist\esm\icons\badge-alert.js,.js,582
node_modules\.pnpm\lucide@1.8.0\node_modules\lucide\dist\esm\icons\badge-cent.js,.js,541
node_modules\.pnpm\lucide@1.8.0\node_modules\lucide\dist\esm\icons\badge-check.js,.js,504
node_modules\.pnpm\lucide@1.8.0\node_modules\lucide\dist\esm\icons\badge-dollar-sign.js,.js,578
node_modules\.pnpm\lucide@1.8.0\node_modules\lucide\dist\esm\icons\badge-euro.js,.js,541
node_modules\.pnpm\lucide@1.8.0\node_modules\lucide\dist\esm\icons\badge-indian-rupee.js,.js,595
node_modules\.pnpm\lucide@1.8.0\node_modules\lucide\dist\esm\icons\badge-info.js,.js,578
node_modules\.pnpm\lucide@1.8.0\node_modules\lucide\dist\esm\icons\badge-japanese-yen.js,.js,613
node_modules\.pnpm\lucide@1.8.0\node_modules\lucide\dist\esm\icons\badge-minus.js,.js,523
node_modules\.pnpm\lucide@1.8.0\node_modules\lucide\dist\esm\icons\badge-percent.js,.js,570
node_modules\.pnpm\lucide@1.8.0\node_modules\lucide\dist\esm\icons\badge-plus.js,.js,575
node_modules\.pnpm\lucide@1.8.0\node_modules\lucide\dist\esm\icons\badge-pound-sterling.js,.js,604
node_modules\.pnpm\lucide@1.8.0\node_modules\lucide\dist\esm\icons\badge-question-mark.js,.js,608
node_modules\.pnpm\lucide@1.8.0\node_modules\lucide\dist\esm\icons\badge-russian-ruble.js,.js,569
node_modules\.pnpm\lucide@1.8.0\node_modules\lucide\dist\esm\icons\badge-swiss-franc.js,.js,578
node_modules\.pnpm\lucide@1.8.0\node_modules\lucide\dist\esm\icons\badge-turkish-lira.js,.js,563
node_modules\.pnpm\lucide@1.8.0\node_modules\lucide\dist\esm\icons\badge-x.js,.js,564
node_modules\.pnpm\lucide@1.8.0\node_modules\lucide\dist\esm\icons\badge.js,.js,452
node_modules\.pnpm\lucide@1.8.0\node_modules\lucide\dist\esm\icons\baggage-claim.js,.js,554
node_modules\.pnpm\lucide@1.8.0\node_modules\lucide\dist\esm\icons\balloon.js,.js,425
node_modules\.pnpm\lucide@1.8.0\node_modules\lucide\dist\esm\icons\ban.js,.js,337
node_modules\.pnpm\lucide@1.8.0\node_modules\lucide\dist\esm\icons\banana.js,.js,497
node_modules\.pnpm\lucide@1.8.0\node_modules\lucide\dist\esm\icons\bandage.js,.js,527
node_modules\.pnpm\lucide@1.8.0\node_modules\lucide\dist\esm\icons\banknote-arrow-down.js,.js,545
node_modules\.pnpm\lucide@1.8.0\node_modules\lucide\dist\esm\icons\banknote-arrow-up.js,.js,540
node_modules\.pnpm\lucide@1.8.0\node_modules\lucide\dist\esm\icons\banknote-x.js,.js,518
node_modules\.pnpm\lucide@1.8.0\node_modules\lucide\dist\esm\icons\banknote.js,.js,413
node_modules\.pnpm\lucide@1.8.0\node_modules\lucide\dist\esm\icons\barcode.js,.js,407
node_modules\.pnpm\lucide@1.8.0\node_modules\lucide\dist\esm\icons\barrel.js,.js,586
node_modules\.pnpm\lucide@1.8.0\node_modules\lucide\dist\esm\icons\baseline.js,.js,356
node_modules\.pnpm\lucide@1.8.0\node_modules\lucide\dist\esm\icons\bath.js,.js,467
node_modules\.pnpm\lucide@1.8.0\node_modules\lucide\dist\esm\icons\battery-charging.js,.js,491
node_modules\.pnpm\lucide@1.8.0\node_modules\lucide\dist\esm\icons\battery-full.js,.js,459
node_modules\.pnpm\lucide@1.8.0\node_modules\lucide\dist\esm\icons\battery-low.js,.js,395
node_modules\.pnpm\lucide@1.8.0\node_modules\lucide\dist\esm\icons\battery-medium.js,.js,436
node_modules\.pnpm\lucide@1.8.0\node_modules\lucide\dist\esm\icons\battery-plus.js,.js,501
node_modules\.pnpm\lucide@1.8.0\node_modules\lucide\dist\esm\icons\battery-warning.js,.js,496
node_modules\.pnpm\lucide@1.8.0\node_modules\lucide\dist\esm\icons\battery.js,.js,360
node_modules\.pnpm\lucide@1.8.0\node_modules\lucide\dist\esm\icons\beaker.js,.js,376
node_modules\.pnpm\lucide@1.8.0\node_modules\lucide\dist\esm\icons\bean-off.js,.js,583
node_modules\.pnpm\lucide@1.8.0\node_modules\lucide\dist\esm\icons\bean.js,.js,477
node_modules\.pnpm\lucide@1.8.0\node_modules\lucide\dist\esm\icons\bed-double.js,.js,449
node_modules\.pnpm\lucide@1.8.0\node_modules\lucide\dist\esm\icons\bed-single.js,.js,419
node_modules\.pnpm\lucide@1.8.0\node_modules\lucide\dist\esm\icons\bed.js,.js,379
node_modules\.pnpm\lucide@1.8.0\node_modules\lucide\dist\esm\icons\beef-off.js,.js,719
node_modules\.pnpm\lucide@1.8.0\node_modules\lucide\dist\esm\icons\beef.js,.js,574
node_modules\.pnpm\lucide@1.8.0\node_modules\lucide\dist\esm\icons\beer-off.js,.js,766
node_modules\.pnpm\lucide@1.8.0\node_modules\lucide\dist\esm\icons\beer.js,.js,625
node_modules\.pnpm\lucide@1.8.0\node_modules\lucide\dist\esm\icons\bell-dot.js,.js,525
node_modules\.pnpm\lucide@1.8.0\node_modules\lucide\dist\esm\icons\bell-electric.js,.js,559
node_modules\.pnpm\lucide@1.8.0\node_modules\lucide\dist\esm\icons\bell-minus.js,.js,508
node_modules\.pnpm\lucide@1.8.0\node_modules\lucide\dist\esm\icons\bell-off.js,.js,513
node_modules\.pnpm\lucide@1.8.0\node_modules\lucide\dist\esm\icons\bell-plus.js,.js,531
node_modules\.pnpm\lucide@1.8.0\node_modules\lucide\dist\esm\icons\bell-ring.js,.js,569
node_modules\.pnpm\lucide@1.8.0\node_modules\lucide\dist\esm\icons\bell.js,.js,466
node_modules\.pnpm\lucide@1.8.0\node_modules\lucide\dist\esm\icons\between-horizontal-end.js,.js,467
node_modules\.pnpm\lucide@1.8.0\node_modules\lucide\dist\esm\icons\between-horizontal-start.js,.js,471
node_modules\.pnpm\lucide@1.8.0\node_modules\lucide\dist\esm\icons\between-vertical-end.js,.js,460
node_modules\.pnpm\lucide@1.8.0\node_modules\lucide\dist\esm\icons\between-vertical-start.js,.js,466
node_modules\.pnpm\lucide@1.8.0\node_modules\lucide\dist\esm\icons\biceps-flexed.js,.js,605
node_modules\.pnpm\lucide@1.8.0\node_modules\lucide\dist\esm\icons\bike.js,.js,442
node_modules\.pnpm\lucide@1.8.0\node_modules\lucide\dist\esm\icons\binary.js,.js,510
node_modules\.pnpm\lucide@1.8.0\node_modules\lucide\dist\esm\icons\binoculars.js,.js,745
node_modules\.pnpm\lucide@1.8.0\node_modules\lucide\dist\esm\icons\biohazard.js,.js,801
node_modules\.pnpm\lucide@1.8.0\node_modules\lucide\dist\esm\icons\bird.js,.js,503
node_modules\.pnpm\lucide@1.8.0\node_modules\lucide\dist\esm\icons\birdhouse.js,.js,510
node_modules\.pnpm\lucide@1.8.0\node_modules\lucide\dist\esm\icons\bitcoin.js,.js,527
node_modules\.pnpm\lucide@1.8.0\node_modules\lucide\dist\esm\icons\blend.js,.js,338
node_modules\.pnpm\lucide@1.8.0\node_modules\lucide\dist\esm\icons\blinds.js,.js,480
node_modules\.pnpm\lucide@1.8.0\node_modules\lucide\dist\esm\icons\blocks.js,.js,454
node_modules\.pnpm\lucide@1.8.0\node_modules\lucide\dist\esm\icons\bluetooth-connected.js,.js,446
node_modules\.pnpm\lucide@1.8.0\node_modules\lucide\dist\esm\icons\bluetooth-off.js,.js,390
node_modules\.pnpm\lucide@1.8.0\node_modules\lucide\dist\esm\icons\bluetooth-searching.js,.js,421
node_modules\.pnpm\lucide@1.8.0\node_modules\lucide\dist\esm\icons\bluetooth.js,.js,304
node_modules\.pnpm\lucide@1.8.0\node_modules\lucide\dist\esm\icons\bold.js,.js,337
node_modules\.pnpm\lucide@1.8.0\node_modules\lucide\dist\esm\icons\bolt.js,.js,457
node_modules\.pnpm\lucide@1.8.0\node_modules\lucide\dist\esm\icons\bomb.js,.js,443
node_modules\.pnpm\lucide@1.8.0\node_modules\lucide\dist\esm\icons\bone.js,.js,482
node_modules\.pnpm\lucide@1.8.0\node_modules\lucide\dist\esm\icons\book-a.js,.js,440
node_modules\.pnpm\lucide@1.8.0\node_modules\lucide\dist\esm\icons\book-alert.js,.js,445
node_modules\.pnpm\lucide@1.8.0\node_modules\lucide\dist\esm\icons\book-audio.js,.js,471
node_modules\.pnpm\lucide@1.8.0\node_modules\lucide\dist\esm\icons\book-check.js,.js,419
node_modules\.pnpm\lucide@1.8.0\node_modules\lucide\dist\esm\icons\book-copy.js,.js,489
node_modules\.pnpm\lucide@1.8.0\node_modules\lucide\dist\esm\icons\book-dashed.js,.js,694
node_modules\.pnpm\lucide@1.8.0\node_modules\lucide\dist\esm\icons\book-down.js,.js,446
node_modules\.pnpm\lucide@1.8.0\node_modules\lucide\dist\esm\icons\book-headphones.js,.js,535
node_modules\.pnpm\lucide@1.8.0\node_modules\lucide\dist\esm\icons\book-heart.js,.js,525
node_modules\.pnpm\lucide@1.8.0\node_modules\lucide\dist\esm\icons\book-image.js,.js,489
node_modules\.pnpm\lucide@1.8.0\node_modules\lucide\dist\esm\icons\book-key.js,.js,485
node_modules\.pnpm\lucide@1.8.0\node_modules\lucide\dist\esm\icons\book-lock.js,.js,494
node_modules\.pnpm\lucide@1.8.0\node_modules\lucide\dist\esm\icons\book-marked.js,.js,425
node_modules\.pnpm\lucide@1.8.0\node_modules\lucide\dist\esm\icons\book-minus.js,.js,412
node_modules\.pnpm\lucide@1.8.0\node_modules\lucide\dist\esm\icons\book-open-check.js,.js,523
node_modules\.pnpm\lucide@1.8.0\node_modules\lucide\dist\esm\icons\book-open-text.js,.js,597
node_modules\.pnpm\lucide@1.8.0\node_modules\lucide\dist\esm\icons\book-open.js,.js,464
node_modules\.pnpm\lucide@1.8.0\node_modules\lucide\dist\esm\icons\book-plus.js,.js,439
node_modules\.pnpm\lucide@1.8.0\node_modules\lucide\dist\esm\icons\book-search.js,.js,477
node_modules\.pnpm\lucide@1.8.0\node_modules\lucide\dist\esm\icons\book-text.js,.js,438
node_modules\.pnpm\lucide@1.8.0\node_modules\lucide\dist\esm\icons\book-type.js,.js,474
node_modules\.pnpm\lucide@1.8.0\node_modules\lucide\dist\esm\icons\book-up-2.js,.js,494
node_modules\.pnpm\lucide@1.8.0\node_modules\lucide\dist\esm\icons\book-up.js,.js,440
node_modules\.pnpm\lucide@1.8.0\node_modules\lucide\dist\esm\icons\book-user.js,.js,467
node_modules\.pnpm\lucide@1.8.0\node_modules\lucide\dist\esm\icons\book-x.js,.js,437
node_modules\.pnpm\lucide@1.8.0\node_modules\lucide\dist\esm\icons\book.js,.js,366
node_modules\.pnpm\lucide@1.8.0\node_modules\lucide\dist\esm\icons\bookmark-check.js,.js,472
node_modules\.pnpm\lucide@1.8.0\node_modules\lucide\dist\esm\icons\bookmark-minus.js,.js,467
node_modules\.pnpm\lucide@1.8.0\node_modules\lucide\dist\esm\icons\bookmark-off.js,.js,488
node_modules\.pnpm\lucide@1.8.0\node_modules\lucide\dist\esm\icons\bookmark-plus.js,.js,494
node_modules\.pnpm\lucide@1.8.0\node_modules\lucide\dist\esm\icons\bookmark-x.js,.js,495
node_modules\.pnpm\lucide@1.8.0\node_modules\lucide\dist\esm\icons\bookmark.js,.js,420
node_modules\.pnpm\lucide@1.8.0\node_modules\lucide\dist\esm\icons\boom-box.js,.js,565
node_modules\.pnpm\lucide@1.8.0\node_modules\lucide\dist\esm\icons\bot-message-square.js,.js,597
node_modules\.pnpm\lucide@1.8.0\node_modules\lucide\dist\esm\icons\bot-off.js,.js,550
node_modules\.pnpm\lucide@1.8.0\node_modules\lucide\dist\esm\icons\bot.js,.js,464
node_modules\.pnpm\lucide@1.8.0\node_modules\lucide\dist\esm\icons\bottle-wine.js,.js,524
node_modules\.pnpm\lucide@1.8.0\node_modules\lucide\dist\esm\icons\bow-arrow.js,.js,700
node_modules\.pnpm\lucide@1.8.0\node_modules\lucide\dist\esm\icons\box.js,.js,478
node_modules\.pnpm\lucide@1.8.0\node_modules\lucide\dist\esm\icons\boxes.js,.js,1014
node_modules\.pnpm\lucide@1.8.0\node_modules\lucide\dist\esm\icons\braces.js,.js,437
node_modules\.pnpm\lucide@1.8.0\node_modules\lucide\dist\esm\icons\brackets.js,.js,383
node_modules\.pnpm\lucide@1.8.0\node_modules\lucide\dist\esm\icons\brain-circuit.js,.js,933
node_modules\.pnpm\lucide@1.8.0\node_modules\lucide\dist\esm\icons\brain-cog.js,.js,1137
node_modules\.pnpm\lucide@1.8.0\node_modules\lucide\dist\esm\icons\brain.js,.js,697
node_modules\.pnpm\lucide@1.8.0\node_modules\lucide\dist\esm\icons\brick-wall-fire.js,.js,671
node_modules\.pnpm\lucide@1.8.0\node_modules\lucide\dist\esm\icons\brick-wall-shield.js,.js,803
node_modules\.pnpm\lucide@1.8.0\node_modules\lucide\dist\esm\icons\brick-wall.js,.js,540
node_modules\.pnpm\lucide@1.8.0\node_modules\lucide\dist\esm\icons\briefcase-business.js,.js,501
node_modules\.pnpm\lucide@1.8.0\node_modules\lucide\dist\esm\icons\briefcase-conveyor-belt.js,.js,583
node_modules\.pnpm\lucide@1.8.0\node_modules\lucide\dist\esm\icons\briefcase-medical.js,.js,537
node_modules\.pnpm\lucide@1.8.0\node_modules\lucide\dist\esm\icons\briefcase.js,.js,393
node_modules\.pnpm\lucide@1.8.0\node_modules\lucide\dist\esm\icons\bring-to-front.js,.js,487
node_modules\.pnpm\lucide@1.8.0\node_modules\lucide\dist\esm\icons\brush-cleaning.js,.js,585
node_modules\.pnpm\lucide@1.8.0\node_modules\lucide\dist\esm\icons\brush.js,.js,459
node_modules\.pnpm\lucide@1.8.0\node_modules\lucide\dist\esm\icons\bubbles.js,.js,463
node_modules\.pnpm\lucide@1.8.0\node_modules\lucide\dist\esm\icons\bug-off.js,.js,784
node_modules\.pnpm\lucide@1.8.0\node_modules\lucide\dist\esm\icons\bug-play.js,.js,776
node_modules\.pnpm\lucide@1.8.0\node_modules\lucide\dist\esm\icons\bug.js,.js,726
node_modules\.pnpm\lucide@1.8.0\node_modules\lucide\dist\esm\icons\building-2.js,.js,529
node_modules\.pnpm\lucide@1.8.0\node_modules\lucide\dist\esm\icons\building.js,.js,679
node_modules\.pnpm\lucide@1.8.0\node_modules\lucide\dist\esm\icons\bus-front.js,.js,577
node_modules\.pnpm\lucide@1.8.0\node_modules\lucide\dist\esm\icons\bus.js,.js,605
node_modules\.pnpm\lucide@1.8.0\node_modules\lucide\dist\esm\icons\cable-car.js,.js,548
node_modules\.pnpm\lucide@1.8.0\node_modules\lucide\dist\esm\icons\cable.js,.js,621
node_modules\.pnpm\lucide@1.8.0\node_modules\lucide\dist\esm\icons\cake-slice.js,.js,544
node_modules\.pnpm\lucide@1.8.0\node_modules\lucide\dist\esm\icons\cake.js,.js,599
node_modules\.pnpm\lucide@1.8.0\node_modules\lucide\dist\esm\icons\calculator.js,.js,668
node_modules\.pnpm\lucide@1.8.0\node_modules\lucide\dist\esm\icons\calendar-1.js,.js,452
node_modules\.pnpm\lucide@1.8.0\node_modules\lucide\dist\esm\icons\calendar-arrow-down.js,.js,532
node_modules\.pnpm\lucide@1.8.0\node_modules\lucide\dist\esm\icons\calendar-arrow-up.js,.js,523
node_modules\.pnpm\lucide@1.8.0\node_modules\lucide\dist\esm\icons\calendar-check-2.js,.js,484
node_modules\.pnpm\lucide@1.8.0\node_modules\lucide\dist\esm\icons\calendar-check.js,.js,467
node_modules\.pnpm\lucide@1.8.0\node_modules\lucide\dist\esm\icons\calendar-clock.js,.js,530
node_modules\.pnpm\lucide@1.8.0\node_modules\lucide\dist\esm\icons\calendar-cog.js,.js,853
node_modules\.pnpm\lucide@1.8.0\node_modules\lucide\dist\esm\icons\calendar-days.js,.js,624
node_modules\.pnpm\lucide@1.8.0\node_modules\lucide\dist\esm\icons\calendar-fold.js,.js,565
node_modules\.pnpm\lucide@1.8.0\node_modules\lucide\dist\esm\icons\calendar-heart.js,.js,597
node_modules\.pnpm\lucide@1.8.0\node_modules\lucide\dist\esm\icons\calendar-minus-2.js,.js,466
node_modules\.pnpm\lucide@1.8.0\node_modules\lucide\dist\esm\icons\calendar-minus.js,.js,476
node_modules\.pnpm\lucide@1.8.0\node_modules\lucide\dist\esm\icons\calendar-off.js,.js,530
node_modules\.pnpm\lucide@1.8.0\node_modules\lucide\dist\esm\icons\calendar-plus-2.js,.js,494
node_modules\.pnpm\lucide@1.8.0\node_modules\lucide\dist\esm\icons\calendar-plus.js,.js,508
node_modules\.pnpm\lucide@1.8.0\node_modules\lucide\dist\esm\icons\calendar-range.js,.js,559
node_modules\.pnpm\lucide@1.8.0\node_modules\lucide\dist\esm\icons\calendar-search.js,.js,539
node_modules\.pnpm\lucide@1.8.0\node_modules\lucide\dist\esm\icons\calendar-sync.js,.js,624
node_modules\.pnpm\lucide@1.8.0\node_modules\lucide\dist\esm\icons\calendar-x-2.js,.js,501
node_modules\.pnpm\lucide@1.8.0\node_modules\lucide\dist\esm\icons\calendar-x.js,.js,485
node_modules\.pnpm\lucide@1.8.0\node_modules\lucide\dist\esm\icons\calendar.js,.js,415
node_modules\.pnpm\lucide@1.8.0\node_modules\lucide\dist\esm\icons\calendars.js,.js,533
node_modules\.pnpm\lucide@1.8.0\node_modules\lucide\dist\esm\icons\camera-off.js,.js,591
node_modules\.pnpm\lucide@1.8.0\node_modules\lucide\dist\esm\icons\camera.js,.js,520
node_modules\.pnpm\lucide@1.8.0\node_modules\lucide\dist\esm\icons\candy-cane.js,.js,531
node_modules\.pnpm\lucide@1.8.0\node_modules\lucide\dist\esm\icons\candy-off.js,.js,830
node_modules\.pnpm\lucide@1.8.0\node_modules\lucide\dist\esm\icons\candy.js,.js,774
node_modules\.pnpm\lucide@1.8.0\node_modules\lucide\dist\esm\icons\cannabis-off.js,.js,804
node_modules\.pnpm\lucide@1.8.0\node_modules\lucide\dist\esm\icons\cannabis.js,.js,571
node_modules\.pnpm\lucide@1.8.0\node_modules\lucide\dist\esm\icons\captions-off.js,.js,507
node_modules\.pnpm\lucide@1.8.0\node_modules\lucide\dist\esm\icons\captions.js,.js,387
node_modules\.pnpm\lucide@1.8.0\node_modules\lucide\dist\esm\icons\car-front.js,.js,546
node_modules\.pnpm\lucide@1.8.0\node_modules\lucide\dist\esm\icons\car-taxi-front.js,.js,589
node_modules\.pnpm\lucide@1.8.0\node_modules\lucide\dist\esm\icons\car.js,.js,578
node_modules\.pnpm\lucide@1.8.0\node_modules\lucide\dist\esm\icons\caravan.js,.js,522
node_modules\.pnpm\lucide@1.8.0\node_modules\lucide\dist\esm\icons\card-sim.js,.js,538
node_modules\.pnpm\lucide@1.8.0\node_modules\lucide\dist\esm\icons\carrot.js,.js,589
node_modules\.pnpm\lucide@1.8.0\node_modules\lucide\dist\esm\icons\case-lower.js,.js,425
node_modules\.pnpm\lucide@1.8.0\node_modules\lucide\dist\esm\icons\case-sensitive.js,.js,456
node_modules\.pnpm\lucide@1.8.0\node_modules\lucide\dist\esm\icons\case-upper.js,.js,477
node_modules\.pnpm\lucide@1.8.0\node_modules\lucide\dist\esm\icons\cassette-tape.js,.js,544
node_modules\.pnpm\lucide@1.8.0\node_modules\lucide\dist\esm\icons\cast.js,.js,466
node_modules\.pnpm\lucide@1.8.0\node_modules\lucide\dist\esm\icons\castle.js,.js,542
node_modules\.pnpm\lucide@1.8.0\node_modules\lucide\dist\esm\icons\cat.js,.js,621
node_modules\.pnpm\lucide@1.8.0\node_modules\lucide\dist\esm\icons\cctv-off.js,.js,722
node_modules\.pnpm\lucide@1.8.0\node_modules\lucide\dist\esm\icons\cctv.js,.js,661
node_modules\.pnpm\lucide@1.8.0\node_modules\lucide\dist\esm\icons\chart-area.js,.js,501
node_modules\.pnpm\lucide@1.8.0\node_modules\lucide\dist\esm\icons\chart-bar-big.js,.js,449
node_modules\.pnpm\lucide@1.8.0\node_modules\lucide\dist\esm\icons\chart-bar-decreasing.js,.js,426
node_modules\.pnpm\lucide@1.8.0\node_modules\lucide\dist\esm\icons\chart-bar-increasing.js,.js,426
node_modules\.pnpm\lucide@1.8.0\node_modules\lucide\dist\esm\icons\chart-bar-stacked.js,.js,522
node_modules\.pnpm\lucide@1.8.0\node_modules\lucide\dist\esm\icons\chart-bar.js,.js,395
node_modules\.pnpm\lucide@1.8.0\node_modules\lucide\dist\esm\icons\chart-candlestick.js,.js,582
node_modules\.pnpm\lucide@1.8.0\node_modules\lucide\dist\esm\icons\chart-column-big.js,.js,458
node_modules\.pnpm\lucide@1.8.0\node_modules\lucide\dist\esm\icons\chart-column-decreasing.js,.js,438
node_modules\.pnpm\lucide@1.8.0\node_modules\lucide\dist\esm\icons\chart-column-increasing.js,.js,438
node_modules\.pnpm\lucide@1.8.0\node_modules\lucide\dist\esm\icons\chart-column-stacked.js,.js,532
node_modules\.pnpm\lucide@1.8.0\node_modules\lucide\dist\esm\icons\chart-column.js,.js,407
node_modules\.pnpm\lucide@1.8.0\node_modules\lucide\dist\esm\icons\chart-gantt.js,.js,402
node_modules\.pnpm\lucide@1.8.0\node_modules\lucide\dist\esm\icons\chart-line.js,.js,348
node_modules\.pnpm\lucide@1.8.0\node_modules\lucide\dist\esm\icons\chart-network.js,.js,587
node_modules\.pnpm\lucide@1.8.0\node_modules\lucide\dist\esm\icons\chart-no-axes-column-decreasing.js,.js,411
node_modules\.pnpm\lucide@1.8.0\node_modules\lucide\dist\esm\icons\chart-no-axes-column-increasing.js,.js,411
node_modules\.pnpm\lucide@1.8.0\node_modules\lucide\dist\esm\icons\chart-no-axes-column.js,.js,380
node_modules\.pnpm\lucide@1.8.0\node_modules\lucide\dist\esm\icons\chart-no-axes-combined.js,.js,540
node_modules\.pnpm\lucide@1.8.0\node_modules\lucide\dist\esm\icons\chart-no-axes-gantt.js,.js,376
node_modules\.pnpm\lucide@1.8.0\node_modules\lucide\dist\esm\icons\chart-pie.js,.js,457
node_modules\.pnpm\lucide@1.8.0\node_modules\lucide\dist\esm\icons\chart-scatter.js,.js,678
node_modules\.pnpm\lucide@1.8.0\node_modules\lucide\dist\esm\icons\chart-spline.js,.js,385
node_modules\.pnpm\lucide@1.8.0\node_modules\lucide\dist\esm\icons\check-check.js,.js,345
node_modules\.pnpm\lucide@1.8.0\node_modules\lucide\dist\esm\icons\check-line.js,.js,361
node_modules\.pnpm\lucide@1.8.0\node_modules\lucide\dist\esm\icons\check.js,.js,282
node_modules\.pnpm\lucide@1.8.0\node_modules\lucide\dist\esm\icons\chef-hat.js,.js,490
node_modules\.pnpm\lucide@1.8.0\node_modules\lucide\dist\esm\icons\cherry.js,.js,553
node_modules\.pnpm\lucide@1.8.0\node_modules\lucide\dist\esm\icons\chess-bishop.js,.js,576
node_modules\.pnpm\lucide@1.8.0\node_modules\lucide\dist\esm\icons\chess-king.js,.js,618
node_modules\.pnpm\lucide@1.8.0\node_modules\lucide\dist\esm\icons\chess-knight.js,.js,634
node_modules\.pnpm\lucide@1.8.0\node_modules\lucide\dist\esm\icons\chess-pawn.js,.js,500
node_modules\.pnpm\lucide@1.8.0\node_modules\lucide\dist\esm\icons\chess-queen.js,.js,710
node_modules\.pnpm\lucide@1.8.0\node_modules\lucide\dist\esm\icons\chess-rook.js,.js,569
node_modules\.pnpm\lucide@1.8.0\node_modules\lucide\dist\esm\icons\chevron-down.js,.js,298
node_modules\.pnpm\lucide@1.8.0\node_modules\lucide\dist\esm\icons\chevron-first.js,.js,337
node_modules\.pnpm\lucide@1.8.0\node_modules\lucide\dist\esm\icons\chevron-last.js,.js,334
node_modules\.pnpm\lucide@1.8.0\node_modules\lucide\dist\esm\icons\chevron-left.js,.js,300
node_modules\.pnpm\lucide@1.8.0\node_modules\lucide\dist\esm\icons\chevron-right.js,.js,302
node_modules\.pnpm\lucide@1.8.0\node_modules\lucide\dist\esm\icons\chevron-up.js,.js,294
node_modules\.pnpm\lucide@1.8.0\node_modules\lucide\dist\esm\icons\chevrons-down-up.js,.js,348
node_modules\.pnpm\lucide@1.8.0\node_modules\lucide\dist\esm\icons\chevrons-down.js,.js,341
node_modules\.pnpm\lucide@1.8.0\node_modules\lucide\dist\esm\icons\chevrons-left-right-ellipsis.js,.js,480
node_modules\.pnpm\lucide@1.8.0\node_modules\lucide\dist\esm\icons\chevrons-left-right.js,.js,357
node_modules\.pnpm\lucide@1.8.0\node_modules\lucide\dist\esm\icons\chevrons-left.js,.js,344
node_modules\.pnpm\lucide@1.8.0\node_modules\lucide\dist\esm\icons\chevrons-right-left.js,.js,359
node_modules\.pnpm\lucide@1.8.0\node_modules\lucide\dist\esm\icons\chevrons-right.js,.js,346
node_modules\.pnpm\lucide@1.8.0\node_modules\lucide\dist\esm\icons\chevrons-up-down.js,.js,348
node_modules\.pnpm\lucide@1.8.0\node_modules\lucide\dist\esm\icons\chevrons-up.js,.js,338
node_modules\.pnpm\lucide@1.8.0\node_modules\lucide\dist\esm\icons\church.js,.js,601
node_modules\.pnpm\lucide@1.8.0\node_modules\lucide\dist\esm\icons\cigarette-off.js,.js,547
node_modules\.pnpm\lucide@1.8.0\node_modules\lucide\dist\esm\icons\cigarette.js,.js,502
node_modules\.pnpm\lucide@1.8.0\node_modules\lucide\dist\esm\icons\circle-alert.js,.js,428
node_modules\.pnpm\lucide@1.8.0\node_modules\lucide\dist\esm\icons\circle-arrow-down.js,.js,393
node_modules\.pnpm\lucide@1.8.0\node_modules\lucide\dist\esm\icons\circle-arrow-left.js,.js,394
node_modules\.pnpm\lucide@1.8.0\node_modules\lucide\dist\esm\icons\circle-arrow-out-down-left.js,.js,416
node_modules\.pnpm\lucide@1.8.0\node_modules\lucide\dist\esm\icons\circle-arrow-out-down-right.js,.js,422
node_modules\.pnpm\lucide@1.8.0\node_modules\lucide\dist\esm\icons\circle-arrow-out-up-left.js,.js,406
node_modules\.pnpm\lucide@1.8.0\node_modules\lucide\dist\esm\icons\circle-arrow-out-up-right.js,.js,412
node_modules\.pnpm\lucide@1.8.0\node_modules\lucide\dist\esm\icons\circle-arrow-right.js,.js,397
node_modules\.pnpm\lucide@1.8.0\node_modules\lucide\dist\esm\icons\circle-arrow-up.js,.js,389
node_modules\.pnpm\lucide@1.8.0\node_modules\lucide\dist\esm\icons\circle-check-big.js,.js,368
node_modules\.pnpm\lucide@1.8.0\node_modules\lucide\dist\esm\icons\circle-check.js,.js,350
node_modules\.pnpm\lucide@1.8.0\node_modules\lucide\dist\esm\icons\circle-chevron-down.js,.js,370
node_modules\.pnpm\lucide@1.8.0\node_modules\lucide\dist\esm\icons\circle-chevron-left.js,.js,370
node_modules\.pnpm\lucide@1.8.0\node_modules\lucide\dist\esm\icons\circle-chevron-right.js,.js,372
node_modules\.pnpm\lucide@1.8.0\node_modules\lucide\dist\esm\icons\circle-chevron-up.js,.js,363
node_modules\.pnpm\lucide@1.8.0\node_modules\lucide\dist\esm\icons\circle-dashed.js,.js,708
node_modules\.pnpm\lucide@1.8.0\node_modules\lucide\dist\esm\icons\circle-divide.js,.js,482
node_modules\.pnpm\lucide@1.8.0\node_modules\lucide\dist\esm\icons\circle-dollar-sign.js,.js,424
node_modules\.pnpm\lucide@1.8.0\node_modules\lucide\dist\esm\icons\circle-dot-dashed.js,.js,780
node_modules\.pnpm\lucide@1.8.0\node_modules\lucide\dist\esm\icons\circle-dot.js,.js,354
node_modules\.pnpm\lucide@1.8.0\node_modules\lucide\dist\esm\icons\circle-ellipsis.js,.js,421
node_modules\.pnpm\lucide@1.8.0\node_modules\lucide\dist\esm\icons\circle-equal.js,.js,376
node_modules\.pnpm\lucide@1.8.0\node_modules\lucide\dist\esm\icons\circle-fading-arrow-up.js,.js,628
node_modules\.pnpm\lucide@1.8.0\node_modules\lucide\dist\esm\icons\circle-fading-plus.js,.js,611
node_modules\.pnpm\lucide@1.8.0\node_modules\lucide\dist\esm\icons\circle-gauge.js,.js,403
node_modules\.pnpm\lucide@1.8.0\node_modules\lucide\dist\esm\icons\circle-minus.js,.js,344
node_modules\.pnpm\lucide@1.8.0\node_modules\lucide\dist\esm\icons\circle-off.js,.js,407
node_modules\.pnpm\lucide@1.8.0\node_modules\lucide\dist\esm\icons\circle-parking-off.js,.js,552
node_modules\.pnpm\lucide@1.8.0\node_modules\lucide\dist\esm\icons\circle-parking.js,.js,368
node_modules\.pnpm\lucide@1.8.0\node_modules\lucide\dist\esm\icons\circle-pause.js,.js,424
node_modules\.pnpm\lucide@1.8.0\node_modules\lucide\dist\esm\icons\circle-percent.js,.js,416
node_modules\.pnpm\lucide@1.8.0\node_modules\lucide\dist\esm\icons\circle-pile.js,.js,537
node_modules\.pnpm\lucide@1.8.0\node_modules\lucide\dist\esm\icons\circle-play.js,.js,448
node_modules\.pnpm\lucide@1.8.0\node_modules\lucide\dist\esm\icons\circle-plus.js,.js,371
node_modules\.pnpm\lucide@1.8.0\node_modules\lucide\dist\esm\icons\circle-pound-sterling.js,.js,446
node_modules\.pnpm\lucide@1.8.0\node_modules\lucide\dist\esm\icons\circle-power.js,.js,396
node_modules\.pnpm\lucide@1.8.0\node_modules\lucide\dist\esm\icons\circle-question-mark.js,.js,428
node_modules\.pnpm\lucide@1.8.0\node_modules\lucide\dist\esm\icons\circle-slash-2.js,.js,351
node_modules\.pnpm\lucide@1.8.0\node_modules\lucide\dist\esm\icons\circle-slash.js,.js,368
node_modules\.pnpm\lucide@1.8.0\node_modules\lucide\dist\esm\icons\circle-small.js,.js,309
node_modules\.pnpm\lucide@1.8.0\node_modules\lucide\dist\esm\icons\circle-star.js,.js,672
node_modules\.pnpm\lucide@1.8.0\node_modules\lucide\dist\esm\icons\circle-stop.js,.js,377
node_modules\.pnpm\lucide@1.8.0\node_modules\lucide\dist\esm\icons\circle-user-round.js,.js,431
node_modules\.pnpm\lucide@1.8.0\node_modules\lucide\dist\esm\icons\circle-user.js,.js,428
node_modules\.pnpm\lucide@1.8.0\node_modules\lucide\dist\esm\icons\circle-x.js,.js,365
node_modules\.pnpm\lucide@1.8.0\node_modules\lucide\dist\esm\icons\circle.js,.js,294
node_modules\.pnpm\lucide@1.8.0\node_modules\lucide\dist\esm\icons\circuit-board.js,.js,521
node_modules\.pnpm\lucide@1.8.0\node_modules\lucide\dist\esm\icons\citrus.js,.js,500
node_modules\.pnpm\lucide@1.8.0\node_modules\lucide\dist\esm\icons\clapperboard.js,.js,518
node_modules\.pnpm\lucide@1.8.0\node_modules\lucide\dist\esm\icons\clipboard-check.js,.js,482
node_modules\.pnpm\lucide@1.8.0\node_modules\lucide\dist\esm\icons\clipboard-clock.js,.js,538
node_modules\.pnpm\lucide@1.8.0\node_modules\lucide\dist\esm\icons\clipboard-copy.js,.js,543
node_modules\.pnpm\lucide@1.8.0\node_modules\lucide\dist\esm\icons\clipboard-list.js,.js,569
node_modules\.pnpm\lucide@1.8.0\node_modules\lucide\dist\esm\icons\clipboard-minus.js,.js,476
node_modules\.pnpm\lucide@1.8.0\node_modules\lucide\dist\esm\icons\clipboard-paste.js,.js,546
node_modules\.pnpm\lucide@1.8.0\node_modules\lucide\dist\esm\icons\clipboard-pen-line.js,.js,679
node_modules\.pnpm\lucide@1.8.0\node_modules\lucide\dist\esm\icons\clipboard-pen.js,.js,615
node_modules\.pnpm\lucide@1.8.0\node_modules\lucide\dist\esm\icons\clipboard-plus.js,.js,505
node_modules\.pnpm\lucide@1.8.0\node_modules\lucide\dist\esm\icons\clipboard-type.js,.js,540
node_modules\.pnpm\lucide@1.8.0\node_modules\lucide\dist\esm\icons\clipboard-x.js,.js,499
node_modules\.pnpm\lucide@1.8.0\node_modules\lucide\dist\esm\icons\clipboard.js,.js,430
node_modules\.pnpm\lucide@1.8.0\node_modules\lucide\dist\esm\icons\clock-1.js,.js,333
node_modules\.pnpm\lucide@1.8.0\node_modules\lucide\dist\esm\icons\clock-10.js,.js,337
node_modules\.pnpm\lucide@1.8.0\node_modules\lucide\dist\esm\icons\clock-11.js,.js,337
node_modules\.pnpm\lucide@1.8.0\node_modules\lucide\dist\esm\icons\clock-12.js,.js,332
node_modules\.pnpm\lucide@1.8.0\node_modules\lucide\dist\esm\icons\clock-2.js,.js,333
node_modules\.pnpm\lucide@1.8.0\node_modules\lucide\dist\esm\icons\clock-3.js,.js,331
node_modules\.pnpm\lucide@1.8.0\node_modules\lucide\dist\esm\icons\clock-4.js,.js,333
node_modules\.pnpm\lucide@1.8.0\node_modules\lucide\dist\esm\icons\clock-5.js,.js,333
node_modules\.pnpm\lucide@1.8.0\node_modules\lucide\dist\esm\icons\clock-6.js,.js,330
node_modules\.pnpm\lucide@1.8.0\node_modules\lucide\dist\esm\icons\clock-7.js,.js,334
node_modules\.pnpm\lucide@1.8.0\node_modules\lucide\dist\esm\icons\clock-8.js,.js,334
node_modules\.pnpm\lucide@1.8.0\node_modules\lucide\dist\esm\icons\clock-9.js,.js,331
node_modules\.pnpm\lucide@1.8.0\node_modules\lucide\dist\esm\icons\clock-alert.js,.js,416
node_modules\.pnpm\lucide@1.8.0\node_modules\lucide\dist\esm\icons\clock-arrow-down.js,.js,440
node_modules\.pnpm\lucide@1.8.0\node_modules\lucide\dist\esm\icons\clock-arrow-up.js,.js,439
node_modules\.pnpm\lucide@1.8.0\node_modules\lucide\dist\esm\icons\clock-check.js,.js,390
node_modules\.pnpm\lucide@1.8.0\node_modules\lucide\dist\esm\icons\clock-fading.js,.js,568
node_modules\.pnpm\lucide@1.8.0\node_modules\lucide\dist\esm\icons\clock-plus.js,.js,425
node_modules\.pnpm\lucide@1.8.0\node_modules\lucide\dist\esm\icons\clock.js,.js,329
node_modules\.pnpm\lucide@1.8.0\node_modules\lucide\dist\esm\icons\closed-caption.js,.js,437
node_modules\.pnpm\lucide@1.8.0\node_modules\lucide\dist\esm\icons\cloud-alert.js,.js,408
node_modules\.pnpm\lucide@1.8.0\node_modules\lucide\dist\esm\icons\cloud-backup.js,.js,473
node_modules\.pnpm\lucide@1.8.0\node_modules\lucide\dist\esm\icons\cloud-check.js,.js,390
node_modules\.pnpm\lucide@1.8.0\node_modules\lucide\dist\esm\icons\cloud-cog.js,.js,768
node_modules\.pnpm\lucide@1.8.0\node_modules\lucide\dist\esm\icons\cloud-download.js,.js,427
node_modules\.pnpm\lucide@1.8.0\node_modules\lucide\dist\esm\icons\cloud-drizzle.js,.js,533
node_modules\.pnpm\lucide@1.8.0\node_modules\lucide\dist\esm\icons\cloud-fog.js,.js,399
node_modules\.pnpm\lucide@1.8.0\node_modules\lucide\dist\esm\icons\cloud-hail.js,.js,530
node_modules\.pnpm\lucide@1.8.0\node_modules\lucide\dist\esm\icons\cloud-lightning.js,.js,394
node_modules\.pnpm\lucide@1.8.0\node_modules\lucide\dist\esm\icons\cloud-moon-rain.js,.js,583
node_modules\.pnpm\lucide@1.8.0\node_modules\lucide\dist\esm\icons\cloud-moon.js,.js,507
node_modules\.pnpm\lucide@1.8.0\node_modules\lucide\dist\esm\icons\cloud-off.js,.js,456
node_modules\.pnpm\lucide@1.8.0\node_modules\lucide\dist\esm\icons\cloud-rain-wind.js,.js,452
node_modules\.pnpm\lucide@1.8.0\node_modules\lucide\dist\esm\icons\cloud-rain.js,.js,432
node_modules\.pnpm\lucide@1.8.0\node_modules\lucide\dist\esm\icons\cloud-snow.js,.js,536
node_modules\.pnpm\lucide@1.8.0\node_modules\lucide\dist\esm\icons\cloud-sun-rain.js,.js,602
node_modules\.pnpm\lucide@1.8.0\node_modules\lucide\dist\esm\icons\cloud-sun.js,.js,529
node_modules\.pnpm\lucide@1.8.0\node_modules\lucide\dist\esm\icons\cloud-sync.js,.js,530
node_modules\.pnpm\lucide@1.8.0\node_modules\lucide\dist\esm\icons\cloud-upload.js,.js,413
node_modules\.pnpm\lucide@1.8.0\node_modules\lucide\dist\esm\icons\cloud.js,.js,318
node_modules\.pnpm\lucide@1.8.0\node_modules\lucide\dist\esm\icons\cloudy.js,.js,398
node_modules\.pnpm\lucide@1.8.0\node_modules\lucide\dist\esm\icons\clover.js,.js,593
node_modules\.pnpm\lucide@1.8.0\node_modules\lucide\dist\esm\icons\club.js,.js,398
node_modules\.pnpm\lucide@1.8.0\node_modules\lucide\dist\esm\icons\code-xml.js,.js,362
node_modules\.pnpm\lucide@1.8.0\node_modules\lucide\dist\esm\icons\code.js,.js,317
node_modules\.pnpm\lucide@1.8.0\node_modules\lucide\dist\esm\icons\coffee.js,.js,472
node_modules\.pnpm\lucide@1.8.0\node_modules\lucide\dist\esm\icons\cog.js,.js,764
node_modules\.pnpm\lucide@1.8.0\node_modules\lucide\dist\esm\icons\coins.js,.js,433
node_modules\.pnpm\lucide@1.8.0\node_modules\lucide\dist\esm\icons\columns-2.js,.js,357
node_modules\.pnpm\lucide@1.8.0\node_modules\lucide\dist\esm\icons\columns-3-cog.js,.js,766
node_modules\.pnpm\lucide@1.8.0\node_modules\lucide\dist\esm\icons\columns-3.js,.js,387
node_modules\.pnpm\lucide@1.8.0\node_modules\lucide\dist\esm\icons\columns-4.js,.js,422
node_modules\.pnpm\lucide@1.8.0\node_modules\lucide\dist\esm\icons\combine.js,.js,587
node_modules\.pnpm\lucide@1.8.0\node_modules\lucide\dist\esm\icons\command.js,.js,348
node_modules\.pnpm\lucide@1.8.0\node_modules\lucide\dist\esm\icons\compass.js,.js,437
node_modules\.pnpm\lucide@1.8.0\node_modules\lucide\dist\esm\icons\component.js,.js,931
node_modules\.pnpm\lucide@1.8.0\node_modules\lucide\dist\esm\icons\computer.js,.js,453
node_modules\.pnpm\lucide@1.8.0\node_modules\lucide\dist\esm\icons\concierge-bell.js,.js,470
node_modules\.pnpm\lucide@1.8.0\node_modules\lucide\dist\esm\icons\cone.js,.js,369
node_modules\.pnpm\lucide@1.8.0\node_modules\lucide\dist\esm\icons\construction.js,.js,560
node_modules\.pnpm\lucide@1.8.0\node_modules\lucide\dist\esm\icons\contact-round.js,.js,491
node_modules\.pnpm\lucide@1.8.0\node_modules\lucide\dist\esm\icons\contact.js,.js,490
node_modules\.pnpm\lucide@1.8.0\node_modules\lucide\dist\esm\icons\container.js,.js,615
node_modules\.pnpm\lucide@1.8.0\node_modules\lucide\dist\esm\icons\contrast.js,.js,352
node_modules\.pnpm\lucide@1.8.0\node_modules\lucide\dist\esm\icons\cookie.js,.js,493
node_modules\.pnpm\lucide@1.8.0\node_modules\lucide\dist\esm\icons\cooking-pot.js,.js,490
node_modules\.pnpm\lucide@1.8.0\node_modules\lucide\dist\esm\icons\copy-check.js,.js,453
node_modules\.pnpm\lucide@1.8.0\node_modules\lucide\dist\esm\icons\copy-minus.js,.js,472
node_modules\.pnpm\lucide@1.8.0\node_modules\lucide\dist\esm\icons\copy-plus.js,.js,525
node_modules\.pnpm\lucide@1.8.0\node_modules\lucide\dist\esm\icons\copy-slash.js,.js,472
node_modules\.pnpm\lucide@1.8.0\node_modules\lucide\dist\esm\icons\copy-x.js,.js,516
node_modules\.pnpm\lucide@1.8.0\node_modules\lucide\dist\esm\icons\copy.js,.js,400
node_modules\.pnpm\lucide@1.8.0\node_modules\lucide\dist\esm\icons\copyleft.js,.js,355
node_modules\.pnpm\lucide@1.8.0\node_modules\lucide\dist\esm\icons\copyright.js,.js,359
node_modules\.pnpm\lucide@1.8.0\node_modules\lucide\dist\esm\icons\corner-down-left.js,.js,359
node_modules\.pnpm\lucide@1.8.0\node_modules\lucide\dist\esm\icons\corner-down-right.js,.js,363
node_modules\.pnpm\lucide@1.8.0\node_modules\lucide\dist\esm\icons\corner-left-down.js,.js,362
node_modules\.pnpm\lucide@1.8.0\node_modules\lucide\dist\esm\icons\corner-left-up.js,.js,355
node_modules\.pnpm\lucide@1.8.0\node_modules\lucide\dist\esm\icons\corner-right-down.js,.js,363
node_modules\.pnpm\lucide@1.8.0\node_modules\lucide\dist\esm\icons\corner-right-up.js,.js,356
node_modules\.pnpm\lucide@1.8.0\node_modules\lucide\dist\esm\icons\corner-up-left.js,.js,355
node_modules\.pnpm\lucide@1.8.0\node_modules\lucide\dist\esm\icons\corner-up-right.js,.js,359
node_modules\.pnpm\lucide@1.8.0\node_modules\lucide\dist\esm\icons\cpu.js,.js,738
node_modules\.pnpm\lucide@1.8.0\node_modules\lucide\dist\esm\icons\creative-commons.js,.js,506
node_modules\.pnpm\lucide@1.8.0\node_modules\lucide\dist\esm\icons\credit-card.js,.js,387
node_modules\.pnpm\lucide@1.8.0\node_modules\lucide\dist\esm\icons\croissant.js,.js,760
node_modules\.pnpm\lucide@1.8.0\node_modules\lucide\dist\esm\icons\crop.js,.js,339
node_modules\.pnpm\lucide@1.8.0\node_modules\lucide\dist\esm\icons\cross.js,.js,492
node_modules\.pnpm\lucide@1.8.0\node_modules\lucide\dist\esm\icons\crosshair.js,.js,527
node_modules\.pnpm\lucide@1.8.0\node_modules\lucide\dist\esm\icons\crown.js,.js,540
node_modules\.pnpm\lucide@1.8.0\node_modules\lucide\dist\esm\icons\cuboid.js,.js,522
node_modules\.pnpm\lucide@1.8.0\node_modules\lucide\dist\esm\icons\cup-soda.js,.js,469
node_modules\.pnpm\lucide@1.8.0\node_modules\lucide\dist\esm\icons\currency.js,.js,519
node_modules\.pnpm\lucide@1.8.0\node_modules\lucide\dist\esm\icons\cylinder.js,.js,360
node_modules\.pnpm\lucide@1.8.0\node_modules\lucide\dist\esm\icons\dam.js,.js,634
node_modules\.pnpm\lucide@1.8.0\node_modules\lucide\dist\esm\icons\database-backup.js,.js,589
node_modules\.pnpm\lucide@1.8.0\node_modules\lucide\dist\esm\icons\database-search.js,.js,555
node_modules\.pnpm\lucide@1.8.0\node_modules\lucide\dist\esm\icons\database-zap.js,.js,496
node_modules\.pnpm\lucide@1.8.0\node_modules\lucide\dist\esm\icons\database.js,.js,405
node_modules\.pnpm\lucide@1.8.0\node_modules\lucide\dist\esm\icons\decimals-arrow-left.js,.js,455
node_modules\.pnpm\lucide@1.8.0\node_modules\lucide\dist\esm\icons\decimals-arrow-right.js,.js,527
node_modules\.pnpm\lucide@1.8.0\node_modules\lucide\dist\esm\icons\delete.js,.js,477
node_modules\.pnpm\lucide@1.8.0\node_modules\lucide\dist\esm\icons\dessert.js,.js,537
node_modules\.pnpm\lucide@1.8.0\node_modules\lucide\dist\esm\icons\diameter.js,.js,506
node_modules\.pnpm\lucide@1.8.0\node_modules\lucide\dist\esm\icons\diamond-minus.js,.js,477
node_modules\.pnpm\lucide@1.8.0\node_modules\lucide\dist\esm\icons\diamond-percent.js,.js,561
node_modules\.pnpm\lucide@1.8.0\node_modules\lucide\dist\esm\icons\diamond-plus.js,.js,504
node_modules\.pnpm\lucide@1.8.0\node_modules\lucide\dist\esm\icons\diamond.js,.js,432
node_modules\.pnpm\lucide@1.8.0\node_modules\lucide\dist\esm\icons\dice-1.js,.js,359
node_modules\.pnpm\lucide@1.8.0\node_modules\lucide\dist\esm\icons\dice-2.js,.js,390
node_modules\.pnpm\lucide@1.8.0\node_modules\lucide\dist\esm\icons\dice-3.js,.js,423
node_modules\.pnpm\lucide@1.8.0\node_modules\lucide\dist\esm\icons\dice-4.js,.js,454
node_modules\.pnpm\lucide@1.8.0\node_modules\lucide\dist\esm\icons\dice-5.js,.js,487
node_modules\.pnpm\lucide@1.8.0\node_modules\lucide\dist\esm\icons\dice-6.js,.js,519
node_modules\.pnpm\lucide@1.8.0\node_modules\lucide\dist\esm\icons\dices.js,.js,548
node_modules\.pnpm\lucide@1.8.0\node_modules\lucide\dist\esm\icons\diff.js,.js,338
node_modules\.pnpm\lucide@1.8.0\node_modules\lucide\dist\esm\icons\disc-2.js,.js,375
node_modules\.pnpm\lucide@1.8.0\node_modules\lucide\dist\esm\icons\disc-3.js,.js,440
node_modules\.pnpm\lucide@1.8.0\node_modules\lucide\dist\esm\icons\disc-album.js,.js,408
node_modules\.pnpm\lucide@1.8.0\node_modules\lucide\dist\esm\icons\disc.js,.js,338
node_modules\.pnpm\lucide@1.8.0\node_modules\lucide\dist\esm\icons\divide.js,.js,397
node_modules\.pnpm\lucide@1.8.0\node_modules\lucide\dist\esm\icons\dna-off.js,.js,705
node_modules\.pnpm\lucide@1.8.0\node_modules\lucide\dist\esm\icons\dna.js,.js,725
node_modules\.pnpm\lucide@1.8.0\node_modules\lucide\dist\esm\icons\dock.js,.js,374
node_modules\.pnpm\lucide@1.8.0\node_modules\lucide\dist\esm\icons\dog.js,.js,824
node_modules\.pnpm\lucide@1.8.0\node_modules\lucide\dist\esm\icons\dollar-sign.js,.js,391
node_modules\.pnpm\lucide@1.8.0\node_modules\lucide\dist\esm\icons\donut.js,.js,431
node_modules\.pnpm\lucide@1.8.0\node_modules\lucide\dist\esm\icons\door-closed-locked.js,.js,525
node_modules\.pnpm\lucide@1.8.0\node_modules\lucide\dist\esm\icons\door-closed.js,.js,392
node_modules\.pnpm\lucide@1.8.0\node_modules\lucide\dist\esm\icons\door-open.js,.js,539
node_modules\.pnpm\lucide@1.8.0\node_modules\lucide\dist\esm\icons\dot.js,.js,288
node_modules\.pnpm\lucide@1.8.0\node_modules\lucide\dist\esm\icons\download.js,.js,388
node_modules\.pnpm\lucide@1.8.0\node_modules\lucide\dist\esm\icons\drafting-compass.js,.js,500
node_modules\.pnpm\lucide@1.8.0\node_modules\lucide\dist\esm\icons\drama.js,.js,700
node_modules\.pnpm\lucide@1.8.0\node_modules\lucide\dist\esm\icons\drill.js,.js,641
node_modules\.pnpm\lucide@1.8.0\node_modules\lucide\dist\esm\icons\drone.js,.js,672
node_modules\.pnpm\lucide@1.8.0\node_modules\lucide\dist\esm\icons\droplet-off.js,.js,529
node_modules\.pnpm\lucide@1.8.0\node_modules\lucide\dist\esm\icons\droplet.js,.js,400
node_modules\.pnpm\lucide@1.8.0\node_modules\lucide\dist\esm\icons\droplets.js,.js,579
node_modules\.pnpm\lucide@1.8.0\node_modules\lucide\dist\esm\icons\drum.js,.js,512
node_modules\.pnpm\lucide@1.8.0\node_modules\lucide\dist\esm\icons\drumstick.js,.js,446
node_modules\.pnpm\lucide@1.8.0\node_modules\lucide\dist\esm\icons\dumbbell.js,.js,748
node_modules\.pnpm\lucide@1.8.0\node_modules\lucide\dist\esm\icons\ear-off.js,.js,586
node_modules\.pnpm\lucide@1.8.0\node_modules\lucide\dist\esm\icons\ear.js,.js,385
node_modules\.pnpm\lucide@1.8.0\node_modules\lucide\dist\esm\icons\earth-lock.js,.js,607
node_modules\.pnpm\lucide@1.8.0\node_modules\lucide\dist\esm\icons\earth.js,.js,553
node_modules\.pnpm\lucide@1.8.0\node_modules\lucide\dist\esm\icons\eclipse.js,.js,345
node_modules\.pnpm\lucide@1.8.0\node_modules\lucide\dist\esm\icons\egg-fried.js,.js,485
node_modules\.pnpm\lucide@1.8.0\node_modules\lucide\dist\esm\icons\egg-off.js,.js,443
node_modules\.pnpm\lucide@1.8.0\node_modules\lucide\dist\esm\icons\egg.js,.js,308
node_modules\.pnpm\lucide@1.8.0\node_modules\lucide\dist\esm\icons\ellipse.js,.js,308
node_modules\.pnpm\lucide@1.8.0\node_modules\lucide\dist\esm\icons\ellipsis-vertical.js,.js,419
node_modules\.pnpm\lucide@1.8.0\node_modules\lucide\dist\esm\icons\ellipsis.js,.js,394
node_modules\.pnpm\lucide@1.8.0\node_modules\lucide\dist\esm\icons\equal-approximately.js,.js,415
node_modules\.pnpm\lucide@1.8.0\node_modules\lucide\dist\esm\icons\equal-not.js,.js,420
node_modules\.pnpm\lucide@1.8.0\node_modules\lucide\dist\esm\icons\equal.js,.js,356
node_modules\.pnpm\lucide@1.8.0\node_modules\lucide\dist\esm\icons\eraser.js,.js,462
node_modules\.pnpm\lucide@1.8.0\node_modules\lucide\dist\esm\icons\ethernet-port.js,.js,505
node_modules\.pnpm\lucide@1.8.0\node_modules\lucide\dist\esm\icons\euro.js,.js,420
node_modules\.pnpm\lucide@1.8.0\node_modules\lucide\dist\esm\icons\ev-charger.js,.js,517
node_modules\.pnpm\lucide@1.8.0\node_modules\lucide\dist\esm\icons\expand.js,.js,509
node_modules\.pnpm\lucide@1.8.0\node_modules\lucide\dist\esm\icons\external-link.js,.js,415
node_modules\.pnpm\lucide@1.8.0\node_modules\lucide\dist\esm\icons\eye-closed.js,.js,469
node_modules\.pnpm\lucide@1.8.0\node_modules\lucide\dist\esm\icons\eye-off.js,.js,620
node_modules\.pnpm\lucide@1.8.0\node_modules\lucide\dist\esm\icons\eye.js,.js,434
node_modules\.pnpm\lucide@1.8.0\node_modules\lucide\dist\esm\icons\factory.js,.js,577
node_modules\.pnpm\lucide@1.8.0\node_modules\lucide\dist\esm\icons\fan.js,.js,501
node_modules\.pnpm\lucide@1.8.0\node_modules\lucide\dist\esm\icons\fast-forward.js,.js,453
node_modules\.pnpm\lucide@1.8.0\node_modules\lucide\dist\esm\icons\feather.js,.js,476
node_modules\.pnpm\lucide@1.8.0\node_modules\lucide\dist\esm\icons\fence.js,.js,568
node_modules\.pnpm\lucide@1.8.0\node_modules\lucide\dist\esm\icons\ferris-wheel.js,.js,599
node_modules\.pnpm\lucide@1.8.0\node_modules\lucide\dist\esm\icons\file-archive.js,.js,601
node_modules\.pnpm\lucide@1.8.0\node_modules\lucide\dist\esm\icons\file-axis-3d.js,.js,530
node_modules\.pnpm\lucide@1.8.0\node_modules\lucide\dist\esm\icons\file-badge.js,.js,657
node_modules\.pnpm\lucide@1.8.0\node_modules\lucide\dist\esm\icons\file-box.js,.js,725
node_modules\.pnpm\lucide@1.8.0\node_modules\lucide\dist\esm\icons\file-braces-corner.js,.js,651
node_modules\.pnpm\lucide@1.8.0\node_modules\lucide\dist\esm\icons\file-braces.js,.js,645
node_modules\.pnpm\lucide@1.8.0\node_modules\lucide\dist\esm\icons\file-chart-column-increasing.js,.js,607
node_modules\.pnpm\lucide@1.8.0\node_modules\lucide\dist\esm\icons\file-chart-column.js,.js,576
node_modules\.pnpm\lucide@1.8.0\node_modules\lucide\dist\esm\icons\file-chart-line.js,.js,521
node_modules\.pnpm\lucide@1.8.0\node_modules\lucide\dist\esm\icons\file-chart-pie.js,.js,670
node_modules\.pnpm\lucide@1.8.0\node_modules\lucide\dist\esm\icons\file-check-corner.js,.js,507
node_modules\.pnpm\lucide@1.8.0\node_modules\lucide\dist\esm\icons\file-check.js,.js,498
node_modules\.pnpm\lucide@1.8.0\node_modules\lucide\dist\esm\icons\file-clock.js,.js,537
node_modules\.pnpm\lucide@1.8.0\node_modules\lucide\dist\esm\icons\file-code-corner.js,.js,544
node_modules\.pnpm\lucide@1.8.0\node_modules\lucide\dist\esm\icons\file-code.js,.js,544
node_modules\.pnpm\lucide@1.8.0\node_modules\lucide\dist\esm\icons\file-cog.js,.js,862
node_modules\.pnpm\lucide@1.8.0\node_modules\lucide\dist\esm\icons\file-diff.js,.js,504
node_modules\.pnpm\lucide@1.8.0\node_modules\lucide\dist\esm\icons\file-digit.js,.js,578
node_modules\.pnpm\lucide@1.8.0\node_modules\lucide\dist\esm\icons\file-down.js,.js,527
node_modules\.pnpm\lucide@1.8.0\node_modules\lucide\dist\esm\icons\file-exclamation-point.js,.js,513
node_modules\.pnpm\lucide@1.8.0\node_modules\lucide\dist\esm\icons\file-headphone.js,.js,589
node_modules\.pnpm\lucide@1.8.0\node_modules\lucide\dist\esm\icons\file-heart.js,.js,590
node_modules\.pnpm\lucide@1.8.0\node_modules\lucide\dist\esm\icons\file-image.js,.js,578
node_modules\.pnpm\lucide@1.8.0\node_modules\lucide\dist\esm\icons\file-input.js,.js,533
node_modules\.pnpm\lucide@1.8.0\node_modules\lucide\dist\esm\icons\file-key.js,.js,553
node_modules\.pnpm\lucide@1.8.0\node_modules\lucide\dist\esm\icons\file-lock.js,.js,562
node_modules\.pnpm\lucide@1.8.0\node_modules\lucide\dist\esm\icons\file-minus-corner.js,.js,503
node_modules\.pnpm\lucide@1.8.0\node_modules\lucide\dist\esm\icons\file-minus.js,.js,492
node_modules\.pnpm\lucide@1.8.0\node_modules\lucide\dist\esm\icons\file-music.js,.js,543
node_modules\.pnpm\lucide@1.8.0\node_modules\lucide\dist\esm\icons\file-output.js,.js,548
node_modules\.pnpm\lucide@1.8.0\node_modules\lucide\dist\esm\icons\file-pen-line.js,.js,665
node_modules\.pnpm\lucide@1.8.0\node_modules\lucide\dist\esm\icons\file-pen.js,.js,623
node_modules\.pnpm\lucide@1.8.0\node_modules\lucide\dist\esm\icons\file-play.js,.js,608
node_modules\.pnpm\lucide@1.8.0\node_modules\lucide\dist\esm\icons\file-plus-corner.js,.js,533
node_modules\.pnpm\lucide@1.8.0\node_modules\lucide\dist\esm\icons\file-plus.js,.js,521
node_modules\.pnpm\lucide@1.8.0\node_modules\lucide\dist\esm\icons\file-question-mark.js,.js,529
node_modules\.pnpm\lucide@1.8.0\node_modules\lucide\dist\esm\icons\file-scan.js,.js,624
node_modules\.pnpm\lucide@1.8.0\node_modules\lucide\dist\esm\icons\file-search-corner.js,.js,561
node_modules\.pnpm\lucide@1.8.0\node_modules\lucide\dist\esm\icons\file-search.js,.js,556
node_modules\.pnpm\lucide@1.8.0\node_modules\lucide\dist\esm\icons\file-signal.js,.js,591
node_modules\.pnpm\lucide@1.8.0\node_modules\lucide\dist\esm\icons\file-sliders.js,.js,590
node_modules\.pnpm\lucide@1.8.0\node_modules\lucide\dist\esm\icons\file-spreadsheet.js,.js,602
node_modules\.pnpm\lucide@1.8.0\node_modules\lucide\dist\esm\icons\file-stack.js,.js,553
node_modules\.pnpm\lucide@1.8.0\node_modules\lucide\dist\esm\icons\file-symlink.js,.js,525
node_modules\.pnpm\lucide@1.8.0\node_modules\lucide\dist\esm\icons\file-terminal.js,.js,538
node_modules\.pnpm\lucide@1.8.0\node_modules\lucide\dist\esm\icons\file-text.js,.js,551
node_modules\.pnpm\lucide@1.8.0\node_modules\lucide\dist\esm\icons\file-type-corner.js,.js,598
node_modules\.pnpm\lucide@1.8.0\node_modules\lucide\dist\esm\icons\file-type.js,.js,591
node_modules\.pnpm\lucide@1.8.0\node_modules\lucide\dist\esm\icons\file-up.js,.js,521
node_modules\.pnpm\lucide@1.8.0\node_modules\lucide\dist\esm\icons\file-user.js,.js,548
node_modules\.pnpm\lucide@1.8.0\node_modules\lucide\dist\esm\icons\file-video-camera.js,.js,648
node_modules\.pnpm\lucide@1.8.0\node_modules\lucide\dist\esm\icons\file-volume.js,.js,713
node_modules\.pnpm\lucide@1.8.0\node_modules\lucide\dist\esm\icons\file-x-corner.js,.js,522
node_modules\.pnpm\lucide@1.8.0\node_modules\lucide\dist\esm\icons\file-x.js,.js,523
node_modules\.pnpm\lucide@1.8.0\node_modules\lucide\dist\esm\icons\file.js,.js,446
node_modules\.pnpm\lucide@1.8.0\node_modules\lucide\dist\esm\icons\files.js,.js,505
node_modules\.pnpm\lucide@1.8.0\node_modules\lucide\dist\esm\icons\film.js,.js,533
node_modules\.pnpm\lucide@1.8.0\node_modules\lucide\dist\esm\icons\fingerprint-pattern.js,.js,751
node_modules\.pnpm\lucide@1.8.0\node_modules\lucide\dist\esm\icons\fire-extinguisher.js,.js,562
node_modules\.pnpm\lucide@1.8.0\node_modules\lucide\dist\esm\icons\fish-off.js,.js,881
node_modules\.pnpm\lucide@1.8.0\node_modules\lucide\dist\esm\icons\fish-symbol.js,.js,312
node_modules\.pnpm\lucide@1.8.0\node_modules\lucide\dist\esm\icons\fish.js,.js,790
node_modules\.pnpm\lucide@1.8.0\node_modules\lucide\dist\esm\icons\fishing-hook.js,.js,453
node_modules\.pnpm\lucide@1.8.0\node_modules\lucide\dist\esm\icons\fishing-rod.js,.js,419
node_modules\.pnpm\lucide@1.8.0\node_modules\lucide\dist\esm\icons\flag-off.js,.js,462
node_modules\.pnpm\lucide@1.8.0\node_modules\lucide\dist\esm\icons\flag-triangle-left.js,.js,372
node_modules\.pnpm\lucide@1.8.0\node_modules\lucide\dist\esm\icons\flag-triangle-right.js,.js,374
node_modules\.pnpm\lucide@1.8.0\node_modules\lucide\dist\esm\icons\flag.js,.js,436
node_modules\.pnpm\lucide@1.8.0\node_modules\lucide\dist\esm\icons\flame-kindling.js,.js,488
node_modules\.pnpm\lucide@1.8.0\node_modules\lucide\dist\esm\icons\flame.js,.js,383
node_modules\.pnpm\lucide@1.8.0\node_modules\lucide\dist\esm\icons\flashlight-off.js,.js,582
node_modules\.pnpm\lucide@1.8.0\node_modules\lucide\dist\esm\icons\flashlight.js,.js,520
node_modules\.pnpm\lucide@1.8.0\node_modules\lucide\dist\esm\icons\flask-conical-off.js,.js,525
node_modules\.pnpm\lucide@1.8.0\node_modules\lucide\dist\esm\icons\flask-conical.js,.js,488
node_modules\.pnpm\lucide@1.8.0\node_modules\lucide\dist\esm\icons\flask-round.js,.js,376
node_modules\.pnpm\lucide@1.8.0\node_modules\lucide\dist\esm\icons\flip-horizontal-2.js,.js,477
node_modules\.pnpm\lucide@1.8.0\node_modules\lucide\dist\esm\icons\flip-vertical-2.js,.js,478
node_modules\.pnpm\lucide@1.8.0\node_modules\lucide\dist\esm\icons\flower-2.js,.js,611
node_modules\.pnpm\lucide@1.8.0\node_modules\lucide\dist\esm\icons\flower.js,.js,723
node_modules\.pnpm\lucide@1.8.0\node_modules\lucide\dist\esm\icons\focus.js,.js,480
node_modules\.pnpm\lucide@1.8.0\node_modules\lucide\dist\esm\icons\fold-horizontal.js,.js,532
node_modules\.pnpm\lucide@1.8.0\node_modules\lucide\dist\esm\icons\fold-vertical.js,.js,530
node_modules\.pnpm\lucide@1.8.0\node_modules\lucide\dist\esm\icons\folder-archive.js,.js,555
node_modules\.pnpm\lucide@1.8.0\node_modules\lucide\dist\esm\icons\folder-check.js,.js,466
node_modules\.pnpm\lucide@1.8.0\node_modules\lucide\dist\esm\icons\folder-clock.js,.js,497
node_modules\.pnpm\lucide@1.8.0\node_modules\lucide\dist\esm\icons\folder-closed.js,.js,464
node_modules\.pnpm\lucide@1.8.0\node_modules\lucide\dist\esm\icons\folder-code.js,.js,512
node_modules\.pnpm\lucide@1.8.0\node_modules\lucide\dist\esm\icons\folder-cog.js,.js,825
node_modules\.pnpm\lucide@1.8.0\node_modules\lucide\dist\esm\icons\folder-dot.js,.js,474
node_modules\.pnpm\lucide@1.8.0\node_modules\lucide\dist\esm\icons\folder-down.js,.js,495
node_modules\.pnpm\lucide@1.8.0\node_modules\lucide\dist\esm\icons\folder-git-2.js,.js,549
node_modules\.pnpm\lucide@1.8.0\node_modules\lucide\dist\esm\icons\folder-git.js,.js,531
node_modules\.pnpm\lucide@1.8.0\node_modules\lucide\dist\esm\icons\folder-heart.js,.js,569
node_modules\.pnpm\lucide@1.8.0\node_modules\lucide\dist\esm\icons\folder-input.js,.js,498
node_modules\.pnpm\lucide@1.8.0\node_modules\lucide\dist\esm\icons\folder-kanban.js,.js,529
node_modules\.pnpm\lucide@1.8.0\node_modules\lucide\dist\esm\icons\folder-key.js,.js,520
node_modules\.pnpm\lucide@1.8.0\node_modules\lucide\dist\esm\icons\folder-lock.js,.js,530
node_modules\.pnpm\lucide@1.8.0\node_modules\lucide\dist\esm\icons\folder-minus.js,.js,460
node_modules\.pnpm\lucide@1.8.0\node_modules\lucide\dist\esm\icons\folder-open-dot.js,.js,544
node_modules\.pnpm\lucide@1.8.0\node_modules\lucide\dist\esm\icons\folder-open.js,.js,486
node_modules\.pnpm\lucide@1.8.0\node_modules\lucide\dist\esm\icons\folder-output.js,.js,502
node_modules\.pnpm\lucide@1.8.0\node_modules\lucide\dist\esm\icons\folder-pen.js,.js,584
node_modules\.pnpm\lucide@1.8.0\node_modules\lucide\dist\esm\icons\folder-plus.js,.js,488
node_modules\.pnpm\lucide@1.8.0\node_modules\lucide\dist\esm\icons\folder-root.js,.js,508
node_modules\.pnpm\lucide@1.8.0\node_modules\lucide\dist\esm\icons\folder-search-2.js,.js,528
node_modules\.pnpm\lucide@1.8.0\node_modules\lucide\dist\esm\icons\folder-search.js,.js,505
node_modules\.pnpm\lucide@1.8.0\node_modules\lucide\dist\esm\icons\folder-symlink.js,.js,492
node_modules\.pnpm\lucide@1.8.0\node_modules\lucide\dist\esm\icons\folder-sync.js,.js,594
node_modules\.pnpm\lucide@1.8.0\node_modules\lucide\dist\esm\icons\folder-tree.js,.js,677
node_modules\.pnpm\lucide@1.8.0\node_modules\lucide\dist\esm\icons\folder-up.js,.js,488
node_modules\.pnpm\lucide@1.8.0\node_modules\lucide\dist\esm\icons\folder-x.js,.js,491
node_modules\.pnpm\lucide@1.8.0\node_modules\lucide\dist\esm\icons\folder.js,.js,414
node_modules\.pnpm\lucide@1.8.0\node_modules\lucide\dist\esm\icons\folders.js,.js,503
node_modules\.pnpm\lucide@1.8.0\node_modules\lucide\dist\esm\icons\footprints.js,.js,647
node_modules\.pnpm\lucide@1.8.0\node_modules\lucide\dist\esm\icons\forklift.js,.js,601
node_modules\.pnpm\lucide@1.8.0\node_modules\lucide\dist\esm\icons\form.js,.js,440
node_modules\.pnpm\lucide@1.8.0\node_modules\lucide\dist\esm\icons\forward.js,.js,339
node_modules\.pnpm\lucide@1.8.0\node_modules\lucide\dist\esm\icons\frame.js,.js,464
node_modules\.pnpm\lucide@1.8.0\node_modules\lucide\dist\esm\icons\frown.js,.js,455
node_modules\.pnpm\lucide@1.8.0\node_modules\lucide\dist\esm\icons\fuel.js,.js,462
node_modules\.pnpm\lucide@1.8.0\node_modules\lucide\dist\esm\icons\fullscreen.js,.js,516
node_modules\.pnpm\lucide@1.8.0\node_modules\lucide\dist\esm\icons\funnel-plus.js,.js,505
node_modules\.pnpm\lucide@1.8.0\node_modules\lucide\dist\esm\icons\funnel-x.js,.js,506
node_modules\.pnpm\lucide@1.8.0\node_modules\lucide\dist\esm\icons\funnel.js,.js,442
node_modules\.pnpm\lucide@1.8.0\node_modules\lucide\dist\esm\icons\gallery-horizontal-end.js,.js,424
node_modules\.pnpm\lucide@1.8.0\node_modules\lucide\dist\esm\icons\gallery-horizontal.js,.js,414
node_modules\.pnpm\lucide@1.8.0\node_modules\lucide\dist\esm\icons\gallery-thumbnails.js,.js,475
node_modules\.pnpm\lucide@1.8.0\node_modules\lucide\dist\esm\icons\gallery-vertical-end.js,.js,418
node_modules\.pnpm\lucide@1.8.0\node_modules\lucide\dist\esm\icons\gallery-vertical.js,.js,408
node_modules\.pnpm\lucide@1.8.0\node_modules\lucide\dist\esm\icons\gamepad-2.js,.js,811
node_modules\.pnpm\lucide@1.8.0\node_modules\lucide\dist\esm\icons\gamepad-directional.js,.js,988
node_modules\.pnpm\lucide@1.8.0\node_modules\lucide\dist\esm\icons\gamepad.js,.js,549
node_modules\.pnpm\lucide@1.8.0\node_modules\lucide\dist\esm\icons\gauge.js,.js,332
node_modules\.pnpm\lucide@1.8.0\node_modules\lucide\dist\esm\icons\gavel.js,.js,454
node_modules\.pnpm\lucide@1.8.0\node_modules\lucide\dist\esm\icons\gem.js,.js,502
node_modules\.pnpm\lucide@1.8.0\node_modules\lucide\dist\esm\icons\georgian-lari.js,.js,414
node_modules\.pnpm\lucide@1.8.0\node_modules\lucide\dist\esm\icons\ghost.js,.js,412
node_modules\.pnpm\lucide@1.8.0\node_modules\lucide\dist\esm\icons\gift.js,.js,499
node_modules\.pnpm\lucide@1.8.0\node_modules\lucide\dist\esm\icons\git-branch-minus.js,.js,443
node_modules\.pnpm\lucide@1.8.0\node_modules\lucide\dist\esm\icons\git-branch-plus.js,.js,523
node_modules\.pnpm\lucide@1.8.0\node_modules\lucide\dist\esm\icons\git-branch.js,.js,395
node_modules\.pnpm\lucide@1.8.0\node_modules\lucide\dist\esm\icons\git-commit-horizontal.js,.js,448
node_modules\.pnpm\lucide@1.8.0\node_modules\lucide\dist\esm\icons\git-commit-vertical.js,.js,393
node_modules\.pnpm\lucide@1.8.0\node_modules\lucide\dist\esm\icons\git-compare-arrows.js,.js,538
node_modules\.pnpm\lucide@1.8.0\node_modules\lucide\dist\esm\icons\git-compare.js,.js,447
node_modules\.pnpm\lucide@1.8.0\node_modules\lucide\dist\esm\icons\git-fork.js,.js,484
node_modules\.pnpm\lucide@1.8.0\node_modules\lucide\dist\esm\icons\git-graph.js,.js,498
node_modules\.pnpm\lucide@1.8.0\node_modules\lucide\dist\esm\icons\git-merge-conflict.js,.js,467
node_modules\.pnpm\lucide@1.8.0\node_modules\lucide\dist\esm\icons\git-merge.js,.js,392
node_modules\.pnpm\lucide@1.8.0\node_modules\lucide\dist\esm\icons\git-pull-request-arrow.js,.js,495
node_modules\.pnpm\lucide@1.8.0\node_modules\lucide\dist\esm\icons\git-pull-request-closed.js,.js,514
node_modules\.pnpm\lucide@1.8.0\node_modules\lucide\dist\esm\icons\git-pull-request-create-arrow.js,.js,531
node_modules\.pnpm\lucide@1.8.0\node_modules\lucide\dist\esm\icons\git-pull-request-create.js,.js,479
node_modules\.pnpm\lucide@1.8.0\node_modules\lucide\dist\esm\icons\git-pull-request-draft.js,.js,498
node_modules\.pnpm\lucide@1.8.0\node_modules\lucide\dist\esm\icons\git-pull-request.js,.js,466
node_modules\.pnpm\lucide@1.8.0\node_modules\lucide\dist\esm\icons\glass-water.js,.js,473
node_modules\.pnpm\lucide@1.8.0\node_modules\lucide\dist\esm\icons\glasses.js,.js,507
node_modules\.pnpm\lucide@1.8.0\node_modules\lucide\dist\esm\icons\globe-lock.js,.js,503
node_modules\.pnpm\lucide@1.8.0\node_modules\lucide\dist\esm\icons\globe-off.js,.js,684
node_modules\.pnpm\lucide@1.8.0\node_modules\lucide\dist\esm\icons\globe-x.js,.js,406
node_modules\.pnpm\lucide@1.8.0\node_modules\lucide\dist\esm\icons\globe.js,.js,396
node_modules\.pnpm\lucide@1.8.0\node_modules\lucide\dist\esm\icons\goal.js,.js,396
node_modules\.pnpm\lucide@1.8.0\node_modules\lucide\dist\esm\icons\gpu.js,.js,489
node_modules\.pnpm\lucide@1.8.0\node_modules\lucide\dist\esm\icons\graduation-cap.js,.js,520
node_modules\.pnpm\lucide@1.8.0\node_modules\lucide\dist\esm\icons\grape.js,.js,690
node_modules\.pnpm\lucide@1.8.0\node_modules\lucide\dist\esm\icons\grid-2x2-check.js,.js,442
node_modules\.pnpm\lucide@1.8.0\node_modules\lucide\dist\esm\icons\grid-2x2-plus.js,.js,465
node_modules\.pnpm\lucide@1.8.0\node_modules\lucide\dist\esm\icons\grid-2x2-x.js,.js,459
node_modules\.pnpm\lucide@1.8.0\node_modules\lucide\dist\esm\icons\grid-2x2.js,.js,385
node_modules\.pnpm\lucide@1.8.0\node_modules\lucide\dist\esm\icons\grid-3x2.js,.js,415
node_modules\.pnpm\lucide@1.8.0\node_modules\lucide\dist\esm\icons\grid-3x3.js,.js,445
node_modules\.pnpm\lucide@1.8.0\node_modules\lucide\dist\esm\icons\grip-horizontal.js,.js,547
node_modules\.pnpm\lucide@1.8.0\node_modules\lucide\dist\esm\icons\grip-vertical.js,.js,541
node_modules\.pnpm\lucide@1.8.0\node_modules\lucide\dist\esm\icons\grip.js,.js,653
node_modules\.pnpm\lucide@1.8.0\node_modules\lucide\dist\esm\icons\group.js,.js,572
node_modules\.pnpm\lucide@1.8.0\node_modules\lucide\dist\esm\icons\guitar.js,.js,720
node_modules\.pnpm\lucide@1.8.0\node_modules\lucide\dist\esm\icons\ham.js,.js,595
node_modules\.pnpm\lucide@1.8.0\node_modules\lucide\dist\esm\icons\hamburger.js,.js,560
node_modules\.pnpm\lucide@1.8.0\node_modules\lucide\dist\esm\icons\hammer.js,.js,569
node_modules\.pnpm\lucide@1.8.0\node_modules\lucide\dist\esm\icons\hand-coins.js,.js,591
node_modules\.pnpm\lucide@1.8.0\node_modules\lucide\dist\esm\icons\hand-fist.js,.js,699
node_modules\.pnpm\lucide@1.8.0\node_modules\lucide\dist\esm\icons\hand-grab.js,.js,592
node_modules\.pnpm\lucide@1.8.0\node_modules\lucide\dist\esm\icons\hand-heart.js,.js,682
node_modules\.pnpm\lucide@1.8.0\node_modules\lucide\dist\esm\icons\hand-helping.js,.js,506
node_modules\.pnpm\lucide@1.8.0\node_modules\lucide\dist\esm\icons\hand-metal.js,.js,568
node_modules\.pnpm\lucide@1.8.0\node_modules\lucide\dist\esm\icons\hand-platter.js,.js,636
node_modules\.pnpm\lucide@1.8.0\node_modules\lucide\dist\esm\icons\hand.js,.js,570
node_modules\.pnpm\lucide@1.8.0\node_modules\lucide\dist\esm\icons\handbag.js,.js,443
node_modules\.pnpm\lucide@1.8.0\node_modules\lucide\dist\esm\icons\handshake.js,.js,614
node_modules\.pnpm\lucide@1.8.0\node_modules\lucide\dist\esm\icons\hard-drive-download.js,.js,485
node_modules\.pnpm\lucide@1.8.0\node_modules\lucide\dist\esm\icons\hard-drive-upload.js,.js,479
node_modules\.pnpm\lucide@1.8.0\node_modules\lucide\dist\esm\icons\hard-drive.js,.js,562
node_modules\.pnpm\lucide@1.8.0\node_modules\lucide\dist\esm\icons\hard-hat.js,.js,475
node_modules\.pnpm\lucide@1.8.0\node_modules\lucide\dist\esm\icons\hash.js,.js,462
node_modules\.pnpm\lucide@1.8.0\node_modules\lucide\dist\esm\icons\hat-glasses.js,.js,569
node_modules\.pnpm\lucide@1.8.0\node_modules\lucide\dist\esm\icons\haze.js,.js,522
node_modules\.pnpm\lucide@1.8.0\node_modules\lucide\dist\esm\icons\hd.js,.js,536
node_modules\.pnpm\lucide@1.8.0\node_modules\lucide\dist\esm\icons\hdmi-port.js,.js,406
node_modules\.pnpm\lucide@1.8.0\node_modules\lucide\dist\esm\icons\heading-1.js,.js,384
node_modules\.pnpm\lucide@1.8.0\node_modules\lucide\dist\esm\icons\heading-2.js,.js,409
node_modules\.pnpm\lucide@1.8.0\node_modules\lucide\dist\esm\icons\heading-3.js,.js,478
node_modules\.pnpm\lucide@1.8.0\node_modules\lucide\dist\esm\icons\heading-4.js,.js,427
node_modules\.pnpm\lucide@1.8.0\node_modules\lucide\dist\esm\icons\heading-5.js,.js,470
node_modules\.pnpm\lucide@1.8.0\node_modules\lucide\dist\esm\icons\heading-6.js,.js,439
node_modules\.pnpm\lucide@1.8.0\node_modules\lucide\dist\esm\icons\heading.js,.js,346
node_modules\.pnpm\lucide@1.8.0\node_modules\lucide\dist\esm\icons\headphone-off.js,.js,569
node_modules\.pnpm\lucide@1.8.0\node_modules\lucide\dist\esm\icons\headphones.js,.js,431
node_modules\.pnpm\lucide@1.8.0\node_modules\lucide\dist\esm\icons\headset.js,.js,480
node_modules\.pnpm\lucide@1.8.0\node_modules\lucide\dist\esm\icons\heart-crack.js,.js,610
node_modules\.pnpm\lucide@1.8.0\node_modules\lucide\dist\esm\icons\heart-handshake.js,.js,660
node_modules\.pnpm\lucide@1.8.0\node_modules\lucide\dist\esm\icons\heart-minus.js,.js,501
node_modules\.pnpm\lucide@1.8.0\node_modules\lucide\dist\esm\icons\heart-off.js,.js,585
node_modules\.pnpm\lucide@1.8.0\node_modules\lucide\dist\esm\icons\heart-plus.js,.js,526
node_modules\.pnpm\lucide@1.8.0\node_modules\lucide\dist\esm\icons\heart-pulse.js,.js,521
node_modules\.pnpm\lucide@1.8.0\node_modules\lucide\dist\esm\icons\heart.js,.js,442
node_modules\.pnpm\lucide@1.8.0\node_modules\lucide\dist\esm\icons\heater.js,.js,647
node_modules\.pnpm\lucide@1.8.0\node_modules\lucide\dist\esm\icons\helicopter.js,.js,584
node_modules\.pnpm\lucide@1.8.0\node_modules\lucide\dist\esm\icons\hexagon.js,.js,420
node_modules\.pnpm\lucide@1.8.0\node_modules\lucide\dist\esm\icons\highlighter.js,.js,389
node_modules\.pnpm\lucide@1.8.0\node_modules\lucide\dist\esm\icons\history.js,.js,391
node_modules\.pnpm\lucide@1.8.0\node_modules\lucide\dist\esm\icons\hop-off.js,.js,1138
node_modules\.pnpm\lucide@1.8.0\node_modules\lucide\dist\esm\icons\hop.js,.js,1242
node_modules\.pnpm\lucide@1.8.0\node_modules\lucide\dist\esm\icons\hospital.js,.js,526
node_modules\.pnpm\lucide@1.8.0\node_modules\lucide\dist\esm\icons\hotel.js,.js,622
node_modules\.pnpm\lucide@1.8.0\node_modules\lucide\dist\esm\icons\hourglass.js,.js,512
node_modules\.pnpm\lucide@1.8.0\node_modules\lucide\dist\esm\icons\house-heart.js,.js,555
node_modules\.pnpm\lucide@1.8.0\node_modules\lucide\dist\esm\icons\house-plug.js,.js,595
node_modules\.pnpm\lucide@1.8.0\node_modules\lucide\dist\esm\icons\house-plus.js,.js,529
node_modules\.pnpm\lucide@1.8.0\node_modules\lucide\dist\esm\icons\house-wifi.js,.js,537
node_modules\.pnpm\lucide@1.8.0\node_modules\lucide\dist\esm\icons\house.js,.js,459
node_modules\.pnpm\lucide@1.8.0\node_modules\lucide\dist\esm\icons\ice-cream-bowl.js,.js,490
node_modules\.pnpm\lucide@1.8.0\node_modules\lucide\dist\esm\icons\ice-cream-cone.js,.js,433
node_modules\.pnpm\lucide@1.8.0\node_modules\lucide\dist\esm\icons\id-card-lanyard.js,.js,533
node_modules\.pnpm\lucide@1.8.0\node_modules\lucide\dist\esm\icons\id-card.js,.js,475
node_modules\.pnpm\lucide@1.8.0\node_modules\lucide\dist\esm\icons\image-down.js,.js,515
node_modules\.pnpm\lucide@1.8.0\node_modules\lucide\dist\esm\icons\image-minus.js,.js,505
node_modules\.pnpm\lucide@1.8.0\node_modules\lucide\dist\esm\icons\image-off.js,.js,627
node_modules\.pnpm\lucide@1.8.0\node_modules\lucide\dist\esm\icons\image-play.js,.js,560
node_modules\.pnpm\lucide@1.8.0\node_modules\lucide\dist\esm\icons\image-plus.js,.js,513
node_modules\.pnpm\lucide@1.8.0\node_modules\lucide\dist\esm\icons\image-up.js,.js,511
node_modules\.pnpm\lucide@1.8.0\node_modules\lucide\dist\esm\icons\image-upscale.js,.js,621
node_modules\.pnpm\lucide@1.8.0\node_modules\lucide\dist\esm\icons\image.js,.js,433
node_modules\.pnpm\lucide@1.8.0\node_modules\lucide\dist\esm\icons\images.js,.js,530
node_modules\.pnpm\lucide@1.8.0\node_modules\lucide\dist\esm\icons\import.js,.js,414
node_modules\.pnpm\lucide@1.8.0\node_modules\lucide\dist\esm\icons\inbox.js,.js,464
node_modules\.pnpm\lucide@1.8.0\node_modules\lucide\dist\esm\icons\indian-rupee.js,.js,441
node_modules\.pnpm\lucide@1.8.0\node_modules\lucide\dist\esm\icons\infinity.js,.js,340
node_modules\.pnpm\lucide@1.8.0\node_modules\lucide\dist\esm\icons\info.js,.js,356
node_modules\.pnpm\lucide@1.8.0\node_modules\lucide\dist\esm\icons\inspection-panel.js,.js,475
node_modules\.pnpm\lucide@1.8.0\node_modules\lucide\dist\esm\icons\italic.js,.js,414
node_modules\.pnpm\lucide@1.8.0\node_modules\lucide\dist\esm\icons\iteration-ccw.js,.js,352
node_modules\.pnpm\lucide@1.8.0\node_modules\lucide\dist\esm\icons\iteration-cw.js,.js,347
node_modules\.pnpm\lucide@1.8.0\node_modules\lucide\dist\esm\icons\japanese-yen.js,.js,384
node_modules\.pnpm\lucide@1.8.0\node_modules\lucide\dist\esm\icons\joystick.js,.js,460
node_modules\.pnpm\lucide@1.8.0\node_modules\lucide\dist\esm\icons\kanban.js,.js,342
node_modules\.pnpm\lucide@1.8.0\node_modules\lucide\dist\esm\icons\kayak.js,.js,572
node_modules\.pnpm\lucide@1.8.0\node_modules\lucide\dist\esm\icons\key-round.js,.js,545
node_modules\.pnpm\lucide@1.8.0\node_modules\lucide\dist\esm\icons\key-square.js,.js,657
node_modules\.pnpm\lucide@1.8.0\node_modules\lucide\dist\esm\icons\key.js,.js,414
node_modules\.pnpm\lucide@1.8.0\node_modules\lucide\dist\esm\icons\keyboard-music.js,.js,588
node_modules\.pnpm\lucide@1.8.0\node_modules\lucide\dist\esm\icons\keyboard-off.js,.js,648
node_modules\.pnpm\lucide@1.8.0\node_modules\lucide\dist\esm\icons\keyboard.js,.js,581
node_modules\.pnpm\lucide@1.8.0\node_modules\lucide\dist\esm\icons\lamp-ceiling.js,.js,488
node_modules\.pnpm\lucide@1.8.0\node_modules\lucide\dist\esm\icons\lamp-desk.js,.js,649
node_modules\.pnpm\lucide@1.8.0\node_modules\lucide\dist\esm\icons\lamp-floor.js,.js,459
node_modules\.pnpm\lucide@1.8.0\node_modules\lucide\dist\esm\icons\lamp-wall-down.js,.js,546
node_modules\.pnpm\lucide@1.8.0\node_modules\lucide\dist\esm\icons\lamp-wall-up.js,.js,542
node_modules\.pnpm\lucide@1.8.0\node_modules\lucide\dist\esm\icons\lamp.js,.js,516
node_modules\.pnpm\lucide@1.8.0\node_modules\lucide\dist\esm\icons\land-plot.js,.js,520
node_modules\.pnpm\lucide@1.8.0\node_modules\lucide\dist\esm\icons\landmark.js,.js,560
node_modules\.pnpm\lucide@1.8.0\node_modules\lucide\dist\esm\icons\languages.js,.js,456
node_modules\.pnpm\lucide@1.8.0\node_modules\lucide\dist\esm\icons\laptop-minimal-check.js,.js,424
node_modules\.pnpm\lucide@1.8.0\node_modules\lucide\dist\esm\icons\laptop-minimal.js,.js,405
node_modules\.pnpm\lucide@1.8.0\node_modules\lucide\dist\esm\icons\laptop.js,.js,484
node_modules\.pnpm\lucide@1.8.0\node_modules\lucide\dist\esm\icons\lasso-select.js,.js,725
node_modules\.pnpm\lucide@1.8.0\node_modules\lucide\dist\esm\icons\lasso.js,.js,398
node_modules\.pnpm\lucide@1.8.0\node_modules\lucide\dist\esm\icons\laugh.js,.js,468
node_modules\.pnpm\lucide@1.8.0\node_modules\lucide\dist\esm\icons\layers-2.js,.js,537
node_modules\.pnpm\lucide@1.8.0\node_modules\lucide\dist\esm\icons\layers-plus.js,.js,653
node_modules\.pnpm\lucide@1.8.0\node_modules\lucide\dist\esm\icons\layers.js,.js,596
node_modules\.pnpm\lucide@1.8.0\node_modules\lucide\dist\esm\icons\layout-dashboard.js,.js,547
node_modules\.pnpm\lucide@1.8.0\node_modules\lucide\dist\esm\icons\layout-grid.js,.js,532
node_modules\.pnpm\lucide@1.8.0\node_modules\lucide\dist\esm\icons\layout-list.js,.js,519
node_modules\.pnpm\lucide@1.8.0\node_modules\lucide\dist\esm\icons\layout-panel-left.js,.js,482
node_modules\.pnpm\lucide@1.8.0\node_modules\lucide\dist\esm\icons\layout-panel-top.js,.js,479
node_modules\.pnpm\lucide@1.8.0\node_modules\lucide\dist\esm\icons\layout-template.js,.js,478
node_modules\.pnpm\lucide@1.8.0\node_modules\lucide\dist\esm\icons\leaf.js,.js,431
node_modules\.pnpm\lucide@1.8.0\node_modules\lucide\dist\esm\icons\leafy-green.js,.js,629
node_modules\.pnpm\lucide@1.8.0\node_modules\lucide\dist\esm\icons\lectern.js,.js,522
node_modules\.pnpm\lucide@1.8.0\node_modules\lucide\dist\esm\icons\lens-concave.js,.js,422
node_modules\.pnpm\lucide@1.8.0\node_modules\lucide\dist\esm\icons\lens-convex.js,.js,445
node_modules\.pnpm\lucide@1.8.0\node_modules\lucide\dist\esm\icons\library-big.js,.js,516
node_modules\.pnpm\lucide@1.8.0\node_modules\lucide\dist\esm\icons\library.js,.js,378
node_modules\.pnpm\lucide@1.8.0\node_modules\lucide\dist\esm\icons\life-buoy.js,.js,527
node_modules\.pnpm\lucide@1.8.0\node_modules\lucide\dist\esm\icons\ligature.js,.js,429
node_modules\.pnpm\lucide@1.8.0\node_modules\lucide\dist\esm\icons\lightbulb-off.js,.js,509
node_modules\.pnpm\lucide@1.8.0\node_modules\lucide\dist\esm\icons\lightbulb.js,.js,466
node_modules\.pnpm\lucide@1.8.0\node_modules\lucide\dist\esm\icons\line-dot-right-horizontal.js,.js,385
node_modules\.pnpm\lucide@1.8.0\node_modules\lucide\dist\esm\icons\line-squiggle.js,.js,385
node_modules\.pnpm\lucide@1.8.0\node_modules\lucide\dist\esm\icons\line-style.js,.js,442
node_modules\.pnpm\lucide@1.8.0\node_modules\lucide\dist\esm\icons\link-2-off.js,.js,456
node_modules\.pnpm\lucide@1.8.0\node_modules\lucide\dist\esm\icons\link-2.js,.js,398
node_modules\.pnpm\lucide@1.8.0\node_modules\lucide\dist\esm\icons\link.js,.js,410
node_modules\.pnpm\lucide@1.8.0\node_modules\lucide\dist\esm\icons\list-check.js,.js,390
node_modules\.pnpm\lucide@1.8.0\node_modules\lucide\dist\esm\icons\list-checks.js,.js,427
node_modules\.pnpm\lucide@1.8.0\node_modules\lucide\dist\esm\icons\list-chevrons-down-up.js,.js,452
node_modules\.pnpm\lucide@1.8.0\node_modules\lucide\dist\esm\icons\list-chevrons-up-down.js,.js,452
node_modules\.pnpm\lucide@1.8.0\node_modules\lucide\dist\esm\icons\list-collapse.js,.js,437
node_modules\.pnpm\lucide@1.8.0\node_modules\lucide\dist\esm\icons\list-end.js,.js,431
node_modules\.pnpm\lucide@1.8.0\node_modules\lucide\dist\esm\icons\list-filter-plus.js,.js,428
node_modules\.pnpm\lucide@1.8.0\node_modules\lucide\dist\esm\icons\list-filter.js,.js,355
node_modules\.pnpm\lucide@1.8.0\node_modules\lucide\dist\esm\icons\list-indent-decrease.js,.js,419
node_modules\.pnpm\lucide@1.8.0\node_modules\lucide\dist\esm\icons\list-indent-increase.js,.js,419
node_modules\.pnpm\lucide@1.8.0\node_modules\lucide\dist\esm\icons\list-minus.js,.js,385
node_modules\.pnpm\lucide@1.8.0\node_modules\lucide\dist\esm\icons\list-music.js,.js,430
node_modules\.pnpm\lucide@1.8.0\node_modules\lucide\dist\esm\icons\list-ordered.js,.js,501
node_modules\.pnpm\lucide@1.8.0\node_modules\lucide\dist\esm\icons\list-plus.js,.js,412
node_modules\.pnpm\lucide@1.8.0\node_modules\lucide\dist\esm\icons\list-restart.js,.js,487
node_modules\.pnpm\lucide@1.8.0\node_modules\lucide\dist\esm\icons\list-start.js,.js,436
node_modules\.pnpm\lucide@1.8.0\node_modules\lucide\dist\esm\icons\list-todo.js,.js,452
node_modules\.pnpm\lucide@1.8.0\node_modules\lucide\dist\esm\icons\list-tree.js,.js,440
node_modules\.pnpm\lucide@1.8.0\node_modules\lucide\dist\esm\icons\list-video.js,.js,493
node_modules\.pnpm\lucide@1.8.0\node_modules\lucide\dist\esm\icons\list-x.js,.js,413
node_modules\.pnpm\lucide@1.8.0\node_modules\lucide\dist\esm\icons\list.js,.js,432
node_modules\.pnpm\lucide@1.8.0\node_modules\lucide\dist\esm\icons\loader-circle.js,.js,316
node_modules\.pnpm\lucide@1.8.0\node_modules\lucide\dist\esm\icons\loader-pinwheel.js,.js,505
node_modules\.pnpm\lucide@1.8.0\node_modules\lucide\dist\esm\icons\loader.js,.js,533
node_modules\.pnpm\lucide@1.8.0\node_modules\lucide\dist\esm\icons\locate-fixed.js,.js,579
node_modules\.pnpm\lucide@1.8.0\node_modules\lucide\dist\esm\icons\locate-off.js,.js,522
node_modules\.pnpm\lucide@1.8.0\node_modules\lucide\dist\esm\icons\locate.js,.js,517
node_modules\.pnpm\lucide@1.8.0\node_modules\lucide\dist\esm\icons\lock-keyhole-open.js,.js,444
node_modules\.pnpm\lucide@1.8.0\node_modules\lucide\dist\esm\icons\lock-keyhole.js,.js,429
node_modules\.pnpm\lucide@1.8.0\node_modules\lucide\dist\esm\icons\lock-open.js,.js,382
node_modules\.pnpm\lucide@1.8.0\node_modules\lucide\dist\esm\icons\lock.js,.js,370
node_modules\.pnpm\lucide@1.8.0\node_modules\lucide\dist\esm\icons\log-in.js,.js,381
node_modules\.pnpm\lucide@1.8.0\node_modules\lucide\dist\esm\icons\log-out.js,.js,382
node_modules\.pnpm\lucide@1.8.0\node_modules\lucide\dist\esm\icons\logs.js,.js,515
node_modules\.pnpm\lucide@1.8.0\node_modules\lucide\dist\esm\icons\lollipop.js,.js,412
node_modules\.pnpm\lucide@1.8.0\node_modules\lucide\dist\esm\icons\luggage.js,.js,531
node_modules\.pnpm\lucide@1.8.0\node_modules\lucide\dist\esm\icons\magnet.js,.js,575
node_modules\.pnpm\lucide@1.8.0\node_modules\lucide\dist\esm\icons\mail-check.js,.js,442
node_modules\.pnpm\lucide@1.8.0\node_modules\lucide\dist\esm\icons\mail-minus.js,.js,436
node_modules\.pnpm\lucide@1.8.0\node_modules\lucide\dist\esm\icons\mail-open.js,.js,473
node_modules\.pnpm\lucide@1.8.0\node_modules\lucide\dist\esm\icons\mail-plus.js,.js,464
node_modules\.pnpm\lucide@1.8.0\node_modules\lucide\dist\esm\icons\mail-question-mark.js,.js,561
node_modules\.pnpm\lucide@1.8.0\node_modules\lucide\dist\esm\icons\mail-search.js,.js,553
node_modules\.pnpm\lucide@1.8.0\node_modules\lucide\dist\esm\icons\mail-warning.js,.js,480
node_modules\.pnpm\lucide@1.8.0\node_modules\lucide\dist\esm\icons\mail-x.js,.js,459
node_modules\.pnpm\lucide@1.8.0\node_modules\lucide\dist\esm\icons\mail.js,.js,375
node_modules\.pnpm\lucide@1.8.0\node_modules\lucide\dist\esm\icons\mailbox.js,.js,516
node_modules\.pnpm\lucide@1.8.0\node_modules\lucide\dist\esm\icons\mails.js,.js,462
node_modules\.pnpm\lucide@1.8.0\node_modules\lucide\dist\esm\icons\map-minus.js,.js,589
node_modules\.pnpm\lucide@1.8.0\node_modules\lucide\dist\esm\icons\map-pin-check-inside.js,.js,468
node_modules\.pnpm\lucide@1.8.0\node_modules\lucide\dist\esm\icons\map-pin-check.js,.js,534
node_modules\.pnpm\lucide@1.8.0\node_modules\lucide\dist\esm\icons\map-pin-house.js,.js,587
node_modules\.pnpm\lucide@1.8.0\node_modules\lucide\dist\esm\icons\map-pin-minus-inside.js,.js,462
node_modules\.pnpm\lucide@1.8.0\node_modules\lucide\dist\esm\icons\map-pin-minus.js,.js,517
node_modules\.pnpm\lucide@1.8.0\node_modules\lucide\dist\esm\icons\map-pin-off.js,.js,643
node_modules\.pnpm\lucide@1.8.0\node_modules\lucide\dist\esm\icons\map-pin-pen.js,.js,562
node_modules\.pnpm\lucide@1.8.0\node_modules\lucide\dist\esm\icons\map-pin-plus-inside.js,.js,489
node_modules\.pnpm\lucide@1.8.0\node_modules\lucide\dist\esm\icons\map-pin-plus.js,.js,545
node_modules\.pnpm\lucide@1.8.0\node_modules\lucide\dist\esm\icons\map-pin-search.js,.js,572
node_modules\.pnpm\lucide@1.8.0\node_modules\lucide\dist\esm\icons\map-pin-x-inside.js,.js,491
node_modules\.pnpm\lucide@1.8.0\node_modules\lucide\dist\esm\icons\map-pin-x.js,.js,545
node_modules\.pnpm\lucide@1.8.0\node_modules\lucide\dist\esm\icons\map-pin.js,.js,443
node_modules\.pnpm\lucide@1.8.0\node_modules\lucide\dist\esm\icons\map-pinned.js,.js,605
node_modules\.pnpm\lucide@1.8.0\node_modules\lucide\dist\esm\icons\map-plus.js,.js,617
node_modules\.pnpm\lucide@1.8.0\node_modules\lucide\dist\esm\icons\map.js,.js,593
node_modules\.pnpm\lucide@1.8.0\node_modules\lucide\dist\esm\icons\mars-stroke.js,.js,411
node_modules\.pnpm\lucide@1.8.0\node_modules\lucide\dist\esm\icons\mars.js,.js,361
node_modules\.pnpm\lucide@1.8.0\node_modules\lucide\dist\esm\icons\martini.js,.js,353
node_modules\.pnpm\lucide@1.8.0\node_modules\lucide\dist\esm\icons\maximize-2.js,.js,390
node_modules\.pnpm\lucide@1.8.0\node_modules\lucide\dist\esm\icons\maximize.js,.js,443
node_modules\.pnpm\lucide@1.8.0\node_modules\lucide\dist\esm\icons\medal.js,.js,593
node_modules\.pnpm\lucide@1.8.0\node_modules\lucide\dist\esm\icons\megaphone-off.js,.js,578
node_modules\.pnpm\lucide@1.8.0\node_modules\lucide\dist\esm\icons\megaphone.js,.js,526
node_modules\.pnpm\lucide@1.8.0\node_modules\lucide\dist\esm\icons\meh.js,.js,456
node_modules\.pnpm\lucide@1.8.0\node_modules\lucide\dist\esm\icons\memory-stick.js,.js,654
node_modules\.pnpm\lucide@1.8.0\node_modules\lucide\dist\esm\icons\menu.js,.js,337
node_modules\.pnpm\lucide@1.8.0\node_modules\lucide\dist\esm\icons\merge.js,.js,376
node_modules\.pnpm\lucide@1.8.0\node_modules\lucide\dist\esm\icons\message-circle-check.js,.js,493
node_modules\.pnpm\lucide@1.8.0\node_modules\lucide\dist\esm\icons\message-circle-code.js,.js,527
node_modules\.pnpm\lucide@1.8.0\node_modules\lucide\dist\esm\icons\message-circle-dashed.js,.js,747
node_modules\.pnpm\lucide@1.8.0\node_modules\lucide\dist\esm\icons\message-circle-heart.js,.js,609
node_modules\.pnpm\lucide@1.8.0\node_modules\lucide\dist\esm\icons\message-circle-more.js,.js,552
node_modules\.pnpm\lucide@1.8.0\node_modules\lucide\dist\esm\icons\message-circle-off.js,.js,564
node_modules\.pnpm\lucide@1.8.0\node_modules\lucide\dist\esm\icons\message-circle-plus.js,.js,514
node_modules\.pnpm\lucide@1.8.0\node_modules\lucide\dist\esm\icons\message-circle-question-mark.js,.js,571
node_modules\.pnpm\lucide@1.8.0\node_modules\lucide\dist\esm\icons\message-circle-reply.js,.js,540
node_modules\.pnpm\lucide@1.8.0\node_modules\lucide\dist\esm\icons\message-circle-warning.js,.js,526
node_modules\.pnpm\lucide@1.8.0\node_modules\lucide\dist\esm\icons\message-circle-x.js,.js,508
node_modules\.pnpm\lucide@1.8.0\node_modules\lucide\dist\esm\icons\message-circle.js,.js,441
node_modules\.pnpm\lucide@1.8.0\node_modules\lucide\dist\esm\icons\message-square-check.js,.js,483
node_modules\.pnpm\lucide@1.8.0\node_modules\lucide\dist\esm\icons\message-square-code.js,.js,519
node_modules\.pnpm\lucide@1.8.0\node_modules\lucide\dist\esm\icons\message-square-dashed.js,.js,677
node_modules\.pnpm\lucide@1.8.0\node_modules\lucide\dist\esm\icons\message-square-diff.js,.js,537
node_modules\.pnpm\lucide@1.8.0\node_modules\lucide\dist\esm\icons\message-square-dot.js,.js,479
node_modules\.pnpm\lucide@1.8.0\node_modules\lucide\dist\esm\icons\message-square-heart.js,.js,689
node_modules\.pnpm\lucide@1.8.0\node_modules\lucide\dist\esm\icons\message-square-lock.js,.js,550
node_modules\.pnpm\lucide@1.8.0\node_modules\lucide\dist\esm\icons\message-square-more.js,.js,544
node_modules\.pnpm\lucide@1.8.0\node_modules\lucide\dist\esm\icons\message-square-off.js,.js,505
node_modules\.pnpm\lucide@1.8.0\node_modules\lucide\dist\esm\icons\message-square-plus.js,.js,506
node_modules\.pnpm\lucide@1.8.0\node_modules\lucide\dist\esm\icons\message-square-quote.js,.js,543
node_modules\.pnpm\lucide@1.8.0\node_modules\lucide\dist\esm\icons\message-square-reply.js,.js,533
node_modules\.pnpm\lucide@1.8.0\node_modules\lucide\dist\esm\icons\message-square-share.js,.js,500
node_modules\.pnpm\lucide@1.8.0\node_modules\lucide\dist\esm\icons\message-square-text.js,.js,536
node_modules\.pnpm\lucide@1.8.0\node_modules\lucide\dist\esm\icons\message-square-warning.js,.js,518
node_modules\.pnpm\lucide@1.8.0\node_modules\lucide\dist\esm\icons\message-square-x.js,.js,508
node_modules\.pnpm\lucide@1.8.0\node_modules\lucide\dist\esm\icons\message-square.js,.js,433
node_modules\.pnpm\lucide@1.8.0\node_modules\lucide\dist\esm\icons\messages-square.js,.js,583
node_modules\.pnpm\lucide@1.8.0\node_modules\lucide\dist\esm\icons\metronome.js,.js,531
node_modules\.pnpm\lucide@1.8.0\node_modules\lucide\dist\esm\icons\mic-off.js,.js,525
node_modules\.pnpm\lucide@1.8.0\node_modules\lucide\dist\esm\icons\mic-vocal.js,.js,542
node_modules\.pnpm\lucide@1.8.0\node_modules\lucide\dist\esm\icons\mic.js,.js,389
node_modules\.pnpm\lucide@1.8.0\node_modules\lucide\dist\esm\icons\microchip.js,.js,601
node_modules\.pnpm\lucide@1.8.0\node_modules\lucide\dist\esm\icons\microscope.js,.js,526
node_modules\.pnpm\lucide@1.8.0\node_modules\lucide\dist\esm\icons\microwave.js,.js,485
node_modules\.pnpm\lucide@1.8.0\node_modules\lucide\dist\esm\icons\milestone.js,.js,495
node_modules\.pnpm\lucide@1.8.0\node_modules\lucide\dist\esm\icons\milk-off.js,.js,609
node_modules\.pnpm\lucide@1.8.0\node_modules\lucide\dist\esm\icons\milk.js,.js,542
node_modules\.pnpm\lucide@1.8.0\node_modules\lucide\dist\esm\icons\minimize-2.js,.js,392
node_modules\.pnpm\lucide@1.8.0\node_modules\lucide\dist\esm\icons\minimize.js,.js,443
node_modules\.pnpm\lucide@1.8.0\node_modules\lucide\dist\esm\icons\minus.js,.js,275
node_modules\.pnpm\lucide@1.8.0\node_modules\lucide\dist\esm\icons\mirror-rectangular.js,.js,417
node_modules\.pnpm\lucide@1.8.0\node_modules\lucide\dist\esm\icons\mirror-round.js,.js,448
node_modules\.pnpm\lucide@1.8.0\node_modules\lucide\dist\esm\icons\monitor-check.js,.js,435
node_modules\.pnpm\lucide@1.8.0\node_modules\lucide\dist\esm\icons\monitor-cloud.js,.js,463
node_modules\.pnpm\lucide@1.8.0\node_modules\lucide\dist\esm\icons\monitor-cog.js,.js,809
node_modules\.pnpm\lucide@1.8.0\node_modules\lucide\dist\esm\icons\monitor-dot.js,.js,458
node_modules\.pnpm\lucide@1.8.0\node_modules\lucide\dist\esm\icons\monitor-down.js,.js,464
node_modules\.pnpm\lucide@1.8.0\node_modules\lucide\dist\esm\icons\monitor-off.js,.js,499
node_modules\.pnpm\lucide@1.8.0\node_modules\lucide\dist\esm\icons\monitor-pause.js,.js,461
node_modules\.pnpm\lucide@1.8.0\node_modules\lucide\dist\esm\icons\monitor-play.js,.js,543
node_modules\.pnpm\lucide@1.8.0\node_modules\lucide\dist\esm\icons\monitor-smartphone.js,.js,502
node_modules\.pnpm\lucide@1.8.0\node_modules\lucide\dist\esm\icons\monitor-speaker.js,.js,516
node_modules\.pnpm\lucide@1.8.0\node_modules\lucide\dist\esm\icons\monitor-stop.js,.js,462
node_modules\.pnpm\lucide@1.8.0\node_modules\lucide\dist\esm\icons\monitor-up.js,.js,457
node_modules\.pnpm\lucide@1.8.0\node_modules\lucide\dist\esm\icons\monitor-x.js,.js,460
node_modules\.pnpm\lucide@1.8.0\node_modules\lucide\dist\esm\icons\monitor.js,.js,433
node_modules\.pnpm\lucide@1.8.0\node_modules\lucide\dist\esm\icons\moon-star.js,.js,473
node_modules\.pnpm\lucide@1.8.0\node_modules\lucide\dist\esm\icons\moon.js,.js,400
node_modules\.pnpm\lucide@1.8.0\node_modules\lucide\dist\esm\icons\motorbike.js,.js,543
node_modules\.pnpm\lucide@1.8.0\node_modules\lucide\dist\esm\icons\mountain-snow.js,.js,404
node_modules\.pnpm\lucide@1.8.0\node_modules\lucide\dist\esm\icons\mountain.js,.js,300
node_modules\.pnpm\lucide@1.8.0\node_modules\lucide\dist\esm\icons\mouse-left.js,.js,411
node_modules\.pnpm\lucide@1.8.0\node_modules\lucide\dist\esm\icons\mouse-off.js,.js,455
node_modules\.pnpm\lucide@1.8.0\node_modules\lucide\dist\esm\icons\mouse-pointer-2-off.js,.js,567
node_modules\.pnpm\lucide@1.8.0\node_modules\lucide\dist\esm\icons\mouse-pointer-2.js,.js,451
node_modules\.pnpm\lucide@1.8.0\node_modules\lucide\dist\esm\icons\mouse-pointer-ban.js,.js,538
node_modules\.pnpm\lucide@1.8.0\node_modules\lucide\dist\esm\icons\mouse-pointer-click.js,.js,598
node_modules\.pnpm\lucide@1.8.0\node_modules\lucide\dist\esm\icons\mouse-pointer.js,.js,498
node_modules\.pnpm\lucide@1.8.0\node_modules\lucide\dist\esm\icons\mouse-right.js,.js,416
node_modules\.pnpm\lucide@1.8.0\node_modules\lucide\dist\esm\icons\mouse.js,.js,346
node_modules\.pnpm\lucide@1.8.0\node_modules\lucide\dist\esm\icons\move-3d.js,.js,389
node_modules\.pnpm\lucide@1.8.0\node_modules\lucide\dist\esm\icons\move-diagonal-2.js,.js,373
node_modules\.pnpm\lucide@1.8.0\node_modules\lucide\dist\esm\icons\move-diagonal.js,.js,369
node_modules\.pnpm\lucide@1.8.0\node_modules\lucide\dist\esm\icons\move-down-left.js,.js,338
node_modules\.pnpm\lucide@1.8.0\node_modules\lucide\dist\esm\icons\move-down-right.js,.js,342
node_modules\.pnpm\lucide@1.8.0\node_modules\lucide\dist\esm\icons\move-down.js,.js,329
node_modules\.pnpm\lucide@1.8.0\node_modules\lucide\dist\esm\icons\move-horizontal.js,.js,378
node_modules\.pnpm\lucide@1.8.0\node_modules\lucide\dist\esm\icons\move-left.js,.js,326
node_modules\.pnpm\lucide@1.8.0\node_modules\lucide\dist\esm\icons\move-right.js,.js,332
node_modules\.pnpm\lucide@1.8.0\node_modules\lucide\dist\esm\icons\move-up-left.js,.js,331
node_modules\.pnpm\lucide@1.8.0\node_modules\lucide\dist\esm\icons\move-up-right.js,.js,335
node_modules\.pnpm\lucide@1.8.0\node_modules\lucide\dist\esm\icons\move-up.js,.js,320
node_modules\.pnpm\lucide@1.8.0\node_modules\lucide\dist\esm\icons\move-vertical.js,.js,372
node_modules\.pnpm\lucide@1.8.0\node_modules\lucide\dist\esm\icons\move.js,.js,450
node_modules\.pnpm\lucide@1.8.0\node_modules\lucide\dist\esm\icons\music-2.js,.js,332
node_modules\.pnpm\lucide@1.8.0\node_modules\lucide\dist\esm\icons\music-3.js,.js,329
node_modules\.pnpm\lucide@1.8.0\node_modules\lucide\dist\esm\icons\music-4.js,.js,413
node_modules\.pnpm\lucide@1.8.0\node_modules\lucide\dist\esm\icons\music.js,.js,377
node_modules\.pnpm\lucide@1.8.0\node_modules\lucide\dist\esm\icons\navigation-2-off.js,.js,437
node_modules\.pnpm\lucide@1.8.0\node_modules\lucide\dist\esm\icons\navigation-2.js,.js,320
node_modules\.pnpm\lucide@1.8.0\node_modules\lucide\dist\esm\icons\navigation-off.js,.js,434
node_modules\.pnpm\lucide@1.8.0\node_modules\lucide\dist\esm\icons\navigation.js,.js,316
node_modules\.pnpm\lucide@1.8.0\node_modules\lucide\dist\esm\icons\network.js,.js,550
node_modules\.pnpm\lucide@1.8.0\node_modules\lucide\dist\esm\icons\newspaper.js,.js,526
node_modules\.pnpm\lucide@1.8.0\node_modules\lucide\dist\esm\icons\nfc.js,.js,468
node_modules\.pnpm\lucide@1.8.0\node_modules\lucide\dist\esm\icons\non-binary.js,.js,404
node_modules\.pnpm\lucide@1.8.0\node_modules\lucide\dist\esm\icons\notebook-pen.js,.js,642
node_modules\.pnpm\lucide@1.8.0\node_modules\lucide\dist\esm\icons\notebook-tabs.js,.js,580
node_modules\.pnpm\lucide@1.8.0\node_modules\lucide\dist\esm\icons\notebook-text.js,.js,554
node_modules\.pnpm\lucide@1.8.0\node_modules\lucide\dist\esm\icons\notebook.js,.js,475
node_modules\.pnpm\lucide@1.8.0\node_modules\lucide\dist\esm\icons\notepad-text-dashed.js,.js,745
node_modules\.pnpm\lucide@1.8.0\node_modules\lucide\dist\esm\icons\notepad-text.js,.js,514
node_modules\.pnpm\lucide@1.8.0\node_modules\lucide\dist\esm\icons\nut-off.js,.js,896
node_modules\.pnpm\lucide@1.8.0\node_modules\lucide\dist\esm\icons\nut.js,.js,785
node_modules\.pnpm\lucide@1.8.0\node_modules\lucide\dist\esm\icons\octagon-alert.js,.js,615
node_modules\.pnpm\lucide@1.8.0\node_modules\lucide\dist\esm\icons\octagon-minus.js,.js,579
node_modules\.pnpm\lucide@1.8.0\node_modules\lucide\dist\esm\icons\octagon-pause.js,.js,611
node_modules\.pnpm\lucide@1.8.0\node_modules\lucide\dist\esm\icons\octagon-x.js,.js,600
node_modules\.pnpm\lucide@1.8.0\node_modules\lucide\dist\esm\icons\octagon.js,.js,533
node_modules\.pnpm\lucide@1.8.0\node_modules\lucide\dist\esm\icons\omega.js,.js,414
node_modules\.pnpm\lucide@1.8.0\node_modules\lucide\dist\esm\icons\option.js,.js,317
node_modules\.pnpm\lucide@1.8.0\node_modules\lucide\dist\esm\icons\orbit.js,.js,505
node_modules\.pnpm\lucide@1.8.0\node_modules\lucide\dist\esm\icons\origami.js,.js,647
node_modules\.pnpm\lucide@1.8.0\node_modules\lucide\dist\esm\icons\package-2.js,.js,516
node_modules\.pnpm\lucide@1.8.0\node_modules\lucide\dist\esm\icons\package-check.js,.js,589
node_modules\.pnpm\lucide@1.8.0\node_modules\lucide\dist\esm\icons\package-minus.js,.js,580
node_modules\.pnpm\lucide@1.8.0\node_modules\lucide\dist\esm\icons\package-open.js,.js,801
node_modules\.pnpm\lucide@1.8.0\node_modules\lucide\dist\esm\icons\package-plus.js,.js,612
node_modules\.pnpm\lucide@1.8.0\node_modules\lucide\dist\esm\icons\package-search.js,.js,647
node_modules\.pnpm\lucide@1.8.0\node_modules\lucide\dist\esm\icons\package-x.js,.js,611
node_modules\.pnpm\lucide@1.8.0\node_modules\lucide\dist\esm\icons\package.js,.js,542
node_modules\.pnpm\lucide@1.8.0\node_modules\lucide\dist\esm\icons\paint-bucket.js,.js,753
node_modules\.pnpm\lucide@1.8.0\node_modules\lucide\dist\esm\icons\paint-roller.js,.js,482
node_modules\.pnpm\lucide@1.8.0\node_modules\lucide\dist\esm\icons\paintbrush-vertical.js,.js,575
node_modules\.pnpm\lucide@1.8.0\node_modules\lucide\dist\esm\icons\paintbrush.js,.js,743
node_modules\.pnpm\lucide@1.8.0\node_modules\lucide\dist\esm\icons\palette.js,.js,698
node_modules\.pnpm\lucide@1.8.0\node_modules\lucide\dist\esm\icons\panda.js,.js,666
node_modules\.pnpm\lucide@1.8.0\node_modules\lucide\dist\esm\icons\panel-bottom-close.js,.js,418
node_modules\.pnpm\lucide@1.8.0\node_modules\lucide\dist\esm\icons\panel-bottom-dashed.js,.js,476
node_modules\.pnpm\lucide@1.8.0\node_modules\lucide\dist\esm\icons\panel-bottom-open.js,.js,415
node_modules\.pnpm\lucide@1.8.0\node_modules\lucide\dist\esm\icons\panel-bottom.js,.js,366
node_modules\.pnpm\lucide@1.8.0\node_modules\lucide\dist\esm\icons\panel-left-close.js,.js,412
node_modules\.pnpm\lucide@1.8.0\node_modules\lucide\dist\esm\icons\panel-left-dashed.js,.js,466
node_modules\.pnpm\lucide@1.8.0\node_modules\lucide\dist\esm\icons\panel-left-open.js,.js,408
node_modules\.pnpm\lucide@1.8.0\node_modules\lucide\dist\esm\icons\panel-left-right-dashed.js,.js,610
node_modules\.pnpm\lucide@1.8.0\node_modules\lucide\dist\esm\icons\panel-left.js,.js,359
node_modules\.pnpm\lucide@1.8.0\node_modules\lucide\dist\esm\icons\panel-right-close.js,.js,414
node_modules\.pnpm\lucide@1.8.0\node_modules\lucide\dist\esm\icons\panel-right-dashed.js,.js,473
node_modules\.pnpm\lucide@1.8.0\node_modules\lucide\dist\esm\icons\panel-right-open.js,.js,413
node_modules\.pnpm\lucide@1.8.0\node_modules\lucide\dist\esm\icons\panel-right.js,.js,363
node_modules\.pnpm\lucide@1.8.0\node_modules\lucide\dist\esm\icons\panel-top-bottom-dashed.js,.js,604
node_modules\.pnpm\lucide@1.8.0\node_modules\lucide\dist\esm\icons\panel-top-close.js,.js,408
node_modules\.pnpm\lucide@1.8.0\node_modules\lucide\dist\esm\icons\panel-top-dashed.js,.js,463
node_modules\.pnpm\lucide@1.8.0\node_modules\lucide\dist\esm\icons\panel-top-open.js,.js,406
node_modules\.pnpm\lucide@1.8.0\node_modules\lucide\dist\esm\icons\panel-top.js,.js,356
node_modules\.pnpm\lucide@1.8.0\node_modules\lucide\dist\esm\icons\panels-left-bottom.js,.js,412
node_modules\.pnpm\lucide@1.8.0\node_modules\lucide\dist\esm\icons\panels-right-bottom.js,.js,416
node_modules\.pnpm\lucide@1.8.0\node_modules\lucide\dist\esm\icons\panels-top-left.js,.js,402
node_modules\.pnpm\lucide@1.8.0\node_modules\lucide\dist\esm\icons\paperclip.js,.js,425
node_modules\.pnpm\lucide@1.8.0\node_modules\lucide\dist\esm\icons\parentheses.js,.js,355
node_modules\.pnpm\lucide@1.8.0\node_modules\lucide\dist\esm\icons\parking-meter.js,.js,536
node_modules\.pnpm\lucide@1.8.0\node_modules\lucide\dist\esm\icons\party-popper.js,.js,900
node_modules\.pnpm\lucide@1.8.0\node_modules\lucide\dist\esm\icons\pause.js,.js,383
node_modules\.pnpm\lucide@1.8.0\node_modules\lucide\dist\esm\icons\paw-print.js,.js,531
node_modules\.pnpm\lucide@1.8.0\node_modules\lucide\dist\esm\icons\pc-case.js,.js,412
node_modules\.pnpm\lucide@1.8.0\node_modules\lucide\dist\esm\icons\pen-line.js,.js,459
node_modules\.pnpm\lucide@1.8.0\node_modules\lucide\dist\esm\icons\pen-off.js,.js,519
node_modules\.pnpm\lucide@1.8.0\node_modules\lucide\dist\esm\icons\pen-tool.js,.js,667
node_modules\.pnpm\lucide@1.8.0\node_modules\lucide\dist\esm\icons\pen.js,.js,415
node_modules\.pnpm\lucide@1.8.0\node_modules\lucide\dist\esm\icons\pencil-line.js,.js,500
node_modules\.pnpm\lucide@1.8.0\node_modules\lucide\dist\esm\icons\pencil-off.js,.js,560
node_modules\.pnpm\lucide@1.8.0\node_modules\lucide\dist\esm\icons\pencil-ruler.js,.js,724
node_modules\.pnpm\lucide@1.8.0\node_modules\lucide\dist\esm\icons\pencil.js,.js,456
node_modules\.pnpm\lucide@1.8.0\node_modules\lucide\dist\esm\icons\pentagon.js,.js,440
node_modules\.pnpm\lucide@1.8.0\node_modules\lucide\dist\esm\icons\percent.js,.js,410
node_modules\.pnpm\lucide@1.8.0\node_modules\lucide\dist\esm\icons\person-standing.js,.js,423
node_modules\.pnpm\lucide@1.8.0\node_modules\lucide\dist\esm\icons\philippine-peso.js,.js,400
node_modules\.pnpm\lucide@1.8.0\node_modules\lucide\dist\esm\icons\phone-call.js,.js,603
node_modules\.pnpm\lucide@1.8.0\node_modules\lucide\dist\esm\icons\phone-forwarded.js,.js,600
node_modules\.pnpm\lucide@1.8.0\node_modules\lucide\dist\esm\icons\phone-incoming.js,.js,595
node_modules\.pnpm\lucide@1.8.0\node_modules\lucide\dist\esm\icons\phone-missed.js,.js,589
node_modules\.pnpm\lucide@1.8.0\node_modules\lucide\dist\esm\icons\phone-off.js,.js,648
node_modules\.pnpm\lucide@1.8.0\node_modules\lucide\dist\esm\icons\phone-outgoing.js,.js,596
node_modules\.pnpm\lucide@1.8.0\node_modules\lucide\dist\esm\icons\phone.js,.js,506
node_modules\.pnpm\lucide@1.8.0\node_modules\lucide\dist\esm\icons\pi.js,.js,386
node_modules\.pnpm\lucide@1.8.0\node_modules\lucide\dist\esm\icons\piano.js,.js,554
node_modules\.pnpm\lucide@1.8.0\node_modules\lucide\dist\esm\icons\pickaxe.js,.js,804
node_modules\.pnpm\lucide@1.8.0\node_modules\lucide\dist\esm\icons\picture-in-picture-2.js,.js,435
node_modules\.pnpm\lucide@1.8.0\node_modules\lucide\dist\esm\icons\picture-in-picture.js,.js,509
node_modules\.pnpm\lucide@1.8.0\node_modules\lucide\dist\esm\icons\piggy-bank.js,.js,589
node_modules\.pnpm\lucide@1.8.0\node_modules\lucide\dist\esm\icons\pilcrow-left.js,.js,443
node_modules\.pnpm\lucide@1.8.0\node_modules\lucide\dist\esm\icons\pilcrow-right.js,.js,446
node_modules\.pnpm\lucide@1.8.0\node_modules\lucide\dist\esm\icons\pilcrow.js,.js,369
node_modules\.pnpm\lucide@1.8.0\node_modules\lucide\dist\esm\icons\pill-bottle.js,.js,457
node_modules\.pnpm\lucide@1.8.0\node_modules\lucide\dist\esm\icons\pill.js,.js,367
node_modules\.pnpm\lucide@1.8.0\node_modules\lucide\dist\esm\icons\pin-off.js,.js,480
node_modules\.pnpm\lucide@1.8.0\node_modules\lucide\dist\esm\icons\pin.js,.js,520
node_modules\.pnpm\lucide@1.8.0\node_modules\lucide\dist\esm\icons\pipette.js,.js,550
node_modules\.pnpm\lucide@1.8.0\node_modules\lucide\dist\esm\icons\pizza.js,.js,603
node_modules\.pnpm\lucide@1.8.0\node_modules\lucide\dist\esm\icons\plane-landing.js,.js,601
node_modules\.pnpm\lucide@1.8.0\node_modules\lucide\dist\esm\icons\plane-takeoff.js,.js,592
node_modules\.pnpm\lucide@1.8.0\node_modules\lucide\dist\esm\icons\plane.js,.js,490
node_modules\.pnpm\lucide@1.8.0\node_modules\lucide\dist\esm\icons\play.js,.js,362
node_modules\.pnpm\lucide@1.8.0\node_modules\lucide\dist\esm\icons\plug-2.js,.js,420
node_modules\.pnpm\lucide@1.8.0\node_modules\lucide\dist\esm\icons\plug-zap.js,.js,495
node_modules\.pnpm\lucide@1.8.0\node_modules\lucide\dist\esm\icons\plug.js,.js,428
node_modules\.pnpm\lucide@1.8.0\node_modules\lucide\dist\esm\icons\plus.js,.js,307
node_modules\.pnpm\lucide@1.8.0\node_modules\lucide\dist\esm\icons\pocket-knife.js,.js,537
node_modules\.pnpm\lucide@1.8.0\node_modules\lucide\dist\esm\icons\podcast.js,.js,506
node_modules\.pnpm\lucide@1.8.0\node_modules\lucide\dist\esm\icons\pointer-off.js,.js,643
node_modules\.pnpm\lucide@1.8.0\node_modules\lucide\dist\esm\icons\pointer.js,.js,624
node_modules\.pnpm\lucide@1.8.0\node_modules\lucide\dist\esm\icons\popcorn.js,.js,552
node_modules\.pnpm\lucide@1.8.0\node_modules\lucide\dist\esm\icons\popsicle.js,.js,415
node_modules\.pnpm\lucide@1.8.0\node_modules\lucide\dist\esm\icons\pound-sterling.js,.js,414
node_modules\.pnpm\lucide@1.8.0\node_modules\lucide\dist\esm\icons\power-off.js,.js,429
node_modules\.pnpm\lucide@1.8.0\node_modules\lucide\dist\esm\icons\power.js,.js,330
node_modules\.pnpm\lucide@1.8.0\node_modules\lucide\dist\esm\icons\presentation.js,.js,398
node_modules\.pnpm\lucide@1.8.0\node_modules\lucide\dist\esm\icons\printer-check.js,.js,533
node_modules\.pnpm\lucide@1.8.0\node_modules\lucide\dist\esm\icons\printer-x.js,.js,548
node_modules\.pnpm\lucide@1.8.0\node_modules\lucide\dist\esm\icons\printer.js,.js,481
node_modules\.pnpm\lucide@1.8.0\node_modules\lucide\dist\esm\icons\projector.js,.js,543
node_modules\.pnpm\lucide@1.8.0\node_modules\lucide\dist\esm\icons\proportions.js,.js,411
node_modules\.pnpm\lucide@1.8.0\node_modules\lucide\dist\esm\icons\puzzle.js,.js,757
node_modules\.pnpm\lucide@1.8.0\node_modules\lucide\dist\esm\icons\pyramid.js,.js,440
node_modules\.pnpm\lucide@1.8.0\node_modules\lucide\dist\esm\icons\qr-code.js,.js,772
node_modules\.pnpm\lucide@1.8.0\node_modules\lucide\dist\esm\icons\quote.js,.js,589
node_modules\.pnpm\lucide@1.8.0\node_modules\lucide\dist\esm\icons\rabbit.js,.js,603
node_modules\.pnpm\lucide@1.8.0\node_modules\lucide\dist\esm\icons\radar.js,.js,627
node_modules\.pnpm\lucide@1.8.0\node_modules\lucide\dist\esm\icons\radiation.js,.js,748
node_modules\.pnpm\lucide@1.8.0\node_modules\lucide\dist\esm\icons\radical.js,.js,394
node_modules\.pnpm\lucide@1.8.0\node_modules\lucide\dist\esm\icons\radio-off.js,.js,579
node_modules\.pnpm\lucide@1.8.0\node_modules\lucide\dist\esm\icons\radio-receiver.js,.js,434
node_modules\.pnpm\lucide@1.8.0\node_modules\lucide\dist\esm\icons\radio-tower.js,.js,594
node_modules\.pnpm\lucide@1.8.0\node_modules\lucide\dist\esm\icons\radio.js,.js,516
node_modules\.pnpm\lucide@1.8.0\node_modules\lucide\dist\esm\icons\radius.js,.js,445
node_modules\.pnpm\lucide@1.8.0\node_modules\lucide\dist\esm\icons\rainbow.js,.js,386
node_modules\.pnpm\lucide@1.8.0\node_modules\lucide\dist\esm\icons\rat.js,.js,597
node_modules\.pnpm\lucide@1.8.0\node_modules\lucide\dist\esm\icons\ratio.js,.js,384
node_modules\.pnpm\lucide@1.8.0\node_modules\lucide\dist\esm\icons\receipt-cent.js,.js,871
node_modules\.pnpm\lucide@1.8.0\node_modules\lucide\dist\esm\icons\receipt-euro.js,.js,870
node_modules\.pnpm\lucide@1.8.0\node_modules\lucide\dist\esm\icons\receipt-indian-rupee.js,.js,877
node_modules\.pnpm\lucide@1.8.0\node_modules\lucide\dist\esm\icons\receipt-japanese-yen.js,.js,897
node_modules\.pnpm\lucide@1.8.0\node_modules\lucide\dist\esm\icons\receipt-pound-sterling.js,.js,884
node_modules\.pnpm\lucide@1.8.0\node_modules\lucide\dist\esm\icons\receipt-russian-ruble.js,.js,854
node_modules\.pnpm\lucide@1.8.0\node_modules\lucide\dist\esm\icons\receipt-swiss-franc.js,.js,862
node_modules\.pnpm\lucide@1.8.0\node_modules\lucide\dist\esm\icons\receipt-text.js,.js,841
node_modules\.pnpm\lucide@1.8.0\node_modules\lucide\dist\esm\icons\receipt-turkish-lira.js,.js,848
node_modules\.pnpm\lucide@1.8.0\node_modules\lucide\dist\esm\icons\receipt.js,.js,830
node_modules\.pnpm\lucide@1.8.0\node_modules\lucide\dist\esm\icons\rectangle-circle.js,.js,389
node_modules\.pnpm\lucide@1.8.0\node_modules\lucide\dist\esm\icons\rectangle-ellipsis.js,.js,451
node_modules\.pnpm\lucide@1.8.0\node_modules\lucide\dist\esm\icons\rectangle-goggles.js,.js,465
node_modules\.pnpm\lucide@1.8.0\node_modules\lucide\dist\esm\icons\rectangle-horizontal.js,.js,359
node_modules\.pnpm\lucide@1.8.0\node_modules\lucide\dist\esm\icons\rectangle-vertical.js,.js,353
node_modules\.pnpm\lucide@1.8.0\node_modules\lucide\dist\esm\icons\recycle.js,.js,740
node_modules\.pnpm\lucide@1.8.0\node_modules\lucide\dist\esm\icons\redo-2.js,.js,363
node_modules\.pnpm\lucide@1.8.0\node_modules\lucide\dist\esm\icons\redo-dot.js,.js,398
node_modules\.pnpm\lucide@1.8.0\node_modules\lucide\dist\esm\icons\redo.js,.js,342
node_modules\.pnpm\lucide@1.8.0\node_modules\lucide\dist\esm\icons\refresh-ccw-dot.js,.js,531
node_modules\.pnpm\lucide@1.8.0\node_modules\lucide\dist\esm\icons\refresh-ccw.js,.js,475
node_modules\.pnpm\lucide@1.8.0\node_modules\lucide\dist\esm\icons\refresh-cw-off.js,.js,642
node_modules\.pnpm\lucide@1.8.0\node_modules\lucide\dist\esm\icons\refresh-cw.js,.js,473
node_modules\.pnpm\lucide@1.8.0\node_modules\lucide\dist\esm\icons\refrigerator.js,.js,423
node_modules\.pnpm\lucide@1.8.0\node_modules\lucide\dist\esm\icons\regex.js,.js,454
node_modules\.pnpm\lucide@1.8.0\node_modules\lucide\dist\esm\icons\remove-formatting.js,.js,445
node_modules\.pnpm\lucide@1.8.0\node_modules\lucide\dist\esm\icons\repeat-1.js,.js,455
node_modules\.pnpm\lucide@1.8.0\node_modules\lucide\dist\esm\icons\repeat-2.js,.js,421
node_modules\.pnpm\lucide@1.8.0\node_modules\lucide\dist\esm\icons\repeat.js,.js,418
node_modules\.pnpm\lucide@1.8.0\node_modules\lucide\dist\esm\icons\replace-all.js,.js,699
node_modules\.pnpm\lucide@1.8.0\node_modules\lucide\dist\esm\icons\replace.js,.js,571
node_modules\.pnpm\lucide@1.8.0\node_modules\lucide\dist\esm\icons\reply-all.js,.js,379
node_modules\.pnpm\lucide@1.8.0\node_modules\lucide\dist\esm\icons\reply.js,.js,332
node_modules\.pnpm\lucide@1.8.0\node_modules\lucide\dist\esm\icons\rewind.js,.js,439
node_modules\.pnpm\lucide@1.8.0\node_modules\lucide\dist\esm\icons\ribbon.js,.js,746
node_modules\.pnpm\lucide@1.8.0\node_modules\lucide\dist\esm\icons\road.js,.js,478
node_modules\.pnpm\lucide@1.8.0\node_modules\lucide\dist\esm\icons\rocket.js,.js,644
node_modules\.pnpm\lucide@1.8.0\node_modules\lucide\dist\esm\icons\rocking-chair.js,.js,456
node_modules\.pnpm\lucide@1.8.0\node_modules\lucide\dist\esm\icons\roller-coaster.js,.js,547
node_modules\.pnpm\lucide@1.8.0\node_modules\lucide\dist\esm\icons\rose.js,.js,596
node_modules\.pnpm\lucide@1.8.0\node_modules\lucide\dist\esm\icons\rotate-3d.js,.js,601
node_modules\.pnpm\lucide@1.8.0\node_modules\lucide\dist\esm\icons\rotate-ccw-key.js,.js,480
node_modules\.pnpm\lucide@1.8.0\node_modules\lucide\dist\esm\icons\rotate-ccw-square.js,.js,442
node_modules\.pnpm\lucide@1.8.0\node_modules\lucide\dist\esm\icons\rotate-ccw.js,.js,364
node_modules\.pnpm\lucide@1.8.0\node_modules\lucide\dist\esm\icons\rotate-cw-square.js,.js,438
node_modules\.pnpm\lucide@1.8.0\node_modules\lucide\dist\esm\icons\rotate-cw.js,.js,363
node_modules\.pnpm\lucide@1.8.0\node_modules\lucide\dist\esm\icons\route-off.js,.js,573
node_modules\.pnpm\lucide@1.8.0\node_modules\lucide\dist\esm\icons\route.js,.js,413
node_modules\.pnpm\lucide@1.8.0\node_modules\lucide\dist\esm\icons\router.js,.js,521
node_modules\.pnpm\lucide@1.8.0\node_modules\lucide\dist\esm\icons\rows-2.js,.js,348
node_modules\.pnpm\lucide@1.8.0\node_modules\lucide\dist\esm\icons\rows-3.js,.js,378
node_modules\.pnpm\lucide@1.8.0\node_modules\lucide\dist\esm\icons\rows-4.js,.js,413
node_modules\.pnpm\lucide@1.8.0\node_modules\lucide\dist\esm\icons\rss.js,.js,374
node_modules\.pnpm\lucide@1.8.0\node_modules\lucide\dist\esm\icons\ruler-dimension-line.js,.js,573
node_modules\.pnpm\lucide@1.8.0\node_modules\lucide\dist\esm\icons\ruler.js,.js,558
node_modules\.pnpm\lucide@1.8.0\node_modules\lucide\dist\esm\icons\russian-ruble.js,.js,349
node_modules\.pnpm\lucide@1.8.0\node_modules\lucide\dist\esm\icons\sailboat.js,.js,494
node_modules\.pnpm\lucide@1.8.0\node_modules\lucide\dist\esm\icons\salad.js,.js,636
node_modules\.pnpm\lucide@1.8.0\node_modules\lucide\dist\esm\icons\sandwich.js,.js,593
node_modules\.pnpm\lucide@1.8.0\node_modules\lucide\dist\esm\icons\satellite-dish.js,.js,445
node_modules\.pnpm\lucide@1.8.0\node_modules\lucide\dist\esm\icons\satellite.js,.js,820
node_modules\.pnpm\lucide@1.8.0\node_modules\lucide\dist\esm\icons\saudi-riyal.js,.js,468
node_modules\.pnpm\lucide@1.8.0\node_modules\lucide\dist\esm\icons\save-all.js,.js,571
node_modules\.pnpm\lucide@1.8.0\node_modules\lucide\dist\esm\icons\save-off.js,.js,601
node_modules\.pnpm\lucide@1.8.0\node_modules\lucide\dist\esm\icons\save.js,.js,497
node_modules\.pnpm\lucide@1.8.0\node_modules\lucide\dist\esm\icons\scale-3d.js,.js,434
node_modules\.pnpm\lucide@1.8.0\node_modules\lucide\dist\esm\icons\scale.js,.js,470
node_modules\.pnpm\lucide@1.8.0\node_modules\lucide\dist\esm\icons\scaling.js,.js,434
node_modules\.pnpm\lucide@1.8.0\node_modules\lucide\dist\esm\icons\scan-barcode.js,.js,545
node_modules\.pnpm\lucide@1.8.0\node_modules\lucide\dist\esm\icons\scan-eye.js,.js,623
node_modules\.pnpm\lucide@1.8.0\node_modules\lucide\dist\esm\icons\scan-face.js,.js,553
node_modules\.pnpm\lucide@1.8.0\node_modules\lucide\dist\esm\icons\scan-heart.js,.js,566
node_modules\.pnpm\lucide@1.8.0\node_modules\lucide\dist\esm\icons\scan-line.js,.js,475
node_modules\.pnpm\lucide@1.8.0\node_modules\lucide\dist\esm\icons\scan-qr-code.js,.js,627
node_modules\.pnpm\lucide@1.8.0\node_modules\lucide\dist\esm\icons\scan-search.js,.js,533
node_modules\.pnpm\lucide@1.8.0\node_modules\lucide\dist\esm\icons\scan-text.js,.js,534
node_modules\.pnpm\lucide@1.8.0\node_modules\lucide\dist\esm\icons\scan.js,.js,431
node_modules\.pnpm\lucide@1.8.0\node_modules\lucide\dist\esm\icons\school.js,.js,615
node_modules\.pnpm\lucide@1.8.0\node_modules\lucide\dist\esm\icons\scissors-line-dashed.js,.js,557
node_modules\.pnpm\lucide@1.8.0\node_modules\lucide\dist\esm\icons\scissors.js,.js,463
node_modules\.pnpm\lucide@1.8.0\node_modules\lucide\dist\esm\icons\scooter.js,.js,488
node_modules\.pnpm\lucide@1.8.0\node_modules\lucide\dist\esm\icons\screen-share-off.js,.js,483
node_modules\.pnpm\lucide@1.8.0\node_modules\lucide\dist\esm\icons\screen-share.js,.js,473
node_modules\.pnpm\lucide@1.8.0\node_modules\lucide\dist\esm\icons\scroll-text.js,.js,525
node_modules\.pnpm\lucide@1.8.0\node_modules\lucide\dist\esm\icons\scroll.js,.js,449
node_modules\.pnpm\lucide@1.8.0\node_modules\lucide\dist\esm\icons\search-alert.js,.js,413
node_modules\.pnpm\lucide@1.8.0\node_modules\lucide\dist\esm\icons\search-check.js,.js,386
node_modules\.pnpm\lucide@1.8.0\node_modules\lucide\dist\esm\icons\search-code.js,.js,430
node_modules\.pnpm\lucide@1.8.0\node_modules\lucide\dist\esm\icons\search-slash.js,.js,386
node_modules\.pnpm\lucide@1.8.0\node_modules\lucide\dist\esm\icons\search-x.js,.js,409
node_modules\.pnpm\lucide@1.8.0\node_modules\lucide\dist\esm\icons\search.js,.js,336
node_modules\.pnpm\lucide@1.8.0\node_modules\lucide\dist\esm\icons\section.js,.js,390
node_modules\.pnpm\lucide@1.8.0\node_modules\lucide\dist\esm\icons\send-horizontal.js,.js,481
node_modules\.pnpm\lucide@1.8.0\node_modules\lucide\dist\esm\icons\send-to-back.js,.js,491
node_modules\.pnpm\lucide@1.8.0\node_modules\lucide\dist\esm\icons\send.js,.js,466
node_modules\.pnpm\lucide@1.8.0\node_modules\lucide\dist\esm\icons\separator-horizontal.js,.js,394
node_modules\.pnpm\lucide@1.8.0\node_modules\lucide\dist\esm\icons\separator-vertical.js,.js,388
node_modules\.pnpm\lucide@1.8.0\node_modules\lucide\dist\esm\icons\server-cog.js,.js,934
node_modules\.pnpm\lucide@1.8.0\node_modules\lucide\dist\esm\icons\server-crash.js,.js,562
node_modules\.pnpm\lucide@1.8.0\node_modules\lucide\dist\esm\icons\server-off.js,.js,587
node_modules\.pnpm\lucide@1.8.0\node_modules\lucide\dist\esm\icons\server.js,.js,516
node_modules\.pnpm\lucide@1.8.0\node_modules\lucide\dist\esm\icons\settings-2.js,.js,413
node_modules\.pnpm\lucide@1.8.0\node_modules\lucide\dist\esm\icons\settings.js,.js,675
node_modules\.pnpm\lucide@1.8.0\node_modules\lucide\dist\esm\icons\shapes.js,.js,503
node_modules\.pnpm\lucide@1.8.0\node_modules\lucide\dist\esm\icons\share-2.js,.js,521
node_modules\.pnpm\lucide@1.8.0\node_modules\lucide\dist\esm\icons\share.js,.js,379
node_modules\.pnpm\lucide@1.8.0\node_modules\lucide\dist\esm\icons\sheet.js,.js,541
node_modules\.pnpm\lucide@1.8.0\node_modules\lucide\dist\esm\icons\shell.js,.js,422
node_modules\.pnpm\lucide@1.8.0\node_modules\lucide\dist\esm\icons\shelving-unit.js,.js,551
node_modules\.pnpm\lucide@1.8.0\node_modules\lucide\dist\esm\icons\shield-alert.js,.js,537
node_modules\.pnpm\lucide@1.8.0\node_modules\lucide\dist\esm\icons\shield-ban.js,.js,515
node_modules\.pnpm\lucide@1.8.0\node_modules\lucide\dist\esm\icons\shield-check.js,.js,510
node_modules\.pnpm\lucide@1.8.0\node_modules\lucide\dist\esm\icons\shield-cog-corner.js,.js,877
node_modules\.pnpm\lucide@1.8.0\node_modules\lucide\dist\esm\icons\shield-cog.js,.js,887
node_modules\.pnpm\lucide@1.8.0\node_modules\lucide\dist\esm\icons\shield-ellipsis.js,.js,581
node_modules\.pnpm\lucide@1.8.0\node_modules\lucide\dist\esm\icons\shield-half.js,.js,502
node_modules\.pnpm\lucide@1.8.0\node_modules\lucide\dist\esm\icons\shield-minus.js,.js,504
node_modules\.pnpm\lucide@1.8.0\node_modules\lucide\dist\esm\icons\shield-off.js,.js,602
node_modules\.pnpm\lucide@1.8.0\node_modules\lucide\dist\esm\icons\shield-plus.js,.js,531
node_modules\.pnpm\lucide@1.8.0\node_modules\lucide\dist\esm\icons\shield-question-mark.js,.js,587
node_modules\.pnpm\lucide@1.8.0\node_modules\lucide\dist\esm\icons\shield-user.js,.js,573
node_modules\.pnpm\lucide@1.8.0\node_modules\lucide\dist\esm\icons\shield-x.js,.js,533
node_modules\.pnpm\lucide@1.8.0\node_modules\lucide\dist\esm\icons\shield.js,.js,458
node_modules\.pnpm\lucide@1.8.0\node_modules\lucide\dist\esm\icons\ship-wheel.js,.js,643
node_modules\.pnpm\lucide@1.8.0\node_modules\lucide\dist\esm\icons\ship.js,.js,659
node_modules\.pnpm\lucide@1.8.0\node_modules\lucide\dist\esm\icons\shirt.js,.js,470
node_modules\.pnpm\lucide@1.8.0\node_modules\lucide\dist\esm\icons\shopping-bag.js,.js,524
node_modules\.pnpm\lucide@1.8.0\node_modules\lucide\dist\esm\icons\shopping-basket.js,.js,554
node_modules\.pnpm\lucide@1.8.0\node_modules\lucide\dist\esm\icons\shopping-cart.js,.js,476
node_modules\.pnpm\lucide@1.8.0\node_modules\lucide\dist\esm\icons\shovel.js,.js,646
node_modules\.pnpm\lucide@1.8.0\node_modules\lucide\dist\esm\icons\shower-head.js,.js,615
node_modules\.pnpm\lucide@1.8.0\node_modules\lucide\dist\esm\icons\shredder.js,.js,576
node_modules\.pnpm\lucide@1.8.0\node_modules\lucide\dist\esm\icons\shrimp.js,.js,607
node_modules\.pnpm\lucide@1.8.0\node_modules\lucide\dist\esm\icons\shrink.js,.js,450
node_modules\.pnpm\lucide@1.8.0\node_modules\lucide\dist\esm\icons\shrub.js,.js,438
node_modules\.pnpm\lucide@1.8.0\node_modules\lucide\dist\esm\icons\shuffle.js,.js,525
node_modules\.pnpm\lucide@1.8.0\node_modules\lucide\dist\esm\icons\sigma.js,.js,399
node_modules\.pnpm\lucide@1.8.0\node_modules\lucide\dist\esm\icons\signal-high.js,.js,390
node_modules\.pnpm\lucide@1.8.0\node_modules\lucide\dist\esm\icons\signal-low.js,.js,324
node_modules\.pnpm\lucide@1.8.0\node_modules\lucide\dist\esm\icons\signal-medium.js,.js,365
node_modules\.pnpm\lucide@1.8.0\node_modules\lucide\dist\esm\icons\signal-zero.js,.js,292
node_modules\.pnpm\lucide@1.8.0\node_modules\lucide\dist\esm\icons\signal.js,.js,408
node_modules\.pnpm\lucide@1.8.0\node_modules\lucide\dist\esm\icons\signature.js,.js,503
node_modules\.pnpm\lucide@1.8.0\node_modules\lucide\dist\esm\icons\signpost-big.js,.js,426
node_modules\.pnpm\lucide@1.8.0\node_modules\lucide\dist\esm\icons\signpost.js,.js,552
node_modules\.pnpm\lucide@1.8.0\node_modules\lucide\dist\esm\icons\siren.js,.js,591
node_modules\.pnpm\lucide@1.8.0\node_modules\lucide\dist\esm\icons\skip-back.js,.js,421
node_modules\.pnpm\lucide@1.8.0\node_modules\lucide\dist\esm\icons\skip-forward.js,.js,418
node_modules\.pnpm\lucide@1.8.0\node_modules\lucide\dist\esm\icons\skull.js,.js,521
node_modules\.pnpm\lucide@1.8.0\node_modules\lucide\dist\esm\icons\slash.js,.js,277
node_modules\.pnpm\lucide@1.8.0\node_modules\lucide\dist\esm\icons\slice.js,.js,383
node_modules\.pnpm\lucide@1.8.0\node_modules\lucide\dist\esm\icons\sliders-horizontal.js,.js,562
node_modules\.pnpm\lucide@1.8.0\node_modules\lucide\dist\esm\icons\sliders-vertical.js,.js,556
node_modules\.pnpm\lucide@1.8.0\node_modules\lucide\dist\esm\icons\smartphone-charging.js,.js,414
node_modules\.pnpm\lucide@1.8.0\node_modules\lucide\dist\esm\icons\smartphone-nfc.js,.js,514
node_modules\.pnpm\lucide@1.8.0\node_modules\lucide\dist\esm\icons\smartphone.js,.js,373
node_modules\.pnpm\lucide@1.8.0\node_modules\lucide\dist\esm\icons\smile-plus.js,.js,527
node_modules\.pnpm\lucide@1.8.0\node_modules\lucide\dist\esm\icons\smile.js,.js,453
node_modules\.pnpm\lucide@1.8.0\node_modules\lucide\dist\esm\icons\snail.js,.js,504
node_modules\.pnpm\lucide@1.8.0\node_modules\lucide\dist\esm\icons\snowflake.js,.js,732
node_modules\.pnpm\lucide@1.8.0\node_modules\lucide\dist\esm\icons\soap-dispenser-droplet.js,.js,667
node_modules\.pnpm\lucide@1.8.0\node_modules\lucide\dist\esm\icons\sofa.js,.js,555
node_modules\.pnpm\lucide@1.8.0\node_modules\lucide\dist\esm\icons\solar-panel.js,.js,638
node_modules\.pnpm\lucide@1.8.0\node_modules\lucide\dist\esm\icons\soup.js,.js,658
node_modules\.pnpm\lucide@1.8.0\node_modules\lucide\dist\esm\icons\space.js,.js,309
node_modules\.pnpm\lucide@1.8.0\node_modules\lucide\dist\esm\icons\spade.js,.js,477
node_modules\.pnpm\lucide@1.8.0\node_modules\lucide\dist\esm\icons\sparkle.js,.js,561
node_modules\.pnpm\lucide@1.8.0\node_modules\lucide\dist\esm\icons\sparkles.js,.js,670
node_modules\.pnpm\lucide@1.8.0\node_modules\lucide\dist\esm\icons\speaker.js,.js,433
node_modules\.pnpm\lucide@1.8.0\node_modules\lucide\dist\esm\icons\speech.js,.js,533
node_modules\.pnpm\lucide@1.8.0\node_modules\lucide\dist\esm\icons\spell-check-2.js,.js,506
node_modules\.pnpm\lucide@1.8.0\node_modules\lucide\dist\esm\icons\spell-check.js,.js,369
node_modules\.pnpm\lucide@1.8.0\node_modules\lucide\dist\esm\icons\spline-pointer.js,.js,582
node_modules\.pnpm\lucide@1.8.0\node_modules\lucide\dist\esm\icons\spline.js,.js,386
node_modules\.pnpm\lucide@1.8.0\node_modules\lucide\dist\esm\icons\split.js,.js,403
node_modules\.pnpm\lucide@1.8.0\node_modules\lucide\dist\esm\icons\spool.js,.js,535
node_modules\.pnpm\lucide@1.8.0\node_modules\lucide\dist\esm\icons\sport-shoe.js,.js,535
node_modules\.pnpm\lucide@1.8.0\node_modules\lucide\dist\esm\icons\spotlight.js,.js,584
node_modules\.pnpm\lucide@1.8.0\node_modules\lucide\dist\esm\icons\spray-can.js,.js,644
node_modules\.pnpm\lucide@1.8.0\node_modules\lucide\dist\esm\icons\sprout.js,.js,483
node_modules\.pnpm\lucide@1.8.0\node_modules\lucide\dist\esm\icons\square-activity.js,.js,392
node_modules\.pnpm\lucide@1.8.0\node_modules\lucide\dist\esm\icons\square-arrow-down-left.js,.js,426
node_modules\.pnpm\lucide@1.8.0\node_modules\lucide\dist\esm\icons\square-arrow-down-right.js,.js,427
node_modules\.pnpm\lucide@1.8.0\node_modules\lucide\dist\esm\icons\square-arrow-down.js,.js,414
node_modules\.pnpm\lucide@1.8.0\node_modules\lucide\dist\esm\icons\square-arrow-left.js,.js,415
node_modules\.pnpm\lucide@1.8.0\node_modules\lucide\dist\esm\icons\square-arrow-out-down-left.js,.js,447
node_modules\.pnpm\lucide@1.8.0\node_modules\lucide\dist\esm\icons\square-arrow-out-down-right.js,.js,453
node_modules\.pnpm\lucide@1.8.0\node_modules\lucide\dist\esm\icons\square-arrow-out-up-left.js,.js,439
node_modules\.pnpm\lucide@1.8.0\node_modules\lucide\dist\esm\icons\square-arrow-out-up-right.js,.js,443
node_modules\.pnpm\lucide@1.8.0\node_modules\lucide\dist\esm\icons\square-arrow-right-enter.js,.js,463
node_modules\.pnpm\lucide@1.8.0\node_modules\lucide\dist\esm\icons\square-arrow-right-exit.js,.js,482
node_modules\.pnpm\lucide@1.8.0\node_modules\lucide\dist\esm\icons\square-arrow-right.js,.js,418
node_modules\.pnpm\lucide@1.8.0\node_modules\lucide\dist\esm\icons\square-arrow-up-left.js,.js,420
node_modules\.pnpm\lucide@1.8.0\node_modules\lucide\dist\esm\icons\square-arrow-up-right.js,.js,421
node_modules\.pnpm\lucide@1.8.0\node_modules\lucide\dist\esm\icons\square-arrow-up.js,.js,410
node_modules\.pnpm\lucide@1.8.0\node_modules\lucide\dist\esm\icons\square-asterisk.js,.js,442
node_modules\.pnpm\lucide@1.8.0\node_modules\lucide\dist\esm\icons\square-bottom-dashed-scissors.js,.js,1061
node_modules\.pnpm\lucide@1.8.0\node_modules\lucide\dist\esm\icons\square-centerline-dashed-horizontal.js,.js,580
node_modules\.pnpm\lucide@1.8.0\node_modules\lucide\dist\esm\icons\square-centerline-dashed-vertical.js,.js,577
node_modules\.pnpm\lucide@1.8.0\node_modules\lucide\dist\esm\icons\square-chart-gantt.js,.js,441
node_modules\.pnpm\lucide@1.8.0\node_modules\lucide\dist\esm\icons\square-check-big.js,.js,403
node_modules\.pnpm\lucide@1.8.0\node_modules\lucide\dist\esm\icons\square-check.js,.js,371
node_modules\.pnpm\lucide@1.8.0\node_modules\lucide\dist\esm\icons\square-chevron-down.js,.js,391
node_modules\.pnpm\lucide@1.8.0\node_modules\lucide\dist\esm\icons\square-chevron-left.js,.js,391
node_modules\.pnpm\lucide@1.8.0\node_modules\lucide\dist\esm\icons\square-chevron-right.js,.js,393
node_modules\.pnpm\lucide@1.8.0\node_modules\lucide\dist\esm\icons\square-chevron-up.js,.js,384
node_modules\.pnpm\lucide@1.8.0\node_modules\lucide\dist\esm\icons\square-code.js,.js,405
node_modules\.pnpm\lucide@1.8.0\node_modules\lucide\dist\esm\icons\square-dashed-bottom-code.js,.js,538
node_modules\.pnpm\lucide@1.8.0\node_modules\lucide\dist\esm\icons\square-dashed-bottom.js,.js,442
node_modules\.pnpm\lucide@1.8.0\node_modules\lucide\dist\esm\icons\square-dashed-kanban.js,.js,786
node_modules\.pnpm\lucide@1.8.0\node_modules\lucide\dist\esm\icons\square-dashed-mouse-pointer.js,.js,785
node_modules\.pnpm\lucide@1.8.0\node_modules\lucide\dist\esm\icons\square-dashed-text.js,.js,781
node_modules\.pnpm\lucide@1.8.0\node_modules\lucide\dist\esm\icons\square-dashed-top-solid.js,.js,620
node_modules\.pnpm\lucide@1.8.0\node_modules\lucide\dist\esm\icons\square-dashed.js,.js,678
node_modules\.pnpm\lucide@1.8.0\node_modules\lucide\dist\esm\icons\square-divide.js,.js,512
node_modules\.pnpm\lucide@1.8.0\node_modules\lucide\dist\esm\icons\square-dot.js,.js,375
node_modules\.pnpm\lucide@1.8.0\node_modules\lucide\dist\esm\icons\square-equal.js,.js,397
node_modules\.pnpm\lucide@1.8.0\node_modules\lucide\dist\esm\icons\square-function.js,.js,452
node_modules\.pnpm\lucide@1.8.0\node_modules\lucide\dist\esm\icons\square-kanban.js,.js,427
node_modules\.pnpm\lucide@1.8.0\node_modules\lucide\dist\esm\icons\square-library.js,.js,435
node_modules\.pnpm\lucide@1.8.0\node_modules\lucide\dist\esm\icons\square-m.js,.js,437
node_modules\.pnpm\lucide@1.8.0\node_modules\lucide\dist\esm\icons\square-menu.js,.js,424
node_modules\.pnpm\lucide@1.8.0\node_modules\lucide\dist\esm\icons\square-minus.js,.js,365
node_modules\.pnpm\lucide@1.8.0\node_modules\lucide\dist\esm\icons\square-mouse-pointer.js,.js,543
node_modules\.pnpm\lucide@1.8.0\node_modules\lucide\dist\esm\icons\square-parking-off.js,.js,531
node_modules\.pnpm\lucide@1.8.0\node_modules\lucide\dist\esm\icons\square-parking.js,.js,389
node_modules\.pnpm\lucide@1.8.0\node_modules\lucide\dist\esm\icons\square-pause.js,.js,445
node_modules\.pnpm\lucide@1.8.0\node_modules\lucide\dist\esm\icons\square-pen.js,.js,506
node_modules\.pnpm\lucide@1.8.0\node_modules\lucide\dist\esm\icons\square-percent.js,.js,437
node_modules\.pnpm\lucide@1.8.0\node_modules\lucide\dist\esm\icons\square-pi.js,.js,432
node_modules\.pnpm\lucide@1.8.0\node_modules\lucide\dist\esm\icons\square-pilcrow.js,.js,457
node_modules\.pnpm\lucide@1.8.0\node_modules\lucide\dist\esm\icons\square-play.js,.js,469
node_modules\.pnpm\lucide@1.8.0\node_modules\lucide\dist\esm\icons\square-plus.js,.js,392
node_modules\.pnpm\lucide@1.8.0\node_modules\lucide\dist\esm\icons\square-power.js,.js,417
node_modules\.pnpm\lucide@1.8.0\node_modules\lucide\dist\esm\icons\square-radical.js,.js,382
node_modules\.pnpm\lucide@1.8.0\node_modules\lucide\dist\esm\icons\square-round-corner.js,.js,408
node_modules\.pnpm\lucide@1.8.0\node_modules\lucide\dist\esm\icons\square-scissors.js,.js,639
node_modules\.pnpm\lucide@1.8.0\node_modules\lucide\dist\esm\icons\square-sigma.js,.js,384
node_modules\.pnpm\lucide@1.8.0\node_modules\lucide\dist\esm\icons\square-slash.js,.js,389
node_modules\.pnpm\lucide@1.8.0\node_modules\lucide\dist\esm\icons\square-split-horizontal.js,.js,472
node_modules\.pnpm\lucide@1.8.0\node_modules\lucide\dist\esm\icons\square-split-vertical.js,.js,466
node_modules\.pnpm\lucide@1.8.0\node_modules\lucide\dist\esm\icons\square-square.js,.js,404
node_modules\.pnpm\lucide@1.8.0\node_modules\lucide\dist\esm\icons\square-stack.js,.js,491
node_modules\.pnpm\lucide@1.8.0\node_modules\lucide\dist\esm\icons\square-star.js,.js,692
node_modules\.pnpm\lucide@1.8.0\node_modules\lucide\dist\esm\icons\square-stop.js,.js,398
node_modules\.pnpm\lucide@1.8.0\node_modules\lucide\dist\esm\icons\square-terminal.js,.js,420
node_modules\.pnpm\lucide@1.8.0\node_modules\lucide\dist\esm\icons\square-user-round.js,.js,438
node_modules\.pnpm\lucide@1.8.0\node_modules\lucide\dist\esm\icons\square-user.js,.js,441
node_modules\.pnpm\lucide@1.8.0\node_modules\lucide\dist\esm\icons\square-x.js,.js,395
node_modules\.pnpm\lucide@1.8.0\node_modules\lucide\dist\esm\icons\square.js,.js,315
node_modules\.pnpm\lucide@1.8.0\node_modules\lucide\dist\esm\icons\squares-exclude.js,.js,543
node_modules\.pnpm\lucide@1.8.0\node_modules\lucide\dist\esm\icons\squares-intersect.js,.js,748
node_modules\.pnpm\lucide@1.8.0\node_modules\lucide\dist\esm\icons\squares-subtract.js,.js,617
node_modules\.pnpm\lucide@1.8.0\node_modules\lucide\dist\esm\icons\squares-unite.js,.js,451
node_modules\.pnpm\lucide@1.8.0\node_modules\lucide\dist\esm\icons\squircle-dashed.js,.js,768
node_modules\.pnpm\lucide@1.8.0\node_modules\lucide\dist\esm\icons\squircle.js,.js,332
node_modules\.pnpm\lucide@1.8.0\node_modules\lucide\dist\esm\icons\squirrel.js,.js,580
node_modules\.pnpm\lucide@1.8.0\node_modules\lucide\dist\esm\icons\stamp.js,.js,493
node_modules\.pnpm\lucide@1.8.0\node_modules\lucide\dist\esm\icons\star-half.js,.js,509
node_modules\.pnpm\lucide@1.8.0\node_modules\lucide\dist\esm\icons\star-off.js,.js,720
node_modules\.pnpm\lucide@1.8.0\node_modules\lucide\dist\esm\icons\star.js,.js,654
node_modules\.pnpm\lucide@1.8.0\node_modules\lucide\dist\esm\icons\step-back.js,.js,422
node_modules\.pnpm\lucide@1.8.0\node_modules\lucide\dist\esm\icons\step-forward.js,.js,418
node_modules\.pnpm\lucide@1.8.0\node_modules\lucide\dist\esm\icons\stethoscope.js,.js,496
node_modules\.pnpm\lucide@1.8.0\node_modules\lucide\dist\esm\icons\sticker.js,.js,575
node_modules\.pnpm\lucide@1.8.0\node_modules\lucide\dist\esm\icons\sticky-note.js,.js,468
node_modules\.pnpm\lucide@1.8.0\node_modules\lucide\dist\esm\icons\stone.js,.js,518
node_modules\.pnpm\lucide@1.8.0\node_modules\lucide\dist\esm\icons\store.js,.js,670
node_modules\.pnpm\lucide@1.8.0\node_modules\lucide\dist\esm\icons\stretch-horizontal.js,.js,420
node_modules\.pnpm\lucide@1.8.0\node_modules\lucide\dist\esm\icons\stretch-vertical.js,.js,414
node_modules\.pnpm\lucide@1.8.0\node_modules\lucide\dist\esm\icons\strikethrough.js,.js,419
node_modules\.pnpm\lucide@1.8.0\node_modules\lucide\dist\esm\icons\subscript.js,.js,482
node_modules\.pnpm\lucide@1.8.0\node_modules\lucide\dist\esm\icons\sun-dim.js,.js,588
node_modules\.pnpm\lucide@1.8.0\node_modules\lucide\dist\esm\icons\sun-medium.js,.js,607
node_modules\.pnpm\lucide@1.8.0\node_modules\lucide\dist\esm\icons\sun-moon.js,.js,556
node_modules\.pnpm\lucide@1.8.0\node_modules\lucide\dist\esm\icons\sun-snow.js,.js,674
node_modules\.pnpm\lucide@1.8.0\node_modules\lucide\dist\esm\icons\sun.js,.js,586
node_modules\.pnpm\lucide@1.8.0\node_modules\lucide\dist\esm\icons\sunrise.js,.js,543
node_modules\.pnpm\lucide@1.8.0\node_modules\lucide\dist\esm\icons\sunset.js,.js,542
node_modules\.pnpm\lucide@1.8.0\node_modules\lucide\dist\esm\icons\superscript.js,.js,505
node_modules\.pnpm\lucide@1.8.0\node_modules\lucide\dist\esm\icons\swatch-book.js,.js,554
node_modules\.pnpm\lucide@1.8.0\node_modules\lucide\dist\esm\icons\swiss-franc.js,.js,359
node_modules\.pnpm\lucide@1.8.0\node_modules\lucide\dist\esm\icons\switch-camera.js,.js,515
node_modules\.pnpm\lucide@1.8.0\node_modules\lucide\dist\esm\icons\sword.js,.js,396
node_modules\.pnpm\lucide@1.8.0\node_modules\lucide\dist\esm\icons\swords.js,.js,708
node_modules\.pnpm\lucide@1.8.0\node_modules\lucide\dist\esm\icons\syringe.js,.js,497
node_modules\.pnpm\lucide@1.8.0\node_modules\lucide\dist\esm\icons\table-2.js,.js,402
node_modules\.pnpm\lucide@1.8.0\node_modules\lucide\dist\esm\icons\table-cells-merge.js,.js,471
node_modules\.pnpm\lucide@1.8.0\node_modules\lucide\dist\esm\icons\table-cells-split.js,.js,440
node_modules\.pnpm\lucide@1.8.0\node_modules\lucide\dist\esm\icons\table-columns-split.js,.js,686
node_modules\.pnpm\lucide@1.8.0\node_modules\lucide\dist\esm\icons\table-of-contents.js,.js,470
node_modules\.pnpm\lucide@1.8.0\node_modules\lucide\dist\esm\icons\table-properties.js,.js,439
node_modules\.pnpm\lucide@1.8.0\node_modules\lucide\dist\esm\icons\table-rows-split.js,.js,684
node_modules\.pnpm\lucide@1.8.0\node_modules\lucide\dist\esm\icons\table.js,.js,408
node_modules\.pnpm\lucide@1.8.0\node_modules\lucide\dist\esm\icons\tablet-smartphone.js,.js,462
node_modules\.pnpm\lucide@1.8.0\node_modules\lucide\dist\esm\icons\tablet.js,.js,387
node_modules\.pnpm\lucide@1.8.0\node_modules\lucide\dist\esm\icons\tablets.js,.js,420
node_modules\.pnpm\lucide@1.8.0\node_modules\lucide\dist\esm\icons\tag.js,.js,506
node_modules\.pnpm\lucide@1.8.0\node_modules\lucide\dist\esm\icons\tags.js,.js,592
node_modules\.pnpm\lucide@1.8.0\node_modules\lucide\dist\esm\icons\tally-1.js,.js,278
node_modules\.pnpm\lucide@1.8.0\node_modules\lucide\dist\esm\icons\tally-2.js,.js,312
node_modules\.pnpm\lucide@1.8.0\node_modules\lucide\dist\esm\icons\tally-3.js,.js,343
node_modules\.pnpm\lucide@1.8.0\node_modules\lucide\dist\esm\icons\tally-4.js,.js,374
node_modules\.pnpm\lucide@1.8.0\node_modules\lucide\dist\esm\icons\tally-5.js,.js,407
node_modules\.pnpm\lucide@1.8.0\node_modules\lucide\dist\esm\icons\tangent.js,.js,444
node_modules\.pnpm\lucide@1.8.0\node_modules\lucide\dist\esm\icons\target.js,.js,390
node_modules\.pnpm\lucide@1.8.0\node_modules\lucide\dist\esm\icons\telescope.js,.js,799
node_modules\.pnpm\lucide@1.8.0\node_modules\lucide\dist\esm\icons\tent-tree.js,.js,508
node_modules\.pnpm\lucide@1.8.0\node_modules\lucide\dist\esm\icons\tent.js,.js,391
node_modules\.pnpm\lucide@1.8.0\node_modules\lucide\dist\esm\icons\terminal.js,.js,324
node_modules\.pnpm\lucide@1.8.0\node_modules\lucide\dist\esm\icons\test-tube-diagonal.js,.js,435
node_modules\.pnpm\lucide@1.8.0\node_modules\lucide\dist\esm\icons\test-tube.js,.js,405
node_modules\.pnpm\lucide@1.8.0\node_modules\lucide\dist\esm\icons\test-tubes.js,.js,537
node_modules\.pnpm\lucide@1.8.0\node_modules\lucide\dist\esm\icons\text-align-center.js,.js,372
node_modules\.pnpm\lucide@1.8.0\node_modules\lucide\dist\esm\icons\text-align-end.js,.js,363
node_modules\.pnpm\lucide@1.8.0\node_modules\lucide\dist\esm\icons\text-align-justify.js,.js,375
node_modules\.pnpm\lucide@1.8.0\node_modules\lucide\dist\esm\icons\text-align-start.js,.js,369
node_modules\.pnpm\lucide@1.8.0\node_modules\lucide\dist\esm\icons\text-cursor-input.js,.js,557
node_modules\.pnpm\lucide@1.8.0\node_modules\lucide\dist\esm\icons\text-cursor.js,.js,420
node_modules\.pnpm\lucide@1.8.0\node_modules\lucide\dist\esm\icons\text-initial.js,.js,459
node_modules\.pnpm\lucide@1.8.0\node_modules\lucide\dist\esm\icons\text-quote.js,.js,383
node_modules\.pnpm\lucide@1.8.0\node_modules\lucide\dist\esm\icons\text-search.js,.js,439
node_modules\.pnpm\lucide@1.8.0\node_modules\lucide\dist\esm\icons\text-wrap.js,.js,405
node_modules\.pnpm\lucide@1.8.0\node_modules\lucide\dist\esm\icons\theater.js,.js,647
node_modules\.pnpm\lucide@1.8.0\node_modules\lucide\dist\esm\icons\thermometer-snowflake.js,.js,624
node_modules\.pnpm\lucide@1.8.0\node_modules\lucide\dist\esm\icons\thermometer-sun.js,.js,536
node_modules\.pnpm\lucide@1.8.0\node_modules\lucide\dist\esm\icons\thermometer.js,.js,327
node_modules\.pnpm\lucide@1.8.0\node_modules\lucide\dist\esm\icons\thumbs-down.js,.js,491
node_modules\.pnpm\lucide@1.8.0\node_modules\lucide\dist\esm\icons\thumbs-up.js,.js,486
node_modules\.pnpm\lucide@1.8.0\node_modules\lucide\dist\esm\icons\ticket-check.js,.js,449
node_modules\.pnpm\lucide@1.8.0\node_modules\lucide\dist\esm\icons\ticket-minus.js,.js,443
node_modules\.pnpm\lucide@1.8.0\node_modules\lucide\dist\esm\icons\ticket-percent.js,.js,515
node_modules\.pnpm\lucide@1.8.0\node_modules\lucide\dist\esm\icons\ticket-plus.js,.js,470
node_modules\.pnpm\lucide@1.8.0\node_modules\lucide\dist\esm\icons\ticket-slash.js,.js,449
node_modules\.pnpm\lucide@1.8.0\node_modules\lucide\dist\esm\icons\ticket-x.js,.js,472
node_modules\.pnpm\lucide@1.8.0\node_modules\lucide\dist\esm\icons\ticket.js,.js,489
node_modules\.pnpm\lucide@1.8.0\node_modules\lucide\dist\esm\icons\tickets-plane.js,.js,599
node_modules\.pnpm\lucide@1.8.0\node_modules\lucide\dist\esm\icons\tickets.js,.js,479
node_modules\.pnpm\lucide@1.8.0\node_modules\lucide\dist\esm\icons\timer-off.js,.js,485
node_modules\.pnpm\lucide@1.8.0\node_modules\lucide\dist\esm\icons\timer-reset.js,.js,424
node_modules\.pnpm\lucide@1.8.0\node_modules\lucide\dist\esm\icons\timer.js,.js,404
node_modules\.pnpm\lucide@1.8.0\node_modules\lucide\dist\esm\icons\toggle-left.js,.js,377
node_modules\.pnpm\lucide@1.8.0\node_modules\lucide\dist\esm\icons\toggle-right.js,.js,381
node_modules\.pnpm\lucide@1.8.0\node_modules\lucide\dist\esm\icons\toilet.js,.js,497
node_modules\.pnpm\lucide@1.8.0\node_modules\lucide\dist\esm\icons\tool-case.js,.js,717
node_modules\.pnpm\lucide@1.8.0\node_modules\lucide\dist\esm\icons\toolbox.js,.js,574
node_modules\.pnpm\lucide@1.8.0\node_modules\lucide\dist\esm\icons\tornado.js,.js,408
node_modules\.pnpm\lucide@1.8.0\node_modules\lucide\dist\esm\icons\torus.js,.js,367
node_modules\.pnpm\lucide@1.8.0\node_modules\lucide\dist\esm\icons\touchpad-off.js,.js,515
node_modules\.pnpm\lucide@1.8.0\node_modules\lucide\dist\esm\icons\touchpad.js,.js,388
node_modules\.pnpm\lucide@1.8.0\node_modules\lucide\dist\esm\icons\towel-rack.js,.js,467
node_modules\.pnpm\lucide@1.8.0\node_modules\lucide\dist\esm\icons\tower-control.js,.js,547
node_modules\.pnpm\lucide@1.8.0\node_modules\lucide\dist\esm\icons\toy-brick.js,.js,451
node_modules\.pnpm\lucide@1.8.0\node_modules\lucide\dist\esm\icons\tractor.js,.js,666
node_modules\.pnpm\lucide@1.8.0\node_modules\lucide\dist\esm\icons\traffic-cone.js,.js,616
node_modules\.pnpm\lucide@1.8.0\node_modules\lucide\dist\esm\icons\train-front-tunnel.js,.js,597
node_modules\.pnpm\lucide@1.8.0\node_modules\lucide\dist\esm\icons\train-front.js,.js,525
node_modules\.pnpm\lucide@1.8.0\node_modules\lucide\dist\esm\icons\train-track.js,.js,489
node_modules\.pnpm\lucide@1.8.0\node_modules\lucide\dist\esm\icons\tram-front.js,.js,520
node_modules\.pnpm\lucide@1.8.0\node_modules\lucide\dist\esm\icons\transgender.js,.js,552
node_modules\.pnpm\lucide@1.8.0\node_modules\lucide\dist\esm\icons\trash-2.js,.js,468
node_modules\.pnpm\lucide@1.8.0\node_modules\lucide\dist\esm\icons\trash.js,.js,402
node_modules\.pnpm\lucide@1.8.0\node_modules\lucide\dist\esm\icons\tree-deciduous.js,.js,456
node_modules\.pnpm\lucide@1.8.0\node_modules\lucide\dist\esm\icons\tree-palm.js,.js,635
node_modules\.pnpm\lucide@1.8.0\node_modules\lucide\dist\esm\icons\tree-pine.js,.js,493
node_modules\.pnpm\lucide@1.8.0\node_modules\lucide\dist\esm\icons\trees.js,.js,531
node_modules\.pnpm\lucide@1.8.0\node_modules\lucide\dist\esm\icons\trending-down.js,.js,349
node_modules\.pnpm\lucide@1.8.0\node_modules\lucide\dist\esm\icons\trending-up-down.js,.js,427
node_modules\.pnpm\lucide@1.8.0\node_modules\lucide\dist\esm\icons\trending-up.js,.js,341
node_modules\.pnpm\lucide@1.8.0\node_modules\lucide\dist\esm\icons\triangle-alert.js,.js,431
node_modules\.pnpm\lucide@1.8.0\node_modules\lucide\dist\esm\icons\triangle-dashed.js,.js,680
node_modules\.pnpm\lucide@1.8.0\node_modules\lucide\dist\esm\icons\triangle-right.js,.js,368
node_modules\.pnpm\lucide@1.8.0\node_modules\lucide\dist\esm\icons\triangle.js,.js,347
node_modules\.pnpm\lucide@1.8.0\node_modules\lucide\dist\esm\icons\trophy.js,.js,610
node_modules\.pnpm\lucide@1.8.0\node_modules\lucide\dist\esm\icons\truck-electric.js,.js,679
node_modules\.pnpm\lucide@1.8.0\node_modules\lucide\dist\esm\icons\truck.js,.js,564
node_modules\.pnpm\lucide@1.8.0\node_modules\lucide\dist\esm\icons\turkish-lira.js,.js,379
node_modules\.pnpm\lucide@1.8.0\node_modules\lucide\dist\esm\icons\turntable.js,.js,457
node_modules\.pnpm\lucide@1.8.0\node_modules\lucide\dist\esm\icons\turtle.js,.js,525
node_modules\.pnpm\lucide@1.8.0\node_modules\lucide\dist\esm\icons\tv-minimal-play.js,.js,520
node_modules\.pnpm\lucide@1.8.0\node_modules\lucide\dist\esm\icons\tv-minimal.js,.js,360
node_modules\.pnpm\lucide@1.8.0\node_modules\lucide\dist\esm\icons\tv.js,.js,343
node_modules\.pnpm\lucide@1.8.0\node_modules\lucide\dist\esm\icons\type-outline.js,.js,534
node_modules\.pnpm\lucide@1.8.0\node_modules\lucide\dist\esm\icons\type.js,.js,368
node_modules\.pnpm\lucide@1.8.0\node_modules\lucide\dist\esm\icons\umbrella-off.js,.js,548
node_modules\.pnpm\lucide@1.8.0\node_modules\lucide\dist\esm\icons\umbrella.js,.js,430
node_modules\.pnpm\lucide@1.8.0\node_modules\lucide\dist\esm\icons\underline.js,.js,361
node_modules\.pnpm\lucide@1.8.0\node_modules\lucide\dist\esm\icons\undo-2.js,.js,364
node_modules\.pnpm\lucide@1.8.0\node_modules\lucide\dist\esm\icons\undo-dot.js,.js,383
node_modules\.pnpm\lucide@1.8.0\node_modules\lucide\dist\esm\icons\undo.js,.js,340
node_modules\.pnpm\lucide@1.8.0\node_modules\lucide\dist\esm\icons\unfold-horizontal.js,.js,537
node_modules\.pnpm\lucide@1.8.0\node_modules\lucide\dist\esm\icons\unfold-vertical.js,.js,536
node_modules\.pnpm\lucide@1.8.0\node_modules\lucide\dist\esm\icons\ungroup.js,.js,388
node_modules\.pnpm\lucide@1.8.0\node_modules\lucide\dist\esm\icons\university.js,.js,684
node_modules\.pnpm\lucide@1.8.0\node_modules\lucide\dist\esm\icons\unlink-2.js,.js,322
node_modules\.pnpm\lucide@1.8.0\node_modules\lucide\dist\esm\icons\unlink.js,.js,720
node_modules\.pnpm\lucide@1.8.0\node_modules\lucide\dist\esm\icons\unplug.js,.js,574
node_modules\.pnpm\lucide@1.8.0\node_modules\lucide\dist\esm\icons\upload.js,.js,382
node_modules\.pnpm\lucide@1.8.0\node_modules\lucide\dist\esm\icons\usb.js,.js,531
node_modules\.pnpm\lucide@1.8.0\node_modules\lucide\dist\esm\icons\user-check.js,.js,406
node_modules\.pnpm\lucide@1.8.0\node_modules\lucide\dist\esm\icons\user-cog.js,.js,760
node_modules\.pnpm\lucide@1.8.0\node_modules\lucide\dist\esm\icons\user-key.js,.js,475
node_modules\.pnpm\lucide@1.8.0\node_modules\lucide\dist\esm\icons\user-lock.js,.js,470
node_modules\.pnpm\lucide@1.8.0\node_modules\lucide\dist\esm\icons\user-minus.js,.js,425
node_modules\.pnpm\lucide@1.8.0\node_modules\lucide\dist\esm\icons\user-pen.js,.js,521
node_modules\.pnpm\lucide@1.8.0\node_modules\lucide\dist\esm\icons\user-plus.js,.js,477
node_modules\.pnpm\lucide@1.8.0\node_modules\lucide\dist\esm\icons\user-round-check.js,.js,406
node_modules\.pnpm\lucide@1.8.0\node_modules\lucide\dist\esm\icons\user-round-cog.js,.js,780
node_modules\.pnpm\lucide@1.8.0\node_modules\lucide\dist\esm\icons\user-round-key.js,.js,475
node_modules\.pnpm\lucide@1.8.0\node_modules\lucide\dist\esm\icons\user-round-minus.js,.js,401
node_modules\.pnpm\lucide@1.8.0\node_modules\lucide\dist\esm\icons\user-round-pen.js,.js,539
node_modules\.pnpm\lucide@1.8.0\node_modules\lucide\dist\esm\icons\user-round-plus.js,.js,429
node_modules\.pnpm\lucide@1.8.0\node_modules\lucide\dist\esm\icons\user-round-search.js,.js,458
node_modules\.pnpm\lucide@1.8.0\node_modules\lucide\dist\esm\icons\user-round-x.js,.js,423
node_modules\.pnpm\lucide@1.8.0\node_modules\lucide\dist\esm\icons\user-round.js,.js,350
node_modules\.pnpm\lucide@1.8.0\node_modules\lucide\dist\esm\icons\user-search.js,.js,441
node_modules\.pnpm\lucide@1.8.0\node_modules\lucide\dist\esm\icons\user-star.js,.js,711
node_modules\.pnpm\lucide@1.8.0\node_modules\lucide\dist\esm\icons\user-x.js,.js,467
node_modules\.pnpm\lucide@1.8.0\node_modules\lucide\dist\esm\icons\user.js,.js,354
node_modules\.pnpm\lucide@1.8.0\node_modules\lucide\dist\esm\icons\users-round.js,.js,417
node_modules\.pnpm\lucide@1.8.0\node_modules\lucide\dist\esm\icons\users.js,.js,455
node_modules\.pnpm\lucide@1.8.0\node_modules\lucide\dist\esm\icons\utensils-crossed.js,.js,526
node_modules\.pnpm\lucide@1.8.0\node_modules\lucide\dist\esm\icons\utensils.js,.js,418
node_modules\.pnpm\lucide@1.8.0\node_modules\lucide\dist\esm\icons\utility-pole.js,.js,482
node_modules\.pnpm\lucide@1.8.0\node_modules\lucide\dist\esm\icons\van.js,.js,594
node_modules\.pnpm\lucide@1.8.0\node_modules\lucide\dist\esm\icons\variable.js,.js,454
node_modules\.pnpm\lucide@1.8.0\node_modules\lucide\dist\esm\icons\vault.js,.js,811
node_modules\.pnpm\lucide@1.8.0\node_modules\lucide\dist\esm\icons\vector-square.js,.js,724
node_modules\.pnpm\lucide@1.8.0\node_modules\lucide\dist\esm\icons\vegan.js,.js,412
node_modules\.pnpm\lucide@1.8.0\node_modules\lucide\dist\esm\icons\venetian-mask.js,.js,529
node_modules\.pnpm\lucide@1.8.0\node_modules\lucide\dist\esm\icons\venus-and-mars.js,.js,449
node_modules\.pnpm\lucide@1.8.0\node_modules\lucide\dist\esm\icons\venus.js,.js,354
node_modules\.pnpm\lucide@1.8.0\node_modules\lucide\dist\esm\icons\vibrate-off.js,.js,527
node_modules\.pnpm\lucide@1.8.0\node_modules\lucide\dist\esm\icons\vibrate.js,.js,408
node_modules\.pnpm\lucide@1.8.0\node_modules\lucide\dist\esm\icons\video-off.js,.js,457
node_modules\.pnpm\lucide@1.8.0\node_modules\lucide\dist\esm\icons\video.js,.js,412
node_modules\.pnpm\lucide@1.8.0\node_modules\lucide\dist\esm\icons\videotape.js,.js,479
node_modules\.pnpm\lucide@1.8.0\node_modules\lucide\dist\esm\icons\view.js,.js,553
node_modules\.pnpm\lucide@1.8.0\node_modules\lucide\dist\esm\icons\voicemail.js,.js,406
node_modules\.pnpm\lucide@1.8.0\node_modules\lucide\dist\esm\icons\volleyball.js,.js,607
node_modules\.pnpm\lucide@1.8.0\node_modules\lucide\dist\esm\icons\volume-1.js,.js,510
node_modules\.pnpm\lucide@1.8.0\node_modules\lucide\dist\esm\icons\volume-2.js,.js,566
node_modules\.pnpm\lucide@1.8.0\node_modules\lucide\dist\esm\icons\volume-off.js,.js,644
node_modules\.pnpm\lucide@1.8.0\node_modules\lucide\dist\esm\icons\volume-x.js,.js,578
node_modules\.pnpm\lucide@1.8.0\node_modules\lucide\dist\esm\icons\volume.js,.js,464
node_modules\.pnpm\lucide@1.8.0\node_modules\lucide\dist\esm\icons\vote.js,.js,378
node_modules\.pnpm\lucide@1.8.0\node_modules\lucide\dist\esm\icons\wallet-cards.js,.js,510
node_modules\.pnpm\lucide@1.8.0\node_modules\lucide\dist\esm\icons\wallet-minimal.js,.js,402
node_modules\.pnpm\lucide@1.8.0\node_modules\lucide\dist\esm\icons\wallet.js,.js,466
node_modules\.pnpm\lucide@1.8.0\node_modules\lucide\dist\esm\icons\wallpaper.js,.js,493
node_modules\.pnpm\lucide@1.8.0\node_modules\lucide\dist\esm\icons\wand-sparkles.js,.js,669
node_modules\.pnpm\lucide@1.8.0\node_modules\lucide\dist\esm\icons\wand.js,.js,543
node_modules\.pnpm\lucide@1.8.0\node_modules\lucide\dist\esm\icons\warehouse.js,.js,549
node_modules\.pnpm\lucide@1.8.0\node_modules\lucide\dist\esm\icons\washing-machine.js,.js,516
node_modules\.pnpm\lucide@1.8.0\node_modules\lucide\dist\esm\icons\watch.js,.js,512
node_modules\.pnpm\lucide@1.8.0\node_modules\lucide\dist\esm\icons\waves-arrow-down.js,.js,665
node_modules\.pnpm\lucide@1.8.0\node_modules\lucide\dist\esm\icons\waves-arrow-up.js,.js,602
node_modules\.pnpm\lucide@1.8.0\node_modules\lucide\dist\esm\icons\waves-ladder.js,.js,550
node_modules\.pnpm\lucide@1.8.0\node_modules\lucide\dist\esm\icons\waves.js,.js,634
node_modules\.pnpm\lucide@1.8.0\node_modules\lucide\dist\esm\icons\waypoints.js,.js,570
node_modules\.pnpm\lucide@1.8.0\node_modules\lucide\dist\esm\icons\webcam.js,.js,406
node_modules\.pnpm\lucide@1.8.0\node_modules\lucide\dist\esm\icons\webhook-off.js,.js,615
node_modules\.pnpm\lucide@1.8.0\node_modules\lucide\dist\esm\icons\webhook.js,.js,506
node_modules\.pnpm\lucide@1.8.0\node_modules\lucide\dist\esm\icons\weight-tilde.js,.js,528
node_modules\.pnpm\lucide@1.8.0\node_modules\lucide\dist\esm\icons\weight.js,.js,444
node_modules\.pnpm\lucide@1.8.0\node_modules\lucide\dist\esm\icons\wheat-off.js,.js,1084
node_modules\.pnpm\lucide@1.8.0\node_modules\lucide\dist\esm\icons\wheat.js,.js,1102
node_modules\.pnpm\lucide@1.8.0\node_modules\lucide\dist\esm\icons\whole-word.js,.js,477
node_modules\.pnpm\lucide@1.8.0\node_modules\lucide\dist\esm\icons\wifi-cog.js,.js,826
node_modules\.pnpm\lucide@1.8.0\node_modules\lucide\dist\esm\icons\wifi-high.js,.js,388
node_modules\.pnpm\lucide@1.8.0\node_modules\lucide\dist\esm\icons\wifi-low.js,.js,336
node_modules\.pnpm\lucide@1.8.0\node_modules\lucide\dist\esm\icons\wifi-off.js,.js,590
node_modules\.pnpm\lucide@1.8.0\node_modules\lucide\dist\esm\icons\wifi-pen.js,.js,581
node_modules\.pnpm\lucide@1.8.0\node_modules\lucide\dist\esm\icons\wifi-sync.js,.js,605
node_modules\.pnpm\lucide@1.8.0\node_modules\lucide\dist\esm\icons\wifi-zero.js,.js,287
node_modules\.pnpm\lucide@1.8.0\node_modules\lucide\dist\esm\icons\wifi.js,.js,422
node_modules\.pnpm\lucide@1.8.0\node_modules\lucide\dist\esm\icons\wind-arrow-down.js,.js,441
node_modules\.pnpm\lucide@1.8.0\node_modules\lucide\dist\esm\icons\wind.js,.js,394
node_modules\.pnpm\lucide@1.8.0\node_modules\lucide\dist\esm\icons\wine-off.js,.js,593
node_modules\.pnpm\lucide@1.8.0\node_modules\lucide\dist\esm\icons\wine.js,.js,425
node_modules\.pnpm\lucide@1.8.0\node_modules\lucide\dist\esm\icons\workflow.js,.js,437
node_modules\.pnpm\lucide@1.8.0\node_modules\lucide\dist\esm\icons\worm.js,.js,562
node_modules\.pnpm\lucide@1.8.0\node_modules\lucide\dist\esm\icons\wrench.js,.js,489
node_modules\.pnpm\lucide@1.8.0\node_modules\lucide\dist\esm\icons\x-line-top.js,.js,355
node_modules\.pnpm\lucide@1.8.0\node_modules\lucide\dist\esm\icons\x.js,.js,302
node_modules\.pnpm\lucide@1.8.0\node_modules\lucide\dist\esm\icons\zap-off.js,.js,579
node_modules\.pnpm\lucide@1.8.0\node_modules\lucide\dist\esm\icons\zap.js,.js,442
node_modules\.pnpm\lucide@1.8.0\node_modules\lucide\dist\esm\icons\zodiac-aquarius.js,.js,717
node_modules\.pnpm\lucide@1.8.0\node_modules\lucide\dist\esm\icons\zodiac-aries.js,.js,368
node_modules\.pnpm\lucide@1.8.0\node_modules\lucide\dist\esm\icons\zodiac-cancer.js,.js,470
node_modules\.pnpm\lucide@1.8.0\node_modules\lucide\dist\esm\icons\zodiac-capricorn.js,.js,432
node_modules\.pnpm\lucide@1.8.0\node_modules\lucide\dist\esm\icons\zodiac-gemini.js,.js,436
node_modules\.pnpm\lucide@1.8.0\node_modules\lucide\dist\esm\icons\zodiac-leo.js,.js,399
node_modules\.pnpm\lucide@1.8.0\node_modules\lucide\dist\esm\icons\zodiac-libra.js,.js,417
node_modules\.pnpm\lucide@1.8.0\node_modules\lucide\dist\esm\icons\zodiac-ophiuchus.js,.js,399
node_modules\.pnpm\lucide@1.8.0\node_modules\lucide\dist\esm\icons\zodiac-pisces.js,.js,391
node_modules\.pnpm\lucide@1.8.0\node_modules\lucide\dist\esm\icons\zodiac-sagittarius.js,.js,381
node_modules\.pnpm\lucide@1.8.0\node_modules\lucide\dist\esm\icons\zodiac-scorpio.js,.js,472
node_modules\.pnpm\lucide@1.8.0\node_modules\lucide\dist\esm\icons\zodiac-taurus.js,.js,358
node_modules\.pnpm\lucide@1.8.0\node_modules\lucide\dist\esm\icons\zodiac-virgo.js,.js,482
node_modules\.pnpm\lucide@1.8.0\node_modules\lucide\dist\esm\icons\zoom-in.js,.js,470
node_modules\.pnpm\lucide@1.8.0\node_modules\lucide\dist\esm\icons\zoom-out.js,.js,418
node_modules\.pnpm\lucide@1.8.0\node_modules\lucide\dist\esm\iconsAndAliases.js,.js,115188
node_modules\.pnpm\lucide@1.8.0\node_modules\lucide\dist\esm\lucide.js,.js,116894
node_modules\.pnpm\lucide@1.8.0\node_modules\lucide\dist\esm\replaceElement.js,.js,2099
node_modules\.pnpm\lucide@1.8.0\node_modules\lucide\dist\esm\shared\src\utils\hasA11yProp.js,.js,417
node_modules\.pnpm\lucide@1.8.0\node_modules\lucide\dist\esm\shared\src\utils\mergeClasses.js,.js,431
node_modules\.pnpm\lucide@1.8.0\node_modules\lucide\dist\esm\shared\src\utils\toCamelCase.js,.js,371
node_modules\.pnpm\lucide@1.8.0\node_modules\lucide\dist\esm\shared\src\utils\toPascalCase.js,.js,426
node_modules\.pnpm\lucide@1.8.0\node_modules\lucide\dist\umd\lucide.js,.js,594649
node_modules\.pnpm\lucide@1.8.0\node_modules\lucide\dist\umd\lucide.min.js,.js,397450
node_modules\.pnpm\lucide@1.8.0\node_modules\lucide\package.json,.json,1793
node_modules\.pnpm\lucide@1.8.0\node_modules\lucide\README.md,.md,2900
node_modules\.pnpm\marked@17.0.5\node_modules\marked\bin\main.js,.js,6656
node_modules\.pnpm\marked@17.0.5\node_modules\marked\bin\marked.js,.js,264
node_modules\.pnpm\marked@17.0.5\node_modules\marked\lib\marked.esm.js,.js,41661
node_modules\.pnpm\marked@17.0.5\node_modules\marked\lib\marked.umd.js,.js,42540
node_modules\.pnpm\marked@17.0.5\node_modules\marked\LICENSE.md,.md,2942
node_modules\.pnpm\marked@17.0.5\node_modules\marked\man\marked.1.md,.md,1970
node_modules\.pnpm\marked@17.0.5\node_modules\marked\package.json,.json,3396
node_modules\.pnpm\marked@17.0.5\node_modules\marked\README.md,.md,3116
node_modules\.pnpm\minimalistic-assert@1.0.1\node_modules\minimalistic-assert\index.js,.js,252
node_modules\.pnpm\minimalistic-assert@1.0.1\node_modules\minimalistic-assert\package.json,.json,510
node_modules\.pnpm\minimalistic-assert@1.0.1\node_modules\minimalistic-assert\readme.md,.md,58
node_modules\.pnpm\nanoid@5.1.15\node_modules\nanoid\bin\nanoid.js,.js,1519
node_modules\.pnpm\nanoid@5.1.15\node_modules\nanoid\index.browser.js,.js,1394
node_modules\.pnpm\nanoid@5.1.15\node_modules\nanoid\index.js,.js,1973
node_modules\.pnpm\nanoid@5.1.15\node_modules\nanoid\nanoid.js,.js,190
node_modules\.pnpm\nanoid@5.1.15\node_modules\nanoid\non-secure\index.js,.js,480
node_modules\.pnpm\nanoid@5.1.15\node_modules\nanoid\package.json,.json,1000
node_modules\.pnpm\nanoid@5.1.15\node_modules\nanoid\README.md,.md,1575
node_modules\.pnpm\nanoid@5.1.15\node_modules\nanoid\url-alphabet\index.js,.js,94
node_modules\.pnpm\node-fetch@2.7.0\node_modules\node-fetch\browser.js,.js,781
node_modules\.pnpm\node-fetch@2.7.0\node_modules\node-fetch\lib\index.es.js,.js,45346
node_modules\.pnpm\node-fetch@2.7.0\node_modules\node-fetch\lib\index.js,.js,45775
node_modules\.pnpm\node-fetch@2.7.0\node_modules\node-fetch\LICENSE.md,.md,1079
node_modules\.pnpm\node-fetch@2.7.0\node_modules\node-fetch\package.json,.json,2668
node_modules\.pnpm\node-fetch@2.7.0\node_modules\node-fetch\README.md,.md,21332
node_modules\.pnpm\node-fetch@2.7.0\node_modules\whatwg-url\lib\public-api.js,.js,625
node_modules\.pnpm\node-fetch@2.7.0\node_modules\whatwg-url\lib\URL-impl.js,.js,3804
node_modules\.pnpm\node-fetch@2.7.0\node_modules\whatwg-url\lib\url-state-machine.js,.js,33573
node_modules\.pnpm\node-fetch@2.7.0\node_modules\whatwg-url\lib\URL.js,.js,4212
node_modules\.pnpm\node-fetch@2.7.0\node_modules\whatwg-url\lib\utils.js,.js,562
node_modules\.pnpm\node-fetch@2.7.0\node_modules\whatwg-url\LICENSE.txt,.txt,1088
node_modules\.pnpm\node-fetch@2.7.0\node_modules\whatwg-url\package.json,.json,886
node_modules\.pnpm\node-fetch@2.7.0\node_modules\whatwg-url\README.md,.md,5136
node_modules\.pnpm\node-readable-to-web-readable-stream@0.4.2\node_modules\node-readable-to-web-readable-stream\lib\index.js,.js,4847
node_modules\.pnpm\node-readable-to-web-readable-stream@0.4.2\node_modules\node-readable-to-web-readable-stream\LICENSE.txt,.txt,1085
node_modules\.pnpm\node-readable-to-web-readable-stream@0.4.2\node_modules\node-readable-to-web-readable-stream\package.json,.json,1297
node_modules\.pnpm\node-readable-to-web-readable-stream@0.4.2\node_modules\node-readable-to-web-readable-stream\README.md,.md,3706
node_modules\.pnpm\node_modules\@img\colour\LICENSE.md,.md,4433
node_modules\.pnpm\node_modules\@img\colour\package.json,.json,1515
node_modules\.pnpm\node_modules\@img\colour\README.md,.md,562
node_modules\.pnpm\node_modules\@img\sharp-win32-x64\package.json,.json,908
node_modules\.pnpm\node_modules\@img\sharp-win32-x64\README.md,.md,4899
node_modules\.pnpm\node_modules\@img\sharp-win32-x64\versions.json,.json,594
node_modules\.pnpm\node_modules\@napi-rs\canvas-win32-x64-msvc\package.json,.json,812
node_modules\.pnpm\node_modules\@napi-rs\canvas-win32-x64-msvc\README.md,.md,104
node_modules\.pnpm\node_modules\@pdf-lib\standard-fonts\dist\standard-fonts.js,.js,359988
node_modules\.pnpm\node_modules\@pdf-lib\standard-fonts\dist\standard-fonts.min.js,.js,174722
node_modules\.pnpm\node_modules\@pdf-lib\standard-fonts\es\all-encodings.compressed.json,.json,6083
node_modules\.pnpm\node_modules\@pdf-lib\standard-fonts\es\Courier-Bold.compressed.json,.json,2091
node_modules\.pnpm\node_modules\@pdf-lib\standard-fonts\es\Courier-BoldOblique.compressed.json,.json,2103
node_modules\.pnpm\node_modules\@pdf-lib\standard-fonts\es\Courier-Oblique.compressed.json,.json,2099
node_modules\.pnpm\node_modules\@pdf-lib\standard-fonts\es\Courier.compressed.json,.json,2083
node_modules\.pnpm\node_modules\@pdf-lib\standard-fonts\es\Encoding.js,.js,1522
node_modules\.pnpm\node_modules\@pdf-lib\standard-fonts\es\Font.js,.js,3707
node_modules\.pnpm\node_modules\@pdf-lib\standard-fonts\es\Helvetica-Bold.compressed.json,.json,14119
node_modules\.pnpm\node_modules\@pdf-lib\standard-fonts\es\Helvetica-BoldOblique.compressed.json,.json,14139
node_modules\.pnpm\node_modules\@pdf-lib\standard-fonts\es\Helvetica-Oblique.compressed.json,.json,14923
node_modules\.pnpm\node_modules\@pdf-lib\standard-fonts\es\Helvetica.compressed.json,.json,14907
node_modules\.pnpm\node_modules\@pdf-lib\standard-fonts\es\index.js,.js,52
node_modules\.pnpm\node_modules\@pdf-lib\standard-fonts\es\Symbol.compressed.json,.json,2055
node_modules\.pnpm\node_modules\@pdf-lib\standard-fonts\es\Times-Bold.compressed.json,.json,13099
node_modules\.pnpm\node_modules\@pdf-lib\standard-fonts\es\Times-BoldItalic.compressed.json,.json,12135
node_modules\.pnpm\node_modules\@pdf-lib\standard-fonts\es\Times-Italic.compressed.json,.json,13395
node_modules\.pnpm\node_modules\@pdf-lib\standard-fonts\es\Times-Roman.compressed.json,.json,12511
node_modules\.pnpm\node_modules\@pdf-lib\standard-fonts\es\utils.js,.js,1950
node_modules\.pnpm\node_modules\@pdf-lib\standard-fonts\es\ZapfDingbats.compressed.json,.json,1659
node_modules\.pnpm\node_modules\@pdf-lib\standard-fonts\lib\all-encodings.compressed.json,.json,6083
node_modules\.pnpm\node_modules\@pdf-lib\standard-fonts\lib\Courier-Bold.compressed.json,.json,2091
node_modules\.pnpm\node_modules\@pdf-lib\standard-fonts\lib\Courier-BoldOblique.compressed.json,.json,2103
node_modules\.pnpm\node_modules\@pdf-lib\standard-fonts\lib\Courier-Oblique.compressed.json,.json,2099
node_modules\.pnpm\node_modules\@pdf-lib\standard-fonts\lib\Courier.compressed.json,.json,2083
node_modules\.pnpm\node_modules\@pdf-lib\standard-fonts\lib\Encoding.js,.js,1779
node_modules\.pnpm\node_modules\@pdf-lib\standard-fonts\lib\Font.js,.js,4584
node_modules\.pnpm\node_modules\@pdf-lib\standard-fonts\lib\Helvetica-Bold.compressed.json,.json,14119
node_modules\.pnpm\node_modules\@pdf-lib\standard-fonts\lib\Helvetica-BoldOblique.compressed.json,.json,14139
node_modules\.pnpm\node_modules\@pdf-lib\standard-fonts\lib\Helvetica-Oblique.compressed.json,.json,14923
node_modules\.pnpm\node_modules\@pdf-lib\standard-fonts\lib\Helvetica.compressed.json,.json,14907
node_modules\.pnpm\node_modules\@pdf-lib\standard-fonts\lib\index.js,.js,236
node_modules\.pnpm\node_modules\@pdf-lib\standard-fonts\lib\Symbol.compressed.json,.json,2055
node_modules\.pnpm\node_modules\@pdf-lib\standard-fonts\lib\Times-Bold.compressed.json,.json,13099
node_modules\.pnpm\node_modules\@pdf-lib\standard-fonts\lib\Times-BoldItalic.compressed.json,.json,12135
node_modules\.pnpm\node_modules\@pdf-lib\standard-fonts\lib\Times-Italic.compressed.json,.json,13395
node_modules\.pnpm\node_modules\@pdf-lib\standard-fonts\lib\Times-Roman.compressed.json,.json,12511
node_modules\.pnpm\node_modules\@pdf-lib\standard-fonts\lib\utils.js,.js,2197
node_modules\.pnpm\node_modules\@pdf-lib\standard-fonts\lib\ZapfDingbats.compressed.json,.json,1659
node_modules\.pnpm\node_modules\@pdf-lib\standard-fonts\LICENSE.md,.md,1070
node_modules\.pnpm\node_modules\@pdf-lib\standard-fonts\package.json,.json,1588
node_modules\.pnpm\node_modules\@pdf-lib\standard-fonts\README.md,.md,2852
node_modules\.pnpm\node_modules\@pdf-lib\upng\cjs\UPNG.js,.js,54151
node_modules\.pnpm\node_modules\@pdf-lib\upng\dist\UPNG.js,.js,269521
node_modules\.pnpm\node_modules\@pdf-lib\upng\dist\UPNG.min.js,.js,269521
node_modules\.pnpm\node_modules\@pdf-lib\upng\package.json,.json,1493
node_modules\.pnpm\node_modules\@pdf-lib\upng\README.md,.md,7328
node_modules\.pnpm\node_modules\@pdf-lib\upng\UPNG.js,.js,42677
node_modules\.pnpm\node_modules\@types\node\package.json,.json,4518
node_modules\.pnpm\node_modules\@types\node\README.md,.md,1586
node_modules\.pnpm\node_modules\bmp-js\index.js,.js,233
node_modules\.pnpm\node_modules\bmp-js\lib\decoder.js,.js,14445
node_modules\.pnpm\node_modules\bmp-js\lib\encoder.js,.js,2429
node_modules\.pnpm\node_modules\bmp-js\package.json,.json,546
node_modules\.pnpm\node_modules\bmp-js\README.md,.md,862
node_modules\.pnpm\node_modules\bmp-js\test\test.js,.js,801
node_modules\.pnpm\node_modules\core-util-is\lib\util.js,.js,3039
node_modules\.pnpm\node_modules\core-util-is\package.json,.json,799
node_modules\.pnpm\node_modules\core-util-is\README.md,.md,67
node_modules\.pnpm\node_modules\detect-libc\lib\detect-libc.js,.js,7503
node_modules\.pnpm\node_modules\detect-libc\lib\elf.js,.js,982
node_modules\.pnpm\node_modules\detect-libc\lib\filesystem.js,.js,1097
node_modules\.pnpm\node_modules\detect-libc\lib\process.js,.js,569
node_modules\.pnpm\node_modules\detect-libc\package.json,.json,1278
node_modules\.pnpm\node_modules\detect-libc\README.md,.md,3215
node_modules\.pnpm\node_modules\hash.js\.eslintrc.js,.js,660
node_modules\.pnpm\node_modules\hash.js\lib\hash\common.js,.js,2312
node_modules\.pnpm\node_modules\hash.js\lib\hash\hmac.js,.js,1139
node_modules\.pnpm\node_modules\hash.js\lib\hash\ripemd.js,.js,3551
node_modules\.pnpm\node_modules\hash.js\lib\hash\sha\1.js,.js,1567
node_modules\.pnpm\node_modules\hash.js\lib\hash\sha\224.js,.js,670
node_modules\.pnpm\node_modules\hash.js\lib\hash\sha\256.js,.js,2878
node_modules\.pnpm\node_modules\hash.js\lib\hash\sha\384.js,.js,768
node_modules\.pnpm\node_modules\hash.js\lib\hash\sha\512.js,.js,8342
node_modules\.pnpm\node_modules\hash.js\lib\hash\sha\common.js,.js,907
node_modules\.pnpm\node_modules\hash.js\lib\hash\sha.js,.js,206
node_modules\.pnpm\node_modules\hash.js\lib\hash\utils.js,.js,6527
node_modules\.pnpm\node_modules\hash.js\lib\hash.js,.js,444
node_modules\.pnpm\node_modules\hash.js\package.json,.json,855
node_modules\.pnpm\node_modules\hash.js\README.md,.md,1515
node_modules\.pnpm\node_modules\hash.js\test\hash-test.js,.js,4503
node_modules\.pnpm\node_modules\hash.js\test\hmac-test.js,.js,2366
node_modules\.pnpm\node_modules\https\package.json,.json,331
node_modules\.pnpm\node_modules\idb-keyval\dist\compat.js,.js,9607
node_modules\.pnpm\node_modules\idb-keyval\dist\index.js,.js,6907
node_modules\.pnpm\node_modules\idb-keyval\dist\umd.js,.js,4810
node_modules\.pnpm\node_modules\idb-keyval\package.json,.json,2127
node_modules\.pnpm\node_modules\idb-keyval\README.md,.md,6133
node_modules\.pnpm\node_modules\image-size\bin\image-size.js,.js,1349
node_modules\.pnpm\node_modules\image-size\dist\detector.js,.js,817
node_modules\.pnpm\node_modules\image-size\dist\index.js,.js,4374
node_modules\.pnpm\node_modules\image-size\dist\types\bmp.js,.js,381
node_modules\.pnpm\node_modules\image-size\dist\types\cur.js,.js,597
node_modules\.pnpm\node_modules\image-size\dist\types\dds.js,.js,375
node_modules\.pnpm\node_modules\image-size\dist\types\gif.js,.js,409
node_modules\.pnpm\node_modules\image-size\dist\types\heif.js,.js,1537
node_modules\.pnpm\node_modules\image-size\dist\types\icns.js,.js,2930
node_modules\.pnpm\node_modules\image-size\dist\types\ico.js,.js,2686
node_modules\.pnpm\node_modules\image-size\dist\types\index.js,.js,1297
node_modules\.pnpm\node_modules\image-size\dist\types\interface.js,.js,77
node_modules\.pnpm\node_modules\image-size\dist\types\j2c.js,.js,462
node_modules\.pnpm\node_modules\image-size\dist\types\jp2.js,.js,1019
node_modules\.pnpm\node_modules\image-size\dist\types\jpg.js,.js,4901
node_modules\.pnpm\node_modules\image-size\dist\types\jxl-stream.js,.js,1697
node_modules\.pnpm\node_modules\image-size\dist\types\jxl.js,.js,2185
node_modules\.pnpm\node_modules\image-size\dist\types\ktx.js,.js,625
node_modules\.pnpm\node_modules\image-size\dist\types\png.js,.js,1242
node_modules\.pnpm\node_modules\image-size\dist\types\pnm.js,.js,2060
node_modules\.pnpm\node_modules\image-size\dist\types\psd.js,.js,374
node_modules\.pnpm\node_modules\image-size\dist\types\svg.js,.js,2590
node_modules\.pnpm\node_modules\image-size\dist\types\tga.js,.js,459
node_modules\.pnpm\node_modules\image-size\dist\types\tiff.js,.js,3284
node_modules\.pnpm\node_modules\image-size\dist\types\utils.js,.js,3160
node_modules\.pnpm\node_modules\image-size\dist\types\webp.js,.js,2187
node_modules\.pnpm\node_modules\image-size\dist\utils\bit-reader.js,.js,1658
node_modules\.pnpm\node_modules\image-size\package.json,.json,1726
node_modules\.pnpm\node_modules\image-size\Readme.md,.md,4280
node_modules\.pnpm\node_modules\immediate\dist\immediate.js,.js,2911
node_modules\.pnpm\node_modules\immediate\dist\immediate.min.js,.js,1686
node_modules\.pnpm\node_modules\immediate\lib\browser.js,.js,1883
node_modules\.pnpm\node_modules\immediate\lib\index.js,.js,1982
node_modules\.pnpm\node_modules\immediate\LICENSE.txt,.txt,1115
node_modules\.pnpm\node_modules\immediate\package.json,.json,1372
node_modules\.pnpm\node_modules\immediate\README.md,.md,3697
node_modules\.pnpm\node_modules\inherits\inherits.js,.js,250
node_modules\.pnpm\node_modules\inherits\inherits_browser.js,.js,753
node_modules\.pnpm\node_modules\inherits\package.json,.json,581
node_modules\.pnpm\node_modules\inherits\README.md,.md,1625
node_modules\.pnpm\node_modules\is-url\History.md,.md,503
node_modules\.pnpm\node_modules\is-url\index.js,.js,856
node_modules\.pnpm\node_modules\is-url\package.json,.json,274
node_modules\.pnpm\node_modules\is-url\Readme.md,.md,193
node_modules\.pnpm\node_modules\is-url\test\index.js,.js,3688
node_modules\.pnpm\node_modules\isarray\component.json,.json,470
node_modules\.pnpm\node_modules\isarray\index.js,.js,132
node_modules\.pnpm\node_modules\isarray\package.json,.json,958
node_modules\.pnpm\node_modules\isarray\README.md,.md,1890
node_modules\.pnpm\node_modules\isarray\test.js,.js,320
node_modules\.pnpm\node_modules\jszip\.eslintrc.js,.js,896
node_modules\.pnpm\node_modules\jszip\CHANGES.md,.md,12038
node_modules\.pnpm\node_modules\jszip\deps.js,.js,1356
node_modules\.pnpm\node_modules\jszip\dist\jszip.js,.js,374191
node_modules\.pnpm\node_modules\jszip\dist\jszip.min.js,.js,97630
node_modules\.pnpm\node_modules\jszip\lib\base64.js,.js,3382
node_modules\.pnpm\node_modules\jszip\lib\compressedObject.js,.js,2890
node_modules\.pnpm\node_modules\jszip\lib\compressions.js,.js,350
node_modules\.pnpm\node_modules\jszip\lib\crc32.js,.js,1924
node_modules\.pnpm\node_modules\jszip\lib\defaults.js,.js,284
node_modules\.pnpm\node_modules\jszip\lib\external.js,.js,438
node_modules\.pnpm\node_modules\jszip\lib\flate.js,.js,2365
node_modules\.pnpm\node_modules\jszip\lib\generate\index.js,.js,2035
node_modules\.pnpm\node_modules\jszip\lib\generate\ZipFileWorker.js,.js,17954
node_modules\.pnpm\node_modules\jszip\lib\index.js,.js,1540
node_modules\.pnpm\node_modules\jszip\lib\license_header.js,.js,388
node_modules\.pnpm\node_modules\jszip\lib\load.js,.js,3196
node_modules\.pnpm\node_modules\jszip\lib\nodejs\NodejsStreamInputAdapter.js,.js,1933
node_modules\.pnpm\node_modules\jszip\lib\nodejs\NodejsStreamOutputAdapter.js,.js,1075
node_modules\.pnpm\node_modules\jszip\lib\nodejsUtils.js,.js,1886
node_modules\.pnpm\node_modules\jszip\lib\object.js,.js,12440
node_modules\.pnpm\node_modules\jszip\lib\readable-stream-browser.js,.js,441
node_modules\.pnpm\node_modules\jszip\lib\reader\ArrayReader.js,.js,1587
node_modules\.pnpm\node_modules\jszip\lib\reader\DataReader.js,.js,3709
node_modules\.pnpm\node_modules\jszip\lib\reader\NodeBufferReader.js,.js,519
node_modules\.pnpm\node_modules\jszip\lib\reader\readerFor.js,.js,904
node_modules\.pnpm\node_modules\jszip\lib\reader\StringReader.js,.js,1020
node_modules\.pnpm\node_modules\jszip\lib\reader\Uint8ArrayReader.js,.js,652
node_modules\.pnpm\node_modules\jszip\lib\signature.js,.js,294
node_modules\.pnpm\node_modules\jszip\lib\stream\ConvertWorker.js,.js,648
node_modules\.pnpm\node_modules\jszip\lib\stream\Crc32Probe.js,.js,599
node_modules\.pnpm\node_modules\jszip\lib\stream\DataLengthProbe.js,.js,829
node_modules\.pnpm\node_modules\jszip\lib\stream\DataWorker.js,.js,2748
node_modules\.pnpm\node_modules\jszip\lib\stream\GenericWorker.js,.js,8206
node_modules\.pnpm\node_modules\jszip\lib\stream\StreamHelper.js,.js,6877
node_modules\.pnpm\node_modules\jszip\lib\support.js,.js,1089
node_modules\.pnpm\node_modules\jszip\lib\utf8.js,.js,8102
node_modules\.pnpm\node_modules\jszip\lib\utils.js,.js,16552
node_modules\.pnpm\node_modules\jszip\lib\zipEntries.js,.js,11867
node_modules\.pnpm\node_modules\jszip\lib\zipEntry.js,.js,11314
node_modules\.pnpm\node_modules\jszip\lib\zipObject.js,.js,4528
node_modules\.pnpm\node_modules\jszip\package.json,.json,1787
node_modules\.pnpm\node_modules\jszip\sponsors.md,.md,704
node_modules\.pnpm\node_modules\jszip\tsconfig.json,.json,11000
node_modules\.pnpm\node_modules\jszip\vendor\FileSaver.js,.js,7745
node_modules\.pnpm\node_modules\lie\dist\lie.js,.js,9311
node_modules\.pnpm\node_modules\lie\dist\lie.min.js,.js,4805
node_modules\.pnpm\node_modules\lie\dist\lie.polyfill.js,.js,9235
node_modules\.pnpm\node_modules\lie\dist\lie.polyfill.min.js,.js,4718
node_modules\.pnpm\node_modules\lie\lib\browser.js,.js,6362
node_modules\.pnpm\node_modules\lie\lib\index.js,.js,6970
node_modules\.pnpm\node_modules\lie\license.md,.md,1084
node_modules\.pnpm\node_modules\lie\package.json,.json,2432
node_modules\.pnpm\node_modules\lie\polyfill.js,.js,97
node_modules\.pnpm\node_modules\lie\README.md,.md,2165
node_modules\.pnpm\node_modules\minimalistic-assert\index.js,.js,252
node_modules\.pnpm\node_modules\minimalistic-assert\package.json,.json,510
node_modules\.pnpm\node_modules\minimalistic-assert\readme.md,.md,58
node_modules\.pnpm\node_modules\nanoid\bin\nanoid.js,.js,1519
node_modules\.pnpm\node_modules\nanoid\index.browser.js,.js,1394
node_modules\.pnpm\node_modules\nanoid\index.js,.js,1973
node_modules\.pnpm\node_modules\nanoid\nanoid.js,.js,190
node_modules\.pnpm\node_modules\nanoid\non-secure\index.js,.js,480
node_modules\.pnpm\node_modules\nanoid\package.json,.json,1000
node_modules\.pnpm\node_modules\nanoid\README.md,.md,1575
node_modules\.pnpm\node_modules\nanoid\url-alphabet\index.js,.js,94
node_modules\.pnpm\node_modules\node-fetch\browser.js,.js,781
node_modules\.pnpm\node_modules\node-fetch\lib\index.es.js,.js,45346
node_modules\.pnpm\node_modules\node-fetch\lib\index.js,.js,45775
node_modules\.pnpm\node_modules\node-fetch\LICENSE.md,.md,1079
node_modules\.pnpm\node_modules\node-fetch\package.json,.json,2668
node_modules\.pnpm\node_modules\node-fetch\README.md,.md,21332
node_modules\.pnpm\node_modules\node-readable-to-web-readable-stream\lib\index.js,.js,4847
node_modules\.pnpm\node_modules\node-readable-to-web-readable-stream\LICENSE.txt,.txt,1085
node_modules\.pnpm\node_modules\node-readable-to-web-readable-stream\package.json,.json,1297
node_modules\.pnpm\node_modules\node-readable-to-web-readable-stream\README.md,.md,3706
node_modules\.pnpm\node_modules\opencollective-postinstall\index.js,.js,793
node_modules\.pnpm\node_modules\opencollective-postinstall\package.json,.json,787
node_modules\.pnpm\node_modules\opencollective-postinstall\README.md,.md,1035
node_modules\.pnpm\node_modules\pako\CHANGELOG.md,.md,4138
node_modules\.pnpm\node_modules\pako\dist\pako.js,.js,221496
node_modules\.pnpm\node_modules\pako\dist\pako.min.js,.js,45988
node_modules\.pnpm\node_modules\pako\dist\pako_deflate.js,.js,128125
node_modules\.pnpm\node_modules\pako\dist\pako_deflate.min.js,.js,27503
node_modules\.pnpm\node_modules\pako\dist\pako_inflate.js,.js,108583
node_modules\.pnpm\node_modules\pako\dist\pako_inflate.min.js,.js,22682
node_modules\.pnpm\node_modules\pako\index.js,.js,347
node_modules\.pnpm\node_modules\pako\lib\deflate.js,.js,11074
node_modules\.pnpm\node_modules\pako\lib\inflate.js,.js,12412
node_modules\.pnpm\node_modules\pako\lib\utils\common.js,.js,2444
node_modules\.pnpm\node_modules\pako\lib\utils\strings.js,.js,5293
node_modules\.pnpm\node_modules\pako\lib\zlib\adler32.js,.js,1656
node_modules\.pnpm\node_modules\pako\lib\zlib\constants.js,.js,2312
node_modules\.pnpm\node_modules\pako\lib\zlib\crc32.js,.js,1750
node_modules\.pnpm\node_modules\pako\lib\zlib\deflate.js,.js,61184
node_modules\.pnpm\node_modules\pako\lib\zlib\gzheader.js,.js,2240
node_modules\.pnpm\node_modules\pako\lib\zlib\inffast.js,.js,12668
node_modules\.pnpm\node_modules\pako\lib\zlib\inflate.js,.js,50284
node_modules\.pnpm\node_modules\pako\lib\zlib\inftrees.js,.js,12500
node_modules\.pnpm\node_modules\pako\lib\zlib\messages.js,.js,1538
node_modules\.pnpm\node_modules\pako\lib\zlib\trees.js,.js,39879
node_modules\.pnpm\node_modules\pako\lib\zlib\zstream.js,.js,1811
node_modules\.pnpm\node_modules\pako\package.json,.json,1026
node_modules\.pnpm\node_modules\pako\README.md,.md,6066
node_modules\.pnpm\node_modules\playwright-core\browsers.json,.json,1939
node_modules\.pnpm\node_modules\playwright-core\cli.js,.js,839
node_modules\.pnpm\node_modules\playwright-core\index.js,.js,697
node_modules\.pnpm\node_modules\playwright-core\lib\bootstrap.js,.js,3481
node_modules\.pnpm\node_modules\playwright-core\lib\coreBundle.js,.js,3352341
node_modules\.pnpm\node_modules\playwright-core\lib\entry\cliDaemon.js,.js,197
node_modules\.pnpm\node_modules\playwright-core\lib\entry\dashboardApp.js,.js,108
node_modules\.pnpm\node_modules\playwright-core\lib\entry\mcp.js,.js,442
node_modules\.pnpm\node_modules\playwright-core\lib\entry\oopBrowserDownload.js,.js,120
node_modules\.pnpm\node_modules\playwright-core\lib\package.js,.js,2112
node_modules\.pnpm\node_modules\playwright-core\lib\server\deviceDescriptorsSource.json,.json,80785
node_modules\.pnpm\node_modules\playwright-core\lib\server\electron\loader.js,.js,4821
node_modules\.pnpm\node_modules\playwright-core\lib\serverRegistry.js,.js,247050
node_modules\.pnpm\node_modules\playwright-core\lib\tools\cli-client\channelSessions.js,.js,7087
node_modules\.pnpm\node_modules\playwright-core\lib\tools\cli-client\cli.js,.js,153
node_modules\.pnpm\node_modules\playwright-core\lib\tools\cli-client\help.json,.json,36596
node_modules\.pnpm\node_modules\playwright-core\lib\tools\cli-client\minimist.js,.js,4106
node_modules\.pnpm\node_modules\playwright-core\lib\tools\cli-client\output.js,.js,11703
node_modules\.pnpm\node_modules\playwright-core\lib\tools\cli-client\program.js,.js,16054
node_modules\.pnpm\node_modules\playwright-core\lib\tools\cli-client\registry.js,.js,6662
node_modules\.pnpm\node_modules\playwright-core\lib\tools\cli-client\session.js,.js,9395
node_modules\.pnpm\node_modules\playwright-core\lib\tools\cli-client\skill\references\element-attributes.md,.md,665
node_modules\.pnpm\node_modules\playwright-core\lib\tools\cli-client\skill\references\playwright-tests.md,.md,1690
node_modules\.pnpm\node_modules\playwright-core\lib\tools\cli-client\skill\references\request-mocking.md,.md,2182
node_modules\.pnpm\node_modules\playwright-core\lib\tools\cli-client\skill\references\running-code.md,.md,5642
node_modules\.pnpm\node_modules\playwright-core\lib\tools\cli-client\skill\references\session-management.md,.md,5671
node_modules\.pnpm\node_modules\playwright-core\lib\tools\cli-client\skill\references\spec-driven-testing.md,.md,11578
node_modules\.pnpm\node_modules\playwright-core\lib\tools\cli-client\skill\references\storage-state.md,.md,5198
node_modules\.pnpm\node_modules\playwright-core\lib\tools\cli-client\skill\references\test-generation.md,.md,4585
node_modules\.pnpm\node_modules\playwright-core\lib\tools\cli-client\skill\references\tracing.md,.md,3440
node_modules\.pnpm\node_modules\playwright-core\lib\tools\cli-client\skill\references\video-recording.md,.md,5387
node_modules\.pnpm\node_modules\playwright-core\lib\tools\cli-client\skill\SKILL.md,.md,11869
node_modules\.pnpm\node_modules\playwright-core\lib\tools\trace\SKILL.md,.md,4712
node_modules\.pnpm\node_modules\playwright-core\lib\tools\utils\extension.js,.js,3132
node_modules\.pnpm\node_modules\playwright-core\lib\tools\utils\socketConnection.js,.js,3317
node_modules\.pnpm\node_modules\playwright-core\lib\utilsBundle.js,.js,3143574
node_modules\.pnpm\node_modules\playwright-core\lib\vite\dashboard\assets\index-BY2S1tHT.css,.css,142433
node_modules\.pnpm\node_modules\playwright-core\lib\vite\dashboard\assets\index-C_5TMfeg.js,.js,331501
node_modules\.pnpm\node_modules\playwright-core\lib\vite\htmlReport\report.css,.css,108330
node_modules\.pnpm\node_modules\playwright-core\lib\vite\htmlReport\report.js,.js,416009
node_modules\.pnpm\node_modules\playwright-core\lib\vite\recorder\assets\codeMirrorModule-DeBYQozu.js,.js,313009
node_modules\.pnpm\node_modules\playwright-core\lib\vite\recorder\assets\codeMirrorModule-DYBRYzYX.css,.css,6421
node_modules\.pnpm\node_modules\playwright-core\lib\vite\recorder\assets\index-4ZiSSCmn.css,.css,92234
node_modules\.pnpm\node_modules\playwright-core\lib\vite\recorder\assets\index-Bq-mQf8S.js,.js,365888
node_modules\.pnpm\node_modules\playwright-core\lib\vite\traceViewer\assets\codeMirrorModule-LEHpjmcn.js,.js,313054
node_modules\.pnpm\node_modules\playwright-core\lib\vite\traceViewer\assets\defaultSettingsView-BNmKHKpQ.js,.js,658064
node_modules\.pnpm\node_modules\playwright-core\lib\vite\traceViewer\assets\urlMatch-BYQrIQwR.js,.js,819
node_modules\.pnpm\node_modules\playwright-core\lib\vite\traceViewer\assets\xtermModule-CsJ4vdCR.js,.js,292244
node_modules\.pnpm\node_modules\playwright-core\lib\vite\traceViewer\codeMirrorModule.DYBRYzYX.css,.css,6421
node_modules\.pnpm\node_modules\playwright-core\lib\vite\traceViewer\defaultSettingsView.CjdS-WJx.css,.css,112258
node_modules\.pnpm\node_modules\playwright-core\lib\vite\traceViewer\index.CzXZzn5A.css,.css,2111
node_modules\.pnpm\node_modules\playwright-core\lib\vite\traceViewer\index.DMMX1gXU.js,.js,6547
node_modules\.pnpm\node_modules\playwright-core\lib\vite\traceViewer\snapshot.v8KI4P3m.js,.js,660
node_modules\.pnpm\node_modules\playwright-core\lib\vite\traceViewer\sw.bundle.js,.js,95855
node_modules\.pnpm\node_modules\playwright-core\lib\vite\traceViewer\uiMode.BZQ54Kgt.css,.css,60311
node_modules\.pnpm\node_modules\playwright-core\lib\vite\traceViewer\uiMode.Ut8wwJNp.js,.js,38514
node_modules\.pnpm\node_modules\playwright-core\lib\vite\traceViewer\xtermModule.DYP7pi_n.css,.css,4150
node_modules\.pnpm\node_modules\playwright-core\package.json,.json,876
node_modules\.pnpm\node_modules\playwright-core\README.md,.md,120
node_modules\.pnpm\node_modules\playwright-core\ThirdPartyNotices.txt,.txt,676
node_modules\.pnpm\node_modules\process-nextick-args\index.js,.js,1083
node_modules\.pnpm\node_modules\process-nextick-args\license.md,.md,1064
node_modules\.pnpm\node_modules\process-nextick-args\package.json,.json,578
node_modules\.pnpm\node_modules\process-nextick-args\readme.md,.md,450
node_modules\.pnpm\node_modules\queue\index.js,.js,4122
node_modules\.pnpm\node_modules\queue\package.json,.json,1195
node_modules\.pnpm\node_modules\queue\readme.md,.md,6453
node_modules\.pnpm\node_modules\readable-stream\CONTRIBUTING.md,.md,1443
node_modules\.pnpm\node_modules\readable-stream\doc\wg-meetings\2015-01-30.md,.md,2280
node_modules\.pnpm\node_modules\readable-stream\duplex-browser.js,.js,53
node_modules\.pnpm\node_modules\readable-stream\duplex.js,.js,46
node_modules\.pnpm\node_modules\readable-stream\GOVERNANCE.md,.md,5550
node_modules\.pnpm\node_modules\readable-stream\lib\_stream_duplex.js,.js,4015
node_modules\.pnpm\node_modules\readable-stream\lib\_stream_passthrough.js,.js,1753
node_modules\.pnpm\node_modules\readable-stream\lib\_stream_readable.js,.js,31426
node_modules\.pnpm\node_modules\readable-stream\lib\_stream_transform.js,.js,7742
node_modules\.pnpm\node_modules\readable-stream\lib\_stream_writable.js,.js,20335
node_modules\.pnpm\node_modules\readable-stream\lib\internal\streams\BufferList.js,.js,2009
node_modules\.pnpm\node_modules\readable-stream\lib\internal\streams\destroy.js,.js,2175
node_modules\.pnpm\node_modules\readable-stream\lib\internal\streams\stream-browser.js,.js,49
node_modules\.pnpm\node_modules\readable-stream\lib\internal\streams\stream.js,.js,36
node_modules\.pnpm\node_modules\readable-stream\package.json,.json,1370
node_modules\.pnpm\node_modules\readable-stream\passthrough.js,.js,51
node_modules\.pnpm\node_modules\readable-stream\readable-browser.js,.js,351
node_modules\.pnpm\node_modules\readable-stream\readable.js,.js,771
node_modules\.pnpm\node_modules\readable-stream\README.md,.md,2999
node_modules\.pnpm\node_modules\readable-stream\transform.js,.js,49
node_modules\.pnpm\node_modules\readable-stream\writable-browser.js,.js,55
node_modules\.pnpm\node_modules\readable-stream\writable.js,.js,229
node_modules\.pnpm\node_modules\regenerator-runtime\package.json,.json,464
node_modules\.pnpm\node_modules\regenerator-runtime\path.js,.js,252
node_modules\.pnpm\node_modules\regenerator-runtime\README.md,.md,761
node_modules\.pnpm\node_modules\regenerator-runtime\runtime.js,.js,25202
node_modules\.pnpm\node_modules\safe-buffer\index.js,.js,1529
node_modules\.pnpm\node_modules\safe-buffer\package.json,.json,783
node_modules\.pnpm\node_modules\safe-buffer\README.md,.md,19555
node_modules\.pnpm\node_modules\sax\lib\sax.js,.js,50146
node_modules\.pnpm\node_modules\sax\LICENSE.md,.md,1552
node_modules\.pnpm\node_modules\sax\package.json,.json,789
node_modules\.pnpm\node_modules\sax\README.md,.md,8519
node_modules\.pnpm\node_modules\semver\bin\semver.js,.js,4957
node_modules\.pnpm\node_modules\semver\classes\comparator.js,.js,3631
node_modules\.pnpm\node_modules\semver\classes\index.js,.js,143
node_modules\.pnpm\node_modules\semver\classes\range.js,.js,15647
node_modules\.pnpm\node_modules\semver\classes\semver.js,.js,9891
node_modules\.pnpm\node_modules\semver\functions\clean.js,.js,205
node_modules\.pnpm\node_modules\semver\functions\cmp.js,.js,961
node_modules\.pnpm\node_modules\semver\functions\coerce.js,.js,2004
node_modules\.pnpm\node_modules\semver\functions\compare-build.js,.js,281
node_modules\.pnpm\node_modules\semver\functions\compare-loose.js,.js,132
node_modules\.pnpm\node_modules\semver\functions\compare.js,.js,170
node_modules\.pnpm\node_modules\semver\functions\diff.js,.js,1423
node_modules\.pnpm\node_modules\semver\functions\eq.js,.js,126
node_modules\.pnpm\node_modules\semver\functions\gt.js,.js,124
node_modules\.pnpm\node_modules\semver\functions\gte.js,.js,127
node_modules\.pnpm\node_modules\semver\functions\inc.js,.js,478
node_modules\.pnpm\node_modules\semver\functions\lt.js,.js,124
node_modules\.pnpm\node_modules\semver\functions\lte.js,.js,127
node_modules\.pnpm\node_modules\semver\functions\major.js,.js,136
node_modules\.pnpm\node_modules\semver\functions\minor.js,.js,136
node_modules\.pnpm\node_modules\semver\functions\neq.js,.js,128
node_modules\.pnpm\node_modules\semver\functions\parse.js,.js,331
node_modules\.pnpm\node_modules\semver\functions\patch.js,.js,136
node_modules\.pnpm\node_modules\semver\functions\prerelease.js,.js,234
node_modules\.pnpm\node_modules\semver\functions\rcompare.js,.js,132
node_modules\.pnpm\node_modules\semver\functions\rsort.js,.js,163
node_modules\.pnpm\node_modules\semver\functions\satisfies.js,.js,247
node_modules\.pnpm\node_modules\semver\functions\sort.js,.js,161
node_modules\.pnpm\node_modules\semver\functions\truncate.js,.js,1021
node_modules\.pnpm\node_modules\semver\functions\valid.js,.js,176
node_modules\.pnpm\node_modules\semver\index.js,.js,2691
node_modules\.pnpm\node_modules\semver\internal\constants.js,.js,873
node_modules\.pnpm\node_modules\semver\internal\debug.js,.js,240
node_modules\.pnpm\node_modules\semver\internal\identifiers.js,.js,525
node_modules\.pnpm\node_modules\semver\internal\lrucache.js,.js,802
node_modules\.pnpm\node_modules\semver\internal\parse-options.js,.js,338
node_modules\.pnpm\node_modules\semver\internal\re.js,.js,8139
node_modules\.pnpm\node_modules\semver\package.json,.json,1661
node_modules\.pnpm\node_modules\semver\preload.js,.js,83
node_modules\.pnpm\node_modules\semver\ranges\gtr.js,.js,231
node_modules\.pnpm\node_modules\semver\ranges\intersects.js,.js,224
node_modules\.pnpm\node_modules\semver\ranges\ltr.js,.js,227
node_modules\.pnpm\node_modules\semver\ranges\max-satisfying.js,.js,593
node_modules\.pnpm\node_modules\semver\ranges\min-satisfying.js,.js,591
node_modules\.pnpm\node_modules\semver\ranges\min-version.js,.js,1514
node_modules\.pnpm\node_modules\semver\ranges\outside.js,.js,2204
node_modules\.pnpm\node_modules\semver\ranges\simplify.js,.js,1355
node_modules\.pnpm\node_modules\semver\ranges\subset.js,.js,7478
node_modules\.pnpm\node_modules\semver\ranges\to-comparators.js,.js,282
node_modules\.pnpm\node_modules\semver\ranges\valid.js,.js,326
node_modules\.pnpm\node_modules\semver\README.md,.md,25669
node_modules\.pnpm\node_modules\setimmediate\LICENSE.txt,.txt,1103
node_modules\.pnpm\node_modules\setimmediate\package.json,.json,980
node_modules\.pnpm\node_modules\setimmediate\setImmediate.js,.js,6475
node_modules\.pnpm\node_modules\string_decoder\lib\string_decoder.js,.js,9465
node_modules\.pnpm\node_modules\string_decoder\package.json,.json,795
node_modules\.pnpm\node_modules\string_decoder\README.md,.md,1801
node_modules\.pnpm\node_modules\tesseract.js-core\index.js,.js,118
node_modules\.pnpm\node_modules\tesseract.js-core\package.json,.json,1784
node_modules\.pnpm\node_modules\tesseract.js-core\README.md,.md,4562
node_modules\.pnpm\node_modules\tesseract.js-core\tesseract-core-lstm.js,.js,89261
node_modules\.pnpm\node_modules\tesseract.js-core\tesseract-core-lstm.wasm.js,.js,3896484
node_modules\.pnpm\node_modules\tesseract.js-core\tesseract-core-relaxedsimd-lstm.js,.js,89360
node_modules\.pnpm\node_modules\tesseract.js-core\tesseract-core-relaxedsimd-lstm.wasm.js,.js,3905767
node_modules\.pnpm\node_modules\tesseract.js-core\tesseract-core-relaxedsimd.js,.js,89066
node_modules\.pnpm\node_modules\tesseract.js-core\tesseract-core-relaxedsimd.wasm.js,.js,4697227
node_modules\.pnpm\node_modules\tesseract.js-core\tesseract-core-simd-lstm.js,.js,89271
node_modules\.pnpm\node_modules\tesseract.js-core\tesseract-core-simd-lstm.wasm.js,.js,3899472
node_modules\.pnpm\node_modules\tesseract.js-core\tesseract-core-simd.js,.js,88977
node_modules\.pnpm\node_modules\tesseract.js-core\tesseract-core-simd.wasm.js,.js,4690932
node_modules\.pnpm\node_modules\tesseract.js-core\tesseract-core.js,.js,88967
node_modules\.pnpm\node_modules\tesseract.js-core\tesseract-core.wasm.js,.js,4687944
node_modules\.pnpm\node_modules\tr46\index.js,.js,7567
node_modules\.pnpm\node_modules\tr46\lib\mappingTable.json,.json,260049
node_modules\.pnpm\node_modules\tr46\package.json,.json,732
node_modules\.pnpm\node_modules\tslib\CopyrightNotice.txt,.txt,824
node_modules\.pnpm\node_modules\tslib\LICENSE.txt,.txt,655
node_modules\.pnpm\node_modules\tslib\modules\index.js,.js,943
node_modules\.pnpm\node_modules\tslib\modules\package.json,.json,26
node_modules\.pnpm\node_modules\tslib\package.json,.json,915
node_modules\.pnpm\node_modules\tslib\README.md,.md,3447
node_modules\.pnpm\node_modules\tslib\test\validateModuleExportsMatchCommonJS\index.js,.js,824
node_modules\.pnpm\node_modules\tslib\test\validateModuleExportsMatchCommonJS\package.json,.json,71
node_modules\.pnpm\node_modules\tslib\tslib.es6.js,.js,10274
node_modules\.pnpm\node_modules\tslib\tslib.js,.js,13204
node_modules\.pnpm\node_modules\undici-types\package.json,.json,1193
node_modules\.pnpm\node_modules\undici-types\README.md,.md,455
node_modules\.pnpm\node_modules\util-deprecate\browser.js,.js,1614
node_modules\.pnpm\node_modules\util-deprecate\History.md,.md,282
node_modules\.pnpm\node_modules\util-deprecate\node.js,.js,123
node_modules\.pnpm\node_modules\util-deprecate\package.json,.json,694
node_modules\.pnpm\node_modules\util-deprecate\README.md,.md,1666
node_modules\.pnpm\node_modules\wasm-feature-detect\dist\esm\index.js,.js,3199
node_modules\.pnpm\node_modules\wasm-feature-detect\dist\umd\index.js,.js,3439
node_modules\.pnpm\node_modules\wasm-feature-detect\package.json,.json,1859
node_modules\.pnpm\node_modules\wasm-feature-detect\README.md,.md,5967
node_modules\.pnpm\node_modules\webidl-conversions\lib\index.js,.js,5056
node_modules\.pnpm\node_modules\webidl-conversions\LICENSE.md,.md,1323
node_modules\.pnpm\node_modules\webidl-conversions\package.json,.json,511
node_modules\.pnpm\node_modules\webidl-conversions\README.md,.md,5480
node_modules\.pnpm\node_modules\whatwg-url\lib\public-api.js,.js,625
node_modules\.pnpm\node_modules\whatwg-url\lib\URL-impl.js,.js,3804
node_modules\.pnpm\node_modules\whatwg-url\lib\url-state-machine.js,.js,33573
node_modules\.pnpm\node_modules\whatwg-url\lib\URL.js,.js,4212
node_modules\.pnpm\node_modules\whatwg-url\lib\utils.js,.js,562
node_modules\.pnpm\node_modules\whatwg-url\LICENSE.txt,.txt,1088
node_modules\.pnpm\node_modules\whatwg-url\package.json,.json,886
node_modules\.pnpm\node_modules\whatwg-url\README.md,.md,5136
node_modules\.pnpm\node_modules\xml\examples\examples.js,.js,2753
node_modules\.pnpm\node_modules\xml\examples\server.js,.js,706
node_modules\.pnpm\node_modules\xml\lib\escapeForXML.js,.js,358
node_modules\.pnpm\node_modules\xml\lib\xml.js,.js,7208
node_modules\.pnpm\node_modules\xml\package.json,.json,960
node_modules\.pnpm\node_modules\xml\readme.md,.md,4806
node_modules\.pnpm\node_modules\xml\test\xml.test.js,.js,5406
node_modules\.pnpm\node_modules\xml-js\bin\cli-helper.js,.js,1807
node_modules\.pnpm\node_modules\xml-js\bin\cli.js,.js,5361
node_modules\.pnpm\node_modules\xml-js\bin\test.json,.json,536
node_modules\.pnpm\node_modules\xml-js\dist\xml-js.js,.js,249255
node_modules\.pnpm\node_modules\xml-js\dist\xml-js.min.js,.js,92892
node_modules\.pnpm\node_modules\xml-js\index.js,.js,36
node_modules\.pnpm\node_modules\xml-js\lib\array-helper.js,.js,253
node_modules\.pnpm\node_modules\xml-js\lib\index.js,.js,282
node_modules\.pnpm\node_modules\xml-js\lib\js2xml.js,.js,13321
node_modules\.pnpm\node_modules\xml-js\lib\json2xml.js,.js,399
node_modules\.pnpm\node_modules\xml-js\lib\options-helper.js,.js,1161
node_modules\.pnpm\node_modules\xml-js\lib\xml2js.js,.js,11945
node_modules\.pnpm\node_modules\xml-js\lib\xml2json.js,.js,852
node_modules\.pnpm\node_modules\xml-js\package.json,.json,4604
node_modules\.pnpm\node_modules\xml-js\README.md,.md,28321
node_modules\.pnpm\node_modules\xml-js\types\tsconfig.json,.json,254
node_modules\.pnpm\node_modules\xml-js\types\typings.json,.json,49
node_modules\.pnpm\node_modules\xml-js\webpack.config.js,.js,653
node_modules\.pnpm\node_modules\zlibjs\bin\crc32.dev.min.js,.js,87511
node_modules\.pnpm\node_modules\zlibjs\bin\crc32.min.js,.js,3811
node_modules\.pnpm\node_modules\zlibjs\bin\deflate.dev.min.js,.js,200641
node_modules\.pnpm\node_modules\zlibjs\bin\deflate.min.js,.js,11601
node_modules\.pnpm\node_modules\zlibjs\bin\gunzip.dev.min.js,.js,238876
node_modules\.pnpm\node_modules\zlibjs\bin\gunzip.min.js,.js,12372
node_modules\.pnpm\node_modules\zlibjs\bin\gzip.dev.min.js,.js,214483
node_modules\.pnpm\node_modules\zlibjs\bin\gzip.min.js,.js,14671
node_modules\.pnpm\node_modules\zlibjs\bin\inflate.dev.min.js,.js,146824
node_modules\.pnpm\node_modules\zlibjs\bin\inflate.min.js,.js,6980
node_modules\.pnpm\node_modules\zlibjs\bin\inflate_stream.dev.min.js,.js,137921
node_modules\.pnpm\node_modules\zlibjs\bin\inflate_stream.min.js,.js,6233
node_modules\.pnpm\node_modules\zlibjs\bin\node-zlib.dev.js,.js,329598
node_modules\.pnpm\node_modules\zlibjs\bin\node-zlib.js,.js,24166
node_modules\.pnpm\node_modules\zlibjs\bin\rawdeflate.dev.min.js,.js,184950
node_modules\.pnpm\node_modules\zlibjs\bin\rawdeflate.min.js,.js,10354
node_modules\.pnpm\node_modules\zlibjs\bin\rawinflate.dev.min.js,.js,134701
node_modules\.pnpm\node_modules\zlibjs\bin\rawinflate.min.js,.js,6049
node_modules\.pnpm\node_modules\zlibjs\bin\unzip.dev.min.js,.js,280635
node_modules\.pnpm\node_modules\zlibjs\bin\unzip.min.js,.js,14811
node_modules\.pnpm\node_modules\zlibjs\bin\zip.dev.min.js,.js,246025
node_modules\.pnpm\node_modules\zlibjs\bin\zip.min.js,.js,17305
node_modules\.pnpm\node_modules\zlibjs\bin\zlib.dev.min.js,.js,272039
node_modules\.pnpm\node_modules\zlibjs\bin\zlib.min.js,.js,17831
node_modules\.pnpm\node_modules\zlibjs\bin\zlib.pretty.dev.js,.js,614245
node_modules\.pnpm\node_modules\zlibjs\bin\zlib.pretty.js,.js,124861
node_modules\.pnpm\node_modules\zlibjs\bin\zlib_and_gzip.dev.min.js,.js,325074
node_modules\.pnpm\node_modules\zlibjs\bin\zlib_and_gzip.min.js,.js,24502
node_modules\.pnpm\node_modules\zlibjs\ChangeLog.md,.md,3693
node_modules\.pnpm\node_modules\zlibjs\package.json,.json,1387
node_modules\.pnpm\node_modules\zlibjs\README.en.md,.md,6452
node_modules\.pnpm\node_modules\zlibjs\README.md,.md,9668
node_modules\.pnpm\opencollective-postinstall@2.0.3\node_modules\opencollective-postinstall\index.js,.js,793
node_modules\.pnpm\opencollective-postinstall@2.0.3\node_modules\opencollective-postinstall\package.json,.json,787
node_modules\.pnpm\opencollective-postinstall@2.0.3\node_modules\opencollective-postinstall\README.md,.md,1035
node_modules\.pnpm\pako@1.0.11\node_modules\pako\CHANGELOG.md,.md,4138
node_modules\.pnpm\pako@1.0.11\node_modules\pako\dist\pako.js,.js,221496
node_modules\.pnpm\pako@1.0.11\node_modules\pako\dist\pako.min.js,.js,45988
node_modules\.pnpm\pako@1.0.11\node_modules\pako\dist\pako_deflate.js,.js,128125
node_modules\.pnpm\pako@1.0.11\node_modules\pako\dist\pako_deflate.min.js,.js,27503
node_modules\.pnpm\pako@1.0.11\node_modules\pako\dist\pako_inflate.js,.js,108583
node_modules\.pnpm\pako@1.0.11\node_modules\pako\dist\pako_inflate.min.js,.js,22682
node_modules\.pnpm\pako@1.0.11\node_modules\pako\index.js,.js,347
node_modules\.pnpm\pako@1.0.11\node_modules\pako\lib\deflate.js,.js,11074
node_modules\.pnpm\pako@1.0.11\node_modules\pako\lib\inflate.js,.js,12412
node_modules\.pnpm\pako@1.0.11\node_modules\pako\lib\utils\common.js,.js,2444
node_modules\.pnpm\pako@1.0.11\node_modules\pako\lib\utils\strings.js,.js,5293
node_modules\.pnpm\pako@1.0.11\node_modules\pako\lib\zlib\adler32.js,.js,1656
node_modules\.pnpm\pako@1.0.11\node_modules\pako\lib\zlib\constants.js,.js,2312
node_modules\.pnpm\pako@1.0.11\node_modules\pako\lib\zlib\crc32.js,.js,1750
node_modules\.pnpm\pako@1.0.11\node_modules\pako\lib\zlib\deflate.js,.js,61184
node_modules\.pnpm\pako@1.0.11\node_modules\pako\lib\zlib\gzheader.js,.js,2240
node_modules\.pnpm\pako@1.0.11\node_modules\pako\lib\zlib\inffast.js,.js,12668
node_modules\.pnpm\pako@1.0.11\node_modules\pako\lib\zlib\inflate.js,.js,50284
node_modules\.pnpm\pako@1.0.11\node_modules\pako\lib\zlib\inftrees.js,.js,12500
node_modules\.pnpm\pako@1.0.11\node_modules\pako\lib\zlib\messages.js,.js,1538
node_modules\.pnpm\pako@1.0.11\node_modules\pako\lib\zlib\trees.js,.js,39879
node_modules\.pnpm\pako@1.0.11\node_modules\pako\lib\zlib\zstream.js,.js,1811
node_modules\.pnpm\pako@1.0.11\node_modules\pako\package.json,.json,1026
node_modules\.pnpm\pako@1.0.11\node_modules\pako\README.md,.md,6066
node_modules\.pnpm\pdf-lib@1.17.1\node_modules\@pdf-lib\standard-fonts\dist\standard-fonts.js,.js,359988
node_modules\.pnpm\pdf-lib@1.17.1\node_modules\@pdf-lib\standard-fonts\dist\standard-fonts.min.js,.js,174722
node_modules\.pnpm\pdf-lib@1.17.1\node_modules\@pdf-lib\standard-fonts\es\all-encodings.compressed.json,.json,6083
node_modules\.pnpm\pdf-lib@1.17.1\node_modules\@pdf-lib\standard-fonts\es\Courier-Bold.compressed.json,.json,2091
node_modules\.pnpm\pdf-lib@1.17.1\node_modules\@pdf-lib\standard-fonts\es\Courier-BoldOblique.compressed.json,.json,2103
node_modules\.pnpm\pdf-lib@1.17.1\node_modules\@pdf-lib\standard-fonts\es\Courier-Oblique.compressed.json,.json,2099
node_modules\.pnpm\pdf-lib@1.17.1\node_modules\@pdf-lib\standard-fonts\es\Courier.compressed.json,.json,2083
node_modules\.pnpm\pdf-lib@1.17.1\node_modules\@pdf-lib\standard-fonts\es\Encoding.js,.js,1522
node_modules\.pnpm\pdf-lib@1.17.1\node_modules\@pdf-lib\standard-fonts\es\Font.js,.js,3707
node_modules\.pnpm\pdf-lib@1.17.1\node_modules\@pdf-lib\standard-fonts\es\Helvetica-Bold.compressed.json,.json,14119
node_modules\.pnpm\pdf-lib@1.17.1\node_modules\@pdf-lib\standard-fonts\es\Helvetica-BoldOblique.compressed.json,.json,14139
node_modules\.pnpm\pdf-lib@1.17.1\node_modules\@pdf-lib\standard-fonts\es\Helvetica-Oblique.compressed.json,.json,14923
node_modules\.pnpm\pdf-lib@1.17.1\node_modules\@pdf-lib\standard-fonts\es\Helvetica.compressed.json,.json,14907
node_modules\.pnpm\pdf-lib@1.17.1\node_modules\@pdf-lib\standard-fonts\es\index.js,.js,52
node_modules\.pnpm\pdf-lib@1.17.1\node_modules\@pdf-lib\standard-fonts\es\Symbol.compressed.json,.json,2055
node_modules\.pnpm\pdf-lib@1.17.1\node_modules\@pdf-lib\standard-fonts\es\Times-Bold.compressed.json,.json,13099
node_modules\.pnpm\pdf-lib@1.17.1\node_modules\@pdf-lib\standard-fonts\es\Times-BoldItalic.compressed.json,.json,12135
node_modules\.pnpm\pdf-lib@1.17.1\node_modules\@pdf-lib\standard-fonts\es\Times-Italic.compressed.json,.json,13395
node_modules\.pnpm\pdf-lib@1.17.1\node_modules\@pdf-lib\standard-fonts\es\Times-Roman.compressed.json,.json,12511
node_modules\.pnpm\pdf-lib@1.17.1\node_modules\@pdf-lib\standard-fonts\es\utils.js,.js,1950
node_modules\.pnpm\pdf-lib@1.17.1\node_modules\@pdf-lib\standard-fonts\es\ZapfDingbats.compressed.json,.json,1659
node_modules\.pnpm\pdf-lib@1.17.1\node_modules\@pdf-lib\standard-fonts\lib\all-encodings.compressed.json,.json,6083
node_modules\.pnpm\pdf-lib@1.17.1\node_modules\@pdf-lib\standard-fonts\lib\Courier-Bold.compressed.json,.json,2091
node_modules\.pnpm\pdf-lib@1.17.1\node_modules\@pdf-lib\standard-fonts\lib\Courier-BoldOblique.compressed.json,.json,2103
node_modules\.pnpm\pdf-lib@1.17.1\node_modules\@pdf-lib\standard-fonts\lib\Courier-Oblique.compressed.json,.json,2099
node_modules\.pnpm\pdf-lib@1.17.1\node_modules\@pdf-lib\standard-fonts\lib\Courier.compressed.json,.json,2083
node_modules\.pnpm\pdf-lib@1.17.1\node_modules\@pdf-lib\standard-fonts\lib\Encoding.js,.js,1779
node_modules\.pnpm\pdf-lib@1.17.1\node_modules\@pdf-lib\standard-fonts\lib\Font.js,.js,4584
node_modules\.pnpm\pdf-lib@1.17.1\node_modules\@pdf-lib\standard-fonts\lib\Helvetica-Bold.compressed.json,.json,14119
node_modules\.pnpm\pdf-lib@1.17.1\node_modules\@pdf-lib\standard-fonts\lib\Helvetica-BoldOblique.compressed.json,.json,14139
node_modules\.pnpm\pdf-lib@1.17.1\node_modules\@pdf-lib\standard-fonts\lib\Helvetica-Oblique.compressed.json,.json,14923
node_modules\.pnpm\pdf-lib@1.17.1\node_modules\@pdf-lib\standard-fonts\lib\Helvetica.compressed.json,.json,14907
node_modules\.pnpm\pdf-lib@1.17.1\node_modules\@pdf-lib\standard-fonts\lib\index.js,.js,236
node_modules\.pnpm\pdf-lib@1.17.1\node_modules\@pdf-lib\standard-fonts\lib\Symbol.compressed.json,.json,2055
node_modules\.pnpm\pdf-lib@1.17.1\node_modules\@pdf-lib\standard-fonts\lib\Times-Bold.compressed.json,.json,13099
node_modules\.pnpm\pdf-lib@1.17.1\node_modules\@pdf-lib\standard-fonts\lib\Times-BoldItalic.compressed.json,.json,12135
node_modules\.pnpm\pdf-lib@1.17.1\node_modules\@pdf-lib\standard-fonts\lib\Times-Italic.compressed.json,.json,13395
node_modules\.pnpm\pdf-lib@1.17.1\node_modules\@pdf-lib\standard-fonts\lib\Times-Roman.compressed.json,.json,12511
node_modules\.pnpm\pdf-lib@1.17.1\node_modules\@pdf-lib\standard-fonts\lib\utils.js,.js,2197
node_modules\.pnpm\pdf-lib@1.17.1\node_modules\@pdf-lib\standard-fonts\lib\ZapfDingbats.compressed.json,.json,1659
node_modules\.pnpm\pdf-lib@1.17.1\node_modules\@pdf-lib\standard-fonts\LICENSE.md,.md,1070
node_modules\.pnpm\pdf-lib@1.17.1\node_modules\@pdf-lib\standard-fonts\package.json,.json,1588
node_modules\.pnpm\pdf-lib@1.17.1\node_modules\@pdf-lib\standard-fonts\README.md,.md,2852
node_modules\.pnpm\pdf-lib@1.17.1\node_modules\@pdf-lib\upng\cjs\UPNG.js,.js,54151
node_modules\.pnpm\pdf-lib@1.17.1\node_modules\@pdf-lib\upng\dist\UPNG.js,.js,269521
node_modules\.pnpm\pdf-lib@1.17.1\node_modules\@pdf-lib\upng\dist\UPNG.min.js,.js,269521
node_modules\.pnpm\pdf-lib@1.17.1\node_modules\@pdf-lib\upng\package.json,.json,1493
node_modules\.pnpm\pdf-lib@1.17.1\node_modules\@pdf-lib\upng\README.md,.md,7328
node_modules\.pnpm\pdf-lib@1.17.1\node_modules\@pdf-lib\upng\UPNG.js,.js,42677
node_modules\.pnpm\pdf-lib@1.17.1\node_modules\pako\CHANGELOG.md,.md,4138
node_modules\.pnpm\pdf-lib@1.17.1\node_modules\pako\dist\pako.js,.js,221496
node_modules\.pnpm\pdf-lib@1.17.1\node_modules\pako\dist\pako.min.js,.js,45988
node_modules\.pnpm\pdf-lib@1.17.1\node_modules\pako\dist\pako_deflate.js,.js,128125
node_modules\.pnpm\pdf-lib@1.17.1\node_modules\pako\dist\pako_deflate.min.js,.js,27503
node_modules\.pnpm\pdf-lib@1.17.1\node_modules\pako\dist\pako_inflate.js,.js,108583
node_modules\.pnpm\pdf-lib@1.17.1\node_modules\pako\dist\pako_inflate.min.js,.js,22682
node_modules\.pnpm\pdf-lib@1.17.1\node_modules\pako\index.js,.js,347
node_modules\.pnpm\pdf-lib@1.17.1\node_modules\pako\lib\deflate.js,.js,11074
node_modules\.pnpm\pdf-lib@1.17.1\node_modules\pako\lib\inflate.js,.js,12412
node_modules\.pnpm\pdf-lib@1.17.1\node_modules\pako\lib\utils\common.js,.js,2444
node_modules\.pnpm\pdf-lib@1.17.1\node_modules\pako\lib\utils\strings.js,.js,5293
node_modules\.pnpm\pdf-lib@1.17.1\node_modules\pako\lib\zlib\adler32.js,.js,1656
node_modules\.pnpm\pdf-lib@1.17.1\node_modules\pako\lib\zlib\constants.js,.js,2312
node_modules\.pnpm\pdf-lib@1.17.1\node_modules\pako\lib\zlib\crc32.js,.js,1750
node_modules\.pnpm\pdf-lib@1.17.1\node_modules\pako\lib\zlib\deflate.js,.js,61184
node_modules\.pnpm\pdf-lib@1.17.1\node_modules\pako\lib\zlib\gzheader.js,.js,2240
node_modules\.pnpm\pdf-lib@1.17.1\node_modules\pako\lib\zlib\inffast.js,.js,12668
node_modules\.pnpm\pdf-lib@1.17.1\node_modules\pako\lib\zlib\inflate.js,.js,50284
node_modules\.pnpm\pdf-lib@1.17.1\node_modules\pako\lib\zlib\inftrees.js,.js,12500
node_modules\.pnpm\pdf-lib@1.17.1\node_modules\pako\lib\zlib\messages.js,.js,1538
node_modules\.pnpm\pdf-lib@1.17.1\node_modules\pako\lib\zlib\trees.js,.js,39879
node_modules\.pnpm\pdf-lib@1.17.1\node_modules\pako\lib\zlib\zstream.js,.js,1811
node_modules\.pnpm\pdf-lib@1.17.1\node_modules\pako\package.json,.json,1026
node_modules\.pnpm\pdf-lib@1.17.1\node_modules\pako\README.md,.md,6066
node_modules\.pnpm\pdf-lib@1.17.1\node_modules\pdf-lib\cjs\api\colors.js,.js,3243
node_modules\.pnpm\pdf-lib@1.17.1\node_modules\pdf-lib\cjs\api\Embeddable.js,.js,115
node_modules\.pnpm\pdf-lib@1.17.1\node_modules\pdf-lib\cjs\api\errors.js,.js,8363
node_modules\.pnpm\pdf-lib@1.17.1\node_modules\pdf-lib\cjs\api\form\appearances.js,.js,21983
node_modules\.pnpm\pdf-lib@1.17.1\node_modules\pdf-lib\cjs\api\form\index.js,.js,1690
node_modules\.pnpm\pdf-lib@1.17.1\node_modules\pdf-lib\cjs\api\form\PDFButton.js,.js,10888
node_modules\.pnpm\pdf-lib@1.17.1\node_modules\pdf-lib\cjs\api\form\PDFCheckBox.js,.js,10310
node_modules\.pnpm\pdf-lib@1.17.1\node_modules\pdf-lib\cjs\api\form\PDFDropdown.js,.js,25916
node_modules\.pnpm\pdf-lib@1.17.1\node_modules\pdf-lib\cjs\api\form\PDFField.js,.js,17452
node_modules\.pnpm\pdf-lib@1.17.1\node_modules\pdf-lib\cjs\api\form\PDFForm.js,.js,31024
node_modules\.pnpm\pdf-lib@1.17.1\node_modules\pdf-lib\cjs\api\form\PDFOptionList.js,.js,22518
node_modules\.pnpm\pdf-lib@1.17.1\node_modules\pdf-lib\cjs\api\form\PDFRadioGroup.js,.js,19710
node_modules\.pnpm\pdf-lib@1.17.1\node_modules\pdf-lib\cjs\api\form\PDFSignature.js,.js,1805
node_modules\.pnpm\pdf-lib@1.17.1\node_modules\pdf-lib\cjs\api\form\PDFTextField.js,.js,32764
node_modules\.pnpm\pdf-lib@1.17.1\node_modules\pdf-lib\cjs\api\image\alignment.js,.js,451
node_modules\.pnpm\pdf-lib@1.17.1\node_modules\pdf-lib\cjs\api\image\index.js,.js,197
node_modules\.pnpm\pdf-lib@1.17.1\node_modules\pdf-lib\cjs\api\index.js,.js,1832
node_modules\.pnpm\pdf-lib@1.17.1\node_modules\pdf-lib\cjs\api\objects.js,.js,556
node_modules\.pnpm\pdf-lib@1.17.1\node_modules\pdf-lib\cjs\api\operations.js,.js,21418
node_modules\.pnpm\pdf-lib@1.17.1\node_modules\pdf-lib\cjs\api\operators.js,.js,13565
node_modules\.pnpm\pdf-lib@1.17.1\node_modules\pdf-lib\cjs\api\PDFDocument.js,.js,62271
node_modules\.pnpm\pdf-lib@1.17.1\node_modules\pdf-lib\cjs\api\PDFDocumentOptions.js,.js,493
node_modules\.pnpm\pdf-lib@1.17.1\node_modules\pdf-lib\cjs\api\PDFEmbeddedFile.js,.js,4107
node_modules\.pnpm\pdf-lib@1.17.1\node_modules\pdf-lib\cjs\api\PDFEmbeddedPage.js,.js,3823
node_modules\.pnpm\pdf-lib@1.17.1\node_modules\pdf-lib\cjs\api\PDFFont.js,.js,5746
node_modules\.pnpm\pdf-lib@1.17.1\node_modules\pdf-lib\cjs\api\PDFImage.js,.js,5443
node_modules\.pnpm\pdf-lib@1.17.1\node_modules\pdf-lib\cjs\api\PDFJavaScript.js,.js,3365
node_modules\.pnpm\pdf-lib@1.17.1\node_modules\pdf-lib\cjs\api\PDFPage.js,.js,61873
node_modules\.pnpm\pdf-lib@1.17.1\node_modules\pdf-lib\cjs\api\PDFPageOptions.js,.js,729
node_modules\.pnpm\pdf-lib@1.17.1\node_modules\pdf-lib\cjs\api\rotations.js,.js,3224
node_modules\.pnpm\pdf-lib@1.17.1\node_modules\pdf-lib\cjs\api\sizes.js,.js,1530
node_modules\.pnpm\pdf-lib@1.17.1\node_modules\pdf-lib\cjs\api\StandardFonts.js,.js,1031
node_modules\.pnpm\pdf-lib@1.17.1\node_modules\pdf-lib\cjs\api\svgPath.js,.js,10645
node_modules\.pnpm\pdf-lib@1.17.1\node_modules\pdf-lib\cjs\api\text\alignment.js,.js,439
node_modules\.pnpm\pdf-lib@1.17.1\node_modules\pdf-lib\cjs\api\text\index.js,.js,249
node_modules\.pnpm\pdf-lib@1.17.1\node_modules\pdf-lib\cjs\api\text\layout.js,.js,8793
node_modules\.pnpm\pdf-lib@1.17.1\node_modules\pdf-lib\cjs\core\acroform\flags.js,.js,7652
node_modules\.pnpm\pdf-lib@1.17.1\node_modules\pdf-lib\cjs\core\acroform\index.js,.js,2595
node_modules\.pnpm\pdf-lib@1.17.1\node_modules\pdf-lib\cjs\core\acroform\PDFAcroButton.js,.js,4255
node_modules\.pnpm\pdf-lib@1.17.1\node_modules\pdf-lib\cjs\core\acroform\PDFAcroCheckBox.js,.js,2069
node_modules\.pnpm\pdf-lib@1.17.1\node_modules\pdf-lib\cjs\core\acroform\PDFAcroChoice.js,.js,5789
node_modules\.pnpm\pdf-lib@1.17.1\node_modules\pdf-lib\cjs\core\acroform\PDFAcroComboBox.js,.js,960
node_modules\.pnpm\pdf-lib@1.17.1\node_modules\pdf-lib\cjs\core\acroform\PDFAcroField.js,.js,6382
node_modules\.pnpm\pdf-lib@1.17.1\node_modules\pdf-lib\cjs\core\acroform\PDFAcroForm.js,.js,3254
node_modules\.pnpm\pdf-lib@1.17.1\node_modules\pdf-lib\cjs\core\acroform\PDFAcroListBox.js,.js,869
node_modules\.pnpm\pdf-lib@1.17.1\node_modules\pdf-lib\cjs\core\acroform\PDFAcroNonTerminal.js,.js,1392
node_modules\.pnpm\pdf-lib@1.17.1\node_modules\pdf-lib\cjs\core\acroform\PDFAcroPushButton.js,.js,986
node_modules\.pnpm\pdf-lib@1.17.1\node_modules\pdf-lib\cjs\core\acroform\PDFAcroRadioButton.js,.js,2278
node_modules\.pnpm\pdf-lib@1.17.1\node_modules\pdf-lib\cjs\core\acroform\PDFAcroSignature.js,.js,658
node_modules\.pnpm\pdf-lib@1.17.1\node_modules\pdf-lib\cjs\core\acroform\PDFAcroTerminal.js,.js,3030
node_modules\.pnpm\pdf-lib@1.17.1\node_modules\pdf-lib\cjs\core\acroform\PDFAcroText.js,.js,3095
node_modules\.pnpm\pdf-lib@1.17.1\node_modules\pdf-lib\cjs\core\acroform\utils.js,.js,6068
node_modules\.pnpm\pdf-lib@1.17.1\node_modules\pdf-lib\cjs\core\annotation\AppearanceCharacteristics.js,.js,5172
node_modules\.pnpm\pdf-lib@1.17.1\node_modules\pdf-lib\cjs\core\annotation\BorderStyle.js,.js,1165
node_modules\.pnpm\pdf-lib@1.17.1\node_modules\pdf-lib\cjs\core\annotation\flags.js,.js,4273
node_modules\.pnpm\pdf-lib@1.17.1\node_modules\pdf-lib\cjs\core\annotation\index.js,.js,790
node_modules\.pnpm\pdf-lib@1.17.1\node_modules\pdf-lib\cjs\core\annotation\PDFAnnotation.js,.js,5548
node_modules\.pnpm\pdf-lib@1.17.1\node_modules\pdf-lib\cjs\core\annotation\PDFWidgetAnnotation.js,.js,4606
node_modules\.pnpm\pdf-lib@1.17.1\node_modules\pdf-lib\cjs\core\document\PDFCrossRefSection.js,.js,5666
node_modules\.pnpm\pdf-lib@1.17.1\node_modules\pdf-lib\cjs\core\document\PDFHeader.js,.js,1740
node_modules\.pnpm\pdf-lib@1.17.1\node_modules\pdf-lib\cjs\core\document\PDFTrailer.js,.js,1868
node_modules\.pnpm\pdf-lib@1.17.1\node_modules\pdf-lib\cjs\core\document\PDFTrailerDict.js,.js,1329
node_modules\.pnpm\pdf-lib@1.17.1\node_modules\pdf-lib\cjs\core\embedders\CMap.js,.js,2207
node_modules\.pnpm\pdf-lib@1.17.1\node_modules\pdf-lib\cjs\core\embedders\CustomFontEmbedder.js,.js,11604
node_modules\.pnpm\pdf-lib@1.17.1\node_modules\pdf-lib\cjs\core\embedders\CustomFontSubsetEmbedder.js,.js,3241
node_modules\.pnpm\pdf-lib@1.17.1\node_modules\pdf-lib\cjs\core\embedders\FileEmbedder.js,.js,3654
node_modules\.pnpm\pdf-lib@1.17.1\node_modules\pdf-lib\cjs\core\embedders\FontFlags.js,.js,1220
node_modules\.pnpm\pdf-lib@1.17.1\node_modules\pdf-lib\cjs\core\embedders\JavaScriptEmbedder.js,.js,1405
node_modules\.pnpm\pdf-lib@1.17.1\node_modules\pdf-lib\cjs\core\embedders\JpegEmbedder.js,.js,4421
node_modules\.pnpm\pdf-lib@1.17.1\node_modules\pdf-lib\cjs\core\embedders\PDFPageEmbedder.js,.js,4625
node_modules\.pnpm\pdf-lib@1.17.1\node_modules\pdf-lib\cjs\core\embedders\PngEmbedder.js,.js,2636
node_modules\.pnpm\pdf-lib@1.17.1\node_modules\pdf-lib\cjs\core\embedders\StandardFontEmbedder.js,.js,4472
node_modules\.pnpm\pdf-lib@1.17.1\node_modules\pdf-lib\cjs\core\errors.js,.js,15100
node_modules\.pnpm\pdf-lib@1.17.1\node_modules\pdf-lib\cjs\core\index.js,.js,8983
node_modules\.pnpm\pdf-lib@1.17.1\node_modules\pdf-lib\cjs\core\interactive\ViewerPreferences.js,.js,22141
node_modules\.pnpm\pdf-lib@1.17.1\node_modules\pdf-lib\cjs\core\objects\PDFArray.js,.js,4621
node_modules\.pnpm\pdf-lib@1.17.1\node_modules\pdf-lib\cjs\core\objects\PDFBool.js,.js,1868
node_modules\.pnpm\pdf-lib@1.17.1\node_modules\pdf-lib\cjs\core\objects\PDFDict.js,.js,5746
node_modules\.pnpm\pdf-lib@1.17.1\node_modules\pdf-lib\cjs\core\objects\PDFHexString.js,.js,2910
node_modules\.pnpm\pdf-lib@1.17.1\node_modules\pdf-lib\cjs\core\objects\PDFInvalidObject.js,.js,1233
node_modules\.pnpm\pdf-lib@1.17.1\node_modules\pdf-lib\cjs\core\objects\PDFName.js,.js,5454
node_modules\.pnpm\pdf-lib@1.17.1\node_modules\pdf-lib\cjs\core\objects\PDFNull.js,.js,1145
node_modules\.pnpm\pdf-lib@1.17.1\node_modules\pdf-lib\cjs\core\objects\PDFNumber.js,.js,1415
node_modules\.pnpm\pdf-lib@1.17.1\node_modules\pdf-lib\cjs\core\objects\PDFObject.js,.js,900
node_modules\.pnpm\pdf-lib@1.17.1\node_modules\pdf-lib\cjs\core\objects\PDFRawStream.js,.js,1262
node_modules\.pnpm\pdf-lib@1.17.1\node_modules\pdf-lib\cjs\core\objects\PDFRef.js,.js,1730
node_modules\.pnpm\pdf-lib@1.17.1\node_modules\pdf-lib\cjs\core\objects\PDFStream.js,.js,3339
node_modules\.pnpm\pdf-lib@1.17.1\node_modules\pdf-lib\cjs\core\objects\PDFString.js,.js,5048
node_modules\.pnpm\pdf-lib@1.17.1\node_modules\pdf-lib\cjs\core\operators\PDFOperator.js,.js,2258
node_modules\.pnpm\pdf-lib@1.17.1\node_modules\pdf-lib\cjs\core\operators\PDFOperatorNames.js,.js,4054
node_modules\.pnpm\pdf-lib@1.17.1\node_modules\pdf-lib\cjs\core\parser\BaseParser.js,.js,4299
node_modules\.pnpm\pdf-lib@1.17.1\node_modules\pdf-lib\cjs\core\parser\ByteStream.js,.js,2184
node_modules\.pnpm\pdf-lib@1.17.1\node_modules\pdf-lib\cjs\core\parser\PDFObjectParser.js,.js,10969
node_modules\.pnpm\pdf-lib@1.17.1\node_modules\pdf-lib\cjs\core\parser\PDFObjectStreamParser.js,.js,3776
node_modules\.pnpm\pdf-lib@1.17.1\node_modules\pdf-lib\cjs\core\parser\PDFParser.js,.js,16906
node_modules\.pnpm\pdf-lib@1.17.1\node_modules\pdf-lib\cjs\core\parser\PDFXRefStreamParser.js,.js,4487
node_modules\.pnpm\pdf-lib@1.17.1\node_modules\pdf-lib\cjs\core\PDFContext.js,.js,8982
node_modules\.pnpm\pdf-lib@1.17.1\node_modules\pdf-lib\cjs\core\PDFObjectCopier.js,.js,5837
node_modules\.pnpm\pdf-lib@1.17.1\node_modules\pdf-lib\cjs\core\streams\Ascii85Stream.js,.js,2876
node_modules\.pnpm\pdf-lib@1.17.1\node_modules\pdf-lib\cjs\core\streams\AsciiHexStream.js,.js,2651
node_modules\.pnpm\pdf-lib@1.17.1\node_modules\pdf-lib\cjs\core\streams\decode.js,.js,2818
node_modules\.pnpm\pdf-lib@1.17.1\node_modules\pdf-lib\cjs\core\streams\DecodeStream.js,.js,5062
node_modules\.pnpm\pdf-lib@1.17.1\node_modules\pdf-lib\cjs\core\streams\FlateStream.js,.js,16547
node_modules\.pnpm\pdf-lib@1.17.1\node_modules\pdf-lib\cjs\core\streams\LZWStream.js,.js,5461
node_modules\.pnpm\pdf-lib@1.17.1\node_modules\pdf-lib\cjs\core\streams\RunLengthStream.js,.js,2184
node_modules\.pnpm\pdf-lib@1.17.1\node_modules\pdf-lib\cjs\core\streams\Stream.js,.js,3429
node_modules\.pnpm\pdf-lib@1.17.1\node_modules\pdf-lib\cjs\core\structures\PDFCatalog.js,.js,3461
node_modules\.pnpm\pdf-lib@1.17.1\node_modules\pdf-lib\cjs\core\structures\PDFContentStream.js,.js,2529
node_modules\.pnpm\pdf-lib@1.17.1\node_modules\pdf-lib\cjs\core\structures\PDFCrossRefStream.js,.js,9326
node_modules\.pnpm\pdf-lib@1.17.1\node_modules\pdf-lib\cjs\core\structures\PDFFlateStream.js,.js,1586
node_modules\.pnpm\pdf-lib@1.17.1\node_modules\pdf-lib\cjs\core\structures\PDFObjectStream.js,.js,3679
node_modules\.pnpm\pdf-lib@1.17.1\node_modules\pdf-lib\cjs\core\structures\PDFPageLeaf.js,.js,9199
node_modules\.pnpm\pdf-lib@1.17.1\node_modules\pdf-lib\cjs\core\structures\PDFPageTree.js,.js,7433
node_modules\.pnpm\pdf-lib@1.17.1\node_modules\pdf-lib\cjs\core\syntax\CharCodes.js,.js,3105
node_modules\.pnpm\pdf-lib@1.17.1\node_modules\pdf-lib\cjs\core\syntax\Delimiters.js,.js,868
node_modules\.pnpm\pdf-lib@1.17.1\node_modules\pdf-lib\cjs\core\syntax\Irregular.js,.js,580
node_modules\.pnpm\pdf-lib@1.17.1\node_modules\pdf-lib\cjs\core\syntax\Keywords.js,.js,3023
node_modules\.pnpm\pdf-lib@1.17.1\node_modules\pdf-lib\cjs\core\syntax\Numeric.js,.js,1190
node_modules\.pnpm\pdf-lib@1.17.1\node_modules\pdf-lib\cjs\core\syntax\Whitespace.js,.js,618
node_modules\.pnpm\pdf-lib@1.17.1\node_modules\pdf-lib\cjs\core\writers\PDFStreamWriter.js,.js,6835
node_modules\.pnpm\pdf-lib@1.17.1\node_modules\pdf-lib\cjs\core\writers\PDFWriter.js,.js,7907
node_modules\.pnpm\pdf-lib@1.17.1\node_modules\pdf-lib\cjs\index.js,.js,367
node_modules\.pnpm\pdf-lib@1.17.1\node_modules\pdf-lib\cjs\types\fontkit.js,.js,112
node_modules\.pnpm\pdf-lib@1.17.1\node_modules\pdf-lib\cjs\types\index.js,.js,110
node_modules\.pnpm\pdf-lib@1.17.1\node_modules\pdf-lib\cjs\types\matrix.js,.js,189
node_modules\.pnpm\pdf-lib@1.17.1\node_modules\pdf-lib\cjs\utils\arrays.js,.js,4627
node_modules\.pnpm\pdf-lib@1.17.1\node_modules\pdf-lib\cjs\utils\async.js,.js,391
node_modules\.pnpm\pdf-lib@1.17.1\node_modules\pdf-lib\cjs\utils\base64.js,.js,3173
node_modules\.pnpm\pdf-lib@1.17.1\node_modules\pdf-lib\cjs\utils\Cache.js,.js,689
node_modules\.pnpm\pdf-lib@1.17.1\node_modules\pdf-lib\cjs\utils\errors.js,.js,197
node_modules\.pnpm\pdf-lib@1.17.1\node_modules\pdf-lib\cjs\utils\index.js,.js,820
node_modules\.pnpm\pdf-lib@1.17.1\node_modules\pdf-lib\cjs\utils\numbers.js,.js,1896
node_modules\.pnpm\pdf-lib@1.17.1\node_modules\pdf-lib\cjs\utils\objects.js,.js,686
node_modules\.pnpm\pdf-lib@1.17.1\node_modules\pdf-lib\cjs\utils\pdfDocEncoding.js,.js,5075
node_modules\.pnpm\pdf-lib@1.17.1\node_modules\pdf-lib\cjs\utils\png.js,.js,2501
node_modules\.pnpm\pdf-lib@1.17.1\node_modules\pdf-lib\cjs\utils\rng.js,.js,781
node_modules\.pnpm\pdf-lib@1.17.1\node_modules\pdf-lib\cjs\utils\strings.js,.js,6494
node_modules\.pnpm\pdf-lib@1.17.1\node_modules\pdf-lib\cjs\utils\unicode.js,.js,15114
node_modules\.pnpm\pdf-lib@1.17.1\node_modules\pdf-lib\cjs\utils\validators.js,.js,7569
node_modules\.pnpm\pdf-lib@1.17.1\node_modules\pdf-lib\dist\pdf-lib.esm.js,.js,1587811
node_modules\.pnpm\pdf-lib@1.17.1\node_modules\pdf-lib\dist\pdf-lib.esm.min.js,.js,523417
node_modules\.pnpm\pdf-lib@1.17.1\node_modules\pdf-lib\dist\pdf-lib.js,.js,1743338
node_modules\.pnpm\pdf-lib@1.17.1\node_modules\pdf-lib\dist\pdf-lib.min.js,.js,525099
node_modules\.pnpm\pdf-lib@1.17.1\node_modules\pdf-lib\es\api\colors.js,.js,2932
node_modules\.pnpm\pdf-lib@1.17.1\node_modules\pdf-lib\es\api\Embeddable.js,.js,38
node_modules\.pnpm\pdf-lib@1.17.1\node_modules\pdf-lib\es\api\errors.js,.js,7381
node_modules\.pnpm\pdf-lib@1.17.1\node_modules\pdf-lib\es\api\form\appearances.js,.js,20737
node_modules\.pnpm\pdf-lib@1.17.1\node_modules\pdf-lib\es\api\form\index.js,.js,562
node_modules\.pnpm\pdf-lib@1.17.1\node_modules\pdf-lib\es\api\form\PDFButton.js,.js,10659
node_modules\.pnpm\pdf-lib@1.17.1\node_modules\pdf-lib\es\api\form\PDFCheckBox.js,.js,10118
node_modules\.pnpm\pdf-lib@1.17.1\node_modules\pdf-lib\es\api\form\PDFDropdown.js,.js,25567
node_modules\.pnpm\pdf-lib@1.17.1\node_modules\pdf-lib\es\api\form\PDFField.js,.js,17158
node_modules\.pnpm\pdf-lib@1.17.1\node_modules\pdf-lib\es\api\form\PDFForm.js,.js,30163
node_modules\.pnpm\pdf-lib@1.17.1\node_modules\pdf-lib\es\api\form\PDFOptionList.js,.js,22221
node_modules\.pnpm\pdf-lib@1.17.1\node_modules\pdf-lib\es\api\form\PDFRadioGroup.js,.js,19510
node_modules\.pnpm\pdf-lib@1.17.1\node_modules\pdf-lib\es\api\form\PDFSignature.js,.js,1678
node_modules\.pnpm\pdf-lib@1.17.1\node_modules\pdf-lib\es\api\form\PDFTextField.js,.js,32353
node_modules\.pnpm\pdf-lib@1.17.1\node_modules\pdf-lib\es\api\image\alignment.js,.js,315
node_modules\.pnpm\pdf-lib@1.17.1\node_modules\pdf-lib\es\api\image\index.js,.js,62
node_modules\.pnpm\pdf-lib@1.17.1\node_modules\pdf-lib\es\api\index.js,.js,729
node_modules\.pnpm\pdf-lib@1.17.1\node_modules\pdf-lib\es\api\objects.js,.js,397
node_modules\.pnpm\pdf-lib@1.17.1\node_modules\pdf-lib\es\api\operations.js,.js,18479
node_modules\.pnpm\pdf-lib@1.17.1\node_modules\pdf-lib\es\api\operators.js,.js,10143
node_modules\.pnpm\pdf-lib@1.17.1\node_modules\pdf-lib\es\api\PDFDocument.js,.js,61228
node_modules\.pnpm\pdf-lib@1.17.1\node_modules\pdf-lib\es\api\PDFDocumentOptions.js,.js,363
node_modules\.pnpm\pdf-lib@1.17.1\node_modules\pdf-lib\es\api\PDFEmbeddedFile.js,.js,3943
node_modules\.pnpm\pdf-lib@1.17.1\node_modules\pdf-lib\es\api\PDFEmbeddedPage.js,.js,3677
node_modules\.pnpm\pdf-lib@1.17.1\node_modules\pdf-lib\es\api\PDFFont.js,.js,5591
node_modules\.pnpm\pdf-lib@1.17.1\node_modules\pdf-lib\es\api\PDFImage.js,.js,5284
node_modules\.pnpm\pdf-lib@1.17.1\node_modules\pdf-lib\es\api\PDFJavaScript.js,.js,3229
node_modules\.pnpm\pdf-lib@1.17.1\node_modules\pdf-lib\es\api\PDFPage.js,.js,60057
node_modules\.pnpm\pdf-lib@1.17.1\node_modules\pdf-lib\es\api\PDFPageOptions.js,.js,603
node_modules\.pnpm\pdf-lib@1.17.1\node_modules\pdf-lib\es\api\rotations.js,.js,2849
node_modules\.pnpm\pdf-lib@1.17.1\node_modules\pdf-lib\es\api\sizes.js,.js,1428
node_modules\.pnpm\pdf-lib@1.17.1\node_modules\pdf-lib\es\api\StandardFonts.js,.js,897
node_modules\.pnpm\pdf-lib@1.17.1\node_modules\pdf-lib\es\api\svgPath.js,.js,10363
node_modules\.pnpm\pdf-lib@1.17.1\node_modules\pdf-lib\es\api\text\alignment.js,.js,305
node_modules\.pnpm\pdf-lib@1.17.1\node_modules\pdf-lib\es\api\text\index.js,.js,88
node_modules\.pnpm\pdf-lib@1.17.1\node_modules\pdf-lib\es\api\text\layout.js,.js,8552
node_modules\.pnpm\pdf-lib@1.17.1\node_modules\pdf-lib\es\core\acroform\flags.js,.js,7361
node_modules\.pnpm\pdf-lib@1.17.1\node_modules\pdf-lib\es\core\acroform\index.js,.js,901
node_modules\.pnpm\pdf-lib@1.17.1\node_modules\pdf-lib\es\core\acroform\PDFAcroButton.js,.js,3876
node_modules\.pnpm\pdf-lib@1.17.1\node_modules\pdf-lib\es\core\acroform\PDFAcroCheckBox.js,.js,1864
node_modules\.pnpm\pdf-lib@1.17.1\node_modules\pdf-lib\es\core\acroform\PDFAcroChoice.js,.js,5304
node_modules\.pnpm\pdf-lib@1.17.1\node_modules\pdf-lib\es\core\acroform\PDFAcroComboBox.js,.js,836
node_modules\.pnpm\pdf-lib@1.17.1\node_modules\pdf-lib\es\core\acroform\PDFAcroField.js,.js,5817
node_modules\.pnpm\pdf-lib@1.17.1\node_modules\pdf-lib\es\core\acroform\PDFAcroForm.js,.js,2990
node_modules\.pnpm\pdf-lib@1.17.1\node_modules\pdf-lib\es\core\acroform\PDFAcroListBox.js,.js,744
node_modules\.pnpm\pdf-lib@1.17.1\node_modules\pdf-lib\es\core\acroform\PDFAcroNonTerminal.js,.js,1227
node_modules\.pnpm\pdf-lib@1.17.1\node_modules\pdf-lib\es\core\acroform\PDFAcroPushButton.js,.js,862
node_modules\.pnpm\pdf-lib@1.17.1\node_modules\pdf-lib\es\core\acroform\PDFAcroRadioButton.js,.js,2084
node_modules\.pnpm\pdf-lib@1.17.1\node_modules\pdf-lib\es\core\acroform\PDFAcroSignature.js,.js,533
node_modules\.pnpm\pdf-lib@1.17.1\node_modules\pdf-lib\es\core\acroform\PDFAcroTerminal.js,.js,2751
node_modules\.pnpm\pdf-lib@1.17.1\node_modules\pdf-lib\es\core\acroform\PDFAcroText.js,.js,2720
node_modules\.pnpm\pdf-lib@1.17.1\node_modules\pdf-lib\es\core\acroform\utils.js,.js,5202
node_modules\.pnpm\pdf-lib@1.17.1\node_modules\pdf-lib\es\core\annotation\AppearanceCharacteristics.js,.js,4630
node_modules\.pnpm\pdf-lib@1.17.1\node_modules\pdf-lib\es\core\annotation\BorderStyle.js,.js,963
node_modules\.pnpm\pdf-lib@1.17.1\node_modules\pdf-lib\es\core\annotation\flags.js,.js,4135
node_modules\.pnpm\pdf-lib@1.17.1\node_modules\pdf-lib\es\core\annotation\index.js,.js,274
node_modules\.pnpm\pdf-lib@1.17.1\node_modules\pdf-lib\es\core\annotation\PDFAnnotation.js,.js,4946
node_modules\.pnpm\pdf-lib@1.17.1\node_modules\pdf-lib\es\core\annotation\PDFWidgetAnnotation.js,.js,4041
node_modules\.pnpm\pdf-lib@1.17.1\node_modules\pdf-lib\es\core\document\PDFCrossRefSection.js,.js,5314
node_modules\.pnpm\pdf-lib@1.17.1\node_modules\pdf-lib\es\core\document\PDFHeader.js,.js,1522
node_modules\.pnpm\pdf-lib@1.17.1\node_modules\pdf-lib\es\core\document\PDFTrailer.js,.js,1572
node_modules\.pnpm\pdf-lib@1.17.1\node_modules\pdf-lib\es\core\document\PDFTrailerDict.js,.js,1107
node_modules\.pnpm\pdf-lib@1.17.1\node_modules\pdf-lib\es\core\embedders\CMap.js,.js,2125
node_modules\.pnpm\pdf-lib@1.17.1\node_modules\pdf-lib\es\core\embedders\CustomFontEmbedder.js,.js,11364
node_modules\.pnpm\pdf-lib@1.17.1\node_modules\pdf-lib\es\core\embedders\CustomFontSubsetEmbedder.js,.js,3101
node_modules\.pnpm\pdf-lib@1.17.1\node_modules\pdf-lib\es\core\embedders\FileEmbedder.js,.js,3405
node_modules\.pnpm\pdf-lib@1.17.1\node_modules\pdf-lib\es\core\embedders\FontFlags.js,.js,1112
node_modules\.pnpm\pdf-lib@1.17.1\node_modules\pdf-lib\es\core\embedders\JavaScriptEmbedder.js,.js,1285
node_modules\.pnpm\pdf-lib@1.17.1\node_modules\pdf-lib\es\core\embedders\JpegEmbedder.js,.js,4325
node_modules\.pnpm\pdf-lib@1.17.1\node_modules\pdf-lib\es\core\embedders\PDFPageEmbedder.js,.js,4344
node_modules\.pnpm\pdf-lib@1.17.1\node_modules\pdf-lib\es\core\embedders\PngEmbedder.js,.js,2533
node_modules\.pnpm\pdf-lib@1.17.1\node_modules\pdf-lib\es\core\embedders\StandardFontEmbedder.js,.js,4215
node_modules\.pnpm\pdf-lib@1.17.1\node_modules\pdf-lib\es\core\errors.js,.js,13213
node_modules\.pnpm\pdf-lib@1.17.1\node_modules\pdf-lib\es\core\index.js,.js,3168
node_modules\.pnpm\pdf-lib@1.17.1\node_modules\pdf-lib\es\core\interactive\ViewerPreferences.js,.js,21423
node_modules\.pnpm\pdf-lib@1.17.1\node_modules\pdf-lib\es\core\objects\PDFArray.js,.js,4347
node_modules\.pnpm\pdf-lib@1.17.1\node_modules\pdf-lib\es\core\objects\PDFBool.js,.js,1630
node_modules\.pnpm\pdf-lib@1.17.1\node_modules\pdf-lib\es\core\objects\PDFDict.js,.js,5381
node_modules\.pnpm\pdf-lib@1.17.1\node_modules\pdf-lib\es\core\objects\PDFHexString.js,.js,2799
node_modules\.pnpm\pdf-lib@1.17.1\node_modules\pdf-lib\es\core\objects\PDFInvalidObject.js,.js,1108
node_modules\.pnpm\pdf-lib@1.17.1\node_modules\pdf-lib\es\core\objects\PDFName.js,.js,5222
node_modules\.pnpm\pdf-lib@1.17.1\node_modules\pdf-lib\es\core\objects\PDFNull.js,.js,950
node_modules\.pnpm\pdf-lib@1.17.1\node_modules\pdf-lib\es\core\objects\PDFNumber.js,.js,1304
node_modules\.pnpm\pdf-lib@1.17.1\node_modules\pdf-lib\es\core\objects\PDFObject.js,.js,802
node_modules\.pnpm\pdf-lib@1.17.1\node_modules\pdf-lib\es\core\objects\PDFRawStream.js,.js,1136
node_modules\.pnpm\pdf-lib@1.17.1\node_modules\pdf-lib\es\core\objects\PDFRef.js,.js,1618
node_modules\.pnpm\pdf-lib@1.17.1\node_modules\pdf-lib\es\core\objects\PDFStream.js,.js,2906
node_modules\.pnpm\pdf-lib@1.17.1\node_modules\pdf-lib\es\core\objects\PDFString.js,.js,4672
node_modules\.pnpm\pdf-lib@1.17.1\node_modules\pdf-lib\es\core\operators\PDFOperator.js,.js,2044
node_modules\.pnpm\pdf-lib@1.17.1\node_modules\pdf-lib\es\core\operators\PDFOperatorNames.js,.js,3974
node_modules\.pnpm\pdf-lib@1.17.1\node_modules\pdf-lib\es\core\parser\BaseParser.js,.js,4060
node_modules\.pnpm\pdf-lib@1.17.1\node_modules\pdf-lib\es\core\parser\ByteStream.js,.js,2040
node_modules\.pnpm\pdf-lib@1.17.1\node_modules\pdf-lib\es\core\parser\PDFObjectParser.js,.js,9775
node_modules\.pnpm\pdf-lib@1.17.1\node_modules\pdf-lib\es\core\parser\PDFObjectStreamParser.js,.js,3472
node_modules\.pnpm\pdf-lib@1.17.1\node_modules\pdf-lib\es\core\parser\PDFParser.js,.js,15917
node_modules\.pnpm\pdf-lib@1.17.1\node_modules\pdf-lib\es\core\parser\PDFXRefStreamParser.js,.js,4071
node_modules\.pnpm\pdf-lib@1.17.1\node_modules\pdf-lib\es\core\PDFContext.js,.js,8123
node_modules\.pnpm\pdf-lib@1.17.1\node_modules\pdf-lib\es\core\PDFObjectCopier.js,.js,5465
node_modules\.pnpm\pdf-lib@1.17.1\node_modules\pdf-lib\es\core\streams\Ascii85Stream.js,.js,2751
node_modules\.pnpm\pdf-lib@1.17.1\node_modules\pdf-lib\es\core\streams\AsciiHexStream.js,.js,2526
node_modules\.pnpm\pdf-lib@1.17.1\node_modules\pdf-lib\es\core\streams\decode.js,.js,2182
node_modules\.pnpm\pdf-lib@1.17.1\node_modules\pdf-lib\es\core\streams\DecodeStream.js,.js,4919
node_modules\.pnpm\pdf-lib@1.17.1\node_modules\pdf-lib\es\core\streams\FlateStream.js,.js,16422
node_modules\.pnpm\pdf-lib@1.17.1\node_modules\pdf-lib\es\core\streams\LZWStream.js,.js,5336
node_modules\.pnpm\pdf-lib@1.17.1\node_modules\pdf-lib\es\core\streams\RunLengthStream.js,.js,2059
node_modules\.pnpm\pdf-lib@1.17.1\node_modules\pdf-lib\es\core\streams\Stream.js,.js,3349
node_modules\.pnpm\pdf-lib@1.17.1\node_modules\pdf-lib\es\core\structures\PDFCatalog.js,.js,3116
node_modules\.pnpm\pdf-lib@1.17.1\node_modules\pdf-lib\es\core\structures\PDFContentStream.js,.js,2364
node_modules\.pnpm\pdf-lib@1.17.1\node_modules\pdf-lib\es\core\structures\PDFCrossRefStream.js,.js,8931
node_modules\.pnpm\pdf-lib@1.17.1\node_modules\pdf-lib\es\core\structures\PDFFlateStream.js,.js,1371
node_modules\.pnpm\pdf-lib@1.17.1\node_modules\pdf-lib\es\core\structures\PDFObjectStream.js,.js,3390
node_modules\.pnpm\pdf-lib@1.17.1\node_modules\pdf-lib\es\core\structures\PDFPageLeaf.js,.js,8464
node_modules\.pnpm\pdf-lib@1.17.1\node_modules\pdf-lib\es\core\structures\PDFPageTree.js,.js,7020
node_modules\.pnpm\pdf-lib@1.17.1\node_modules\pdf-lib\es\core\syntax\CharCodes.js,.js,3025
node_modules\.pnpm\pdf-lib@1.17.1\node_modules\pdf-lib\es\core\syntax\Delimiters.js,.js,522
node_modules\.pnpm\pdf-lib@1.17.1\node_modules\pdf-lib\es\core\syntax\Irregular.js,.js,363
node_modules\.pnpm\pdf-lib@1.17.1\node_modules\pdf-lib\es\core\syntax\Keywords.js,.js,2144
node_modules\.pnpm\pdf-lib@1.17.1\node_modules\pdf-lib\es\core\syntax\Numeric.js,.js,730
node_modules\.pnpm\pdf-lib@1.17.1\node_modules\pdf-lib\es\core\syntax\Whitespace.js,.js,343
node_modules\.pnpm\pdf-lib@1.17.1\node_modules\pdf-lib\es\core\writers\PDFStreamWriter.js,.js,6327
node_modules\.pnpm\pdf-lib@1.17.1\node_modules\pdf-lib\es\core\writers\PDFWriter.js,.js,7376
node_modules\.pnpm\pdf-lib@1.17.1\node_modules\pdf-lib\es\index.js,.js,154
node_modules\.pnpm\pdf-lib@1.17.1\node_modules\pdf-lib\es\types\fontkit.js,.js,35
node_modules\.pnpm\pdf-lib@1.17.1\node_modules\pdf-lib\es\types\index.js,.js,33
node_modules\.pnpm\pdf-lib@1.17.1\node_modules\pdf-lib\es\types\matrix.js,.js,82
node_modules\.pnpm\pdf-lib@1.17.1\node_modules\pdf-lib\es\utils\arrays.js,.js,4273
node_modules\.pnpm\pdf-lib@1.17.1\node_modules\pdf-lib\es\utils\async.js,.js,287
node_modules\.pnpm\pdf-lib@1.17.1\node_modules\pdf-lib\es\utils\base64.js,.js,2995
node_modules\.pnpm\pdf-lib@1.17.1\node_modules\pdf-lib\es\utils\Cache.js,.js,609
node_modules\.pnpm\pdf-lib@1.17.1\node_modules\pdf-lib\es\utils\errors.js,.js,99
node_modules\.pnpm\pdf-lib@1.17.1\node_modules\pdf-lib\es\utils\index.js,.js,352
node_modules\.pnpm\pdf-lib@1.17.1\node_modules\pdf-lib\es\utils\numbers.js,.js,1746
node_modules\.pnpm\pdf-lib@1.17.1\node_modules\pdf-lib\es\utils\objects.js,.js,474
node_modules\.pnpm\pdf-lib@1.17.1\node_modules\pdf-lib\es\utils\pdfDocEncoding.js,.js,4524
node_modules\.pnpm\pdf-lib@1.17.1\node_modules\pdf-lib\es\utils\png.js,.js,2280
node_modules\.pnpm\pdf-lib@1.17.1\node_modules\pdf-lib\es\utils\rng.js,.js,667
node_modules\.pnpm\pdf-lib@1.17.1\node_modules\pdf-lib\es\utils\strings.js,.js,5901
node_modules\.pnpm\pdf-lib@1.17.1\node_modules\pdf-lib\es\utils\unicode.js,.js,14840
node_modules\.pnpm\pdf-lib@1.17.1\node_modules\pdf-lib\es\utils\validators.js,.js,6847
node_modules\.pnpm\pdf-lib@1.17.1\node_modules\pdf-lib\LICENSE.md,.md,1070
node_modules\.pnpm\pdf-lib@1.17.1\node_modules\pdf-lib\package.json,.json,6148
node_modules\.pnpm\pdf-lib@1.17.1\node_modules\pdf-lib\README.md,.md,61406
node_modules\.pnpm\pdf-lib@1.17.1\node_modules\tslib\CopyrightNotice.txt,.txt,824
node_modules\.pnpm\pdf-lib@1.17.1\node_modules\tslib\LICENSE.txt,.txt,655
node_modules\.pnpm\pdf-lib@1.17.1\node_modules\tslib\modules\index.js,.js,943
node_modules\.pnpm\pdf-lib@1.17.1\node_modules\tslib\modules\package.json,.json,26
node_modules\.pnpm\pdf-lib@1.17.1\node_modules\tslib\package.json,.json,915
node_modules\.pnpm\pdf-lib@1.17.1\node_modules\tslib\README.md,.md,3447
node_modules\.pnpm\pdf-lib@1.17.1\node_modules\tslib\test\validateModuleExportsMatchCommonJS\index.js,.js,824
node_modules\.pnpm\pdf-lib@1.17.1\node_modules\tslib\test\validateModuleExportsMatchCommonJS\package.json,.json,71
node_modules\.pnpm\pdf-lib@1.17.1\node_modules\tslib\tslib.es6.js,.js,10274
node_modules\.pnpm\pdf-lib@1.17.1\node_modules\tslib\tslib.js,.js,13204
node_modules\.pnpm\pdfjs-dist@5.6.205\node_modules\@napi-rs\canvas\geometry.js,.js,19312
node_modules\.pnpm\pdfjs-dist@5.6.205\node_modules\@napi-rs\canvas\index.js,.js,5808
node_modules\.pnpm\pdfjs-dist@5.6.205\node_modules\@napi-rs\canvas\js-binding.js,.js,12799
node_modules\.pnpm\pdfjs-dist@5.6.205\node_modules\@napi-rs\canvas\load-image.js,.js,5736
node_modules\.pnpm\pdfjs-dist@5.6.205\node_modules\@napi-rs\canvas\node-canvas.js,.js,11906
node_modules\.pnpm\pdfjs-dist@5.6.205\node_modules\@napi-rs\canvas\package.json,.json,4651
node_modules\.pnpm\pdfjs-dist@5.6.205\node_modules\@napi-rs\canvas\README.md,.md,20941
node_modules\.pnpm\pdfjs-dist@5.6.205\node_modules\node-readable-to-web-readable-stream\lib\index.js,.js,4847
node_modules\.pnpm\pdfjs-dist@5.6.205\node_modules\node-readable-to-web-readable-stream\LICENSE.txt,.txt,1085
node_modules\.pnpm\pdfjs-dist@5.6.205\node_modules\node-readable-to-web-readable-stream\package.json,.json,1297
node_modules\.pnpm\pdfjs-dist@5.6.205\node_modules\node-readable-to-web-readable-stream\README.md,.md,3706
node_modules\.pnpm\pdfjs-dist@5.6.205\node_modules\pdfjs-dist\CODE_OF_CONDUCT.md,.md,691
node_modules\.pnpm\pdfjs-dist@5.6.205\node_modules\pdfjs-dist\legacy\web\pdf_viewer.css,.css,265661
node_modules\.pnpm\pdfjs-dist@5.6.205\node_modules\pdfjs-dist\package.json,.json,778
node_modules\.pnpm\pdfjs-dist@5.6.205\node_modules\pdfjs-dist\README.md,.md,666
node_modules\.pnpm\pdfjs-dist@5.6.205\node_modules\pdfjs-dist\wasm\openjpeg_nowasm_fallback.js,.js,451777
node_modules\.pnpm\pdfjs-dist@5.6.205\node_modules\pdfjs-dist\web\pdf_viewer.css,.css,265661
node_modules\.pnpm\pixelmatch@7.2.0\node_modules\pixelmatch\index.js,.js,12015
node_modules\.pnpm\pixelmatch@7.2.0\node_modules\pixelmatch\package.json,.json,904
node_modules\.pnpm\pixelmatch@7.2.0\node_modules\pixelmatch\README.md,.md,4637
node_modules\.pnpm\pixelmatch@7.2.0\node_modules\pngjs\browser.js,.js,572711
node_modules\.pnpm\pixelmatch@7.2.0\node_modules\pngjs\CHANGELOG.md,.md,3001
node_modules\.pnpm\pixelmatch@7.2.0\node_modules\pngjs\lib\bitmapper.js,.js,6477
node_modules\.pnpm\pixelmatch@7.2.0\node_modules\pngjs\lib\bitpacker.js,.js,4670
node_modules\.pnpm\pixelmatch@7.2.0\node_modules\pngjs\lib\chunkstream.js,.js,4249
node_modules\.pnpm\pixelmatch@7.2.0\node_modules\pngjs\lib\constants.js,.js,662
node_modules\.pnpm\pixelmatch@7.2.0\node_modules\pngjs\lib\crc.js,.js,853
node_modules\.pnpm\pixelmatch@7.2.0\node_modules\pngjs\lib\filter-pack.js,.js,4279
node_modules\.pnpm\pixelmatch@7.2.0\node_modules\pngjs\lib\filter-parse-async.js,.js,558
node_modules\.pnpm\pixelmatch@7.2.0\node_modules\pngjs\lib\filter-parse-sync.js,.js,483
node_modules\.pnpm\pixelmatch@7.2.0\node_modules\pngjs\lib\filter-parse.js,.js,4798
node_modules\.pnpm\pixelmatch@7.2.0\node_modules\pngjs\lib\format-normaliser.js,.js,2366
node_modules\.pnpm\pixelmatch@7.2.0\node_modules\pngjs\lib\interlace.js,.js,2004
node_modules\.pnpm\pixelmatch@7.2.0\node_modules\pngjs\lib\packer-async.js,.js,1162
node_modules\.pnpm\pixelmatch@7.2.0\node_modules\pngjs\lib\packer-sync.js,.js,1193
node_modules\.pnpm\pixelmatch@7.2.0\node_modules\pngjs\lib\packer.js,.js,3723
node_modules\.pnpm\pixelmatch@7.2.0\node_modules\pngjs\lib\paeth-predictor.js,.js,372
node_modules\.pnpm\pixelmatch@7.2.0\node_modules\pngjs\lib\parser-async.js,.js,4368
node_modules\.pnpm\pixelmatch@7.2.0\node_modules\pngjs\lib\parser-sync.js,.js,2580
node_modules\.pnpm\pixelmatch@7.2.0\node_modules\pngjs\lib\parser.js,.js,7720
node_modules\.pnpm\pixelmatch@7.2.0\node_modules\pngjs\lib\png-sync.js,.js,252
node_modules\.pnpm\pixelmatch@7.2.0\node_modules\pngjs\lib\png.js,.js,4418
node_modules\.pnpm\pixelmatch@7.2.0\node_modules\pngjs\lib\sync-inflate.js,.js,3751
node_modules\.pnpm\pixelmatch@7.2.0\node_modules\pngjs\lib\sync-reader.js,.js,1114
node_modules\.pnpm\pixelmatch@7.2.0\node_modules\pngjs\package.json,.json,1812
node_modules\.pnpm\pixelmatch@7.2.0\node_modules\pngjs\README.md,.md,9375
node_modules\.pnpm\playwright-core@1.61.1\node_modules\playwright-core\browsers.json,.json,1939
node_modules\.pnpm\playwright-core@1.61.1\node_modules\playwright-core\cli.js,.js,839
node_modules\.pnpm\playwright-core@1.61.1\node_modules\playwright-core\index.js,.js,697
node_modules\.pnpm\playwright-core@1.61.1\node_modules\playwright-core\lib\bootstrap.js,.js,3481
node_modules\.pnpm\playwright-core@1.61.1\node_modules\playwright-core\lib\coreBundle.js,.js,3352341
node_modules\.pnpm\playwright-core@1.61.1\node_modules\playwright-core\lib\entry\cliDaemon.js,.js,197
node_modules\.pnpm\playwright-core@1.61.1\node_modules\playwright-core\lib\entry\dashboardApp.js,.js,108
node_modules\.pnpm\playwright-core@1.61.1\node_modules\playwright-core\lib\entry\mcp.js,.js,442
node_modules\.pnpm\playwright-core@1.61.1\node_modules\playwright-core\lib\entry\oopBrowserDownload.js,.js,120
node_modules\.pnpm\playwright-core@1.61.1\node_modules\playwright-core\lib\package.js,.js,2112
node_modules\.pnpm\playwright-core@1.61.1\node_modules\playwright-core\lib\server\deviceDescriptorsSource.json,.json,80785
node_modules\.pnpm\playwright-core@1.61.1\node_modules\playwright-core\lib\server\electron\loader.js,.js,4821
node_modules\.pnpm\playwright-core@1.61.1\node_modules\playwright-core\lib\serverRegistry.js,.js,247050
node_modules\.pnpm\playwright-core@1.61.1\node_modules\playwright-core\lib\tools\cli-client\channelSessions.js,.js,7087
node_modules\.pnpm\playwright-core@1.61.1\node_modules\playwright-core\lib\tools\cli-client\cli.js,.js,153
node_modules\.pnpm\playwright-core@1.61.1\node_modules\playwright-core\lib\tools\cli-client\help.json,.json,36596
node_modules\.pnpm\playwright-core@1.61.1\node_modules\playwright-core\lib\tools\cli-client\minimist.js,.js,4106
node_modules\.pnpm\playwright-core@1.61.1\node_modules\playwright-core\lib\tools\cli-client\output.js,.js,11703
node_modules\.pnpm\playwright-core@1.61.1\node_modules\playwright-core\lib\tools\cli-client\program.js,.js,16054
node_modules\.pnpm\playwright-core@1.61.1\node_modules\playwright-core\lib\tools\cli-client\registry.js,.js,6662
node_modules\.pnpm\playwright-core@1.61.1\node_modules\playwright-core\lib\tools\cli-client\session.js,.js,9395
node_modules\.pnpm\playwright-core@1.61.1\node_modules\playwright-core\lib\tools\cli-client\skill\references\element-attributes.md,.md,665
node_modules\.pnpm\playwright-core@1.61.1\node_modules\playwright-core\lib\tools\cli-client\skill\references\playwright-tests.md,.md,1690
node_modules\.pnpm\playwright-core@1.61.1\node_modules\playwright-core\lib\tools\cli-client\skill\references\request-mocking.md,.md,2182
node_modules\.pnpm\playwright-core@1.61.1\node_modules\playwright-core\lib\tools\cli-client\skill\references\running-code.md,.md,5642
node_modules\.pnpm\playwright-core@1.61.1\node_modules\playwright-core\lib\tools\cli-client\skill\references\session-management.md,.md,5671
node_modules\.pnpm\playwright-core@1.61.1\node_modules\playwright-core\lib\tools\cli-client\skill\references\spec-driven-testing.md,.md,11578
node_modules\.pnpm\playwright-core@1.61.1\node_modules\playwright-core\lib\tools\cli-client\skill\references\storage-state.md,.md,5198
node_modules\.pnpm\playwright-core@1.61.1\node_modules\playwright-core\lib\tools\cli-client\skill\references\test-generation.md,.md,4585
node_modules\.pnpm\playwright-core@1.61.1\node_modules\playwright-core\lib\tools\cli-client\skill\references\tracing.md,.md,3440
node_modules\.pnpm\playwright-core@1.61.1\node_modules\playwright-core\lib\tools\cli-client\skill\references\video-recording.md,.md,5387
node_modules\.pnpm\playwright-core@1.61.1\node_modules\playwright-core\lib\tools\cli-client\skill\SKILL.md,.md,11869
node_modules\.pnpm\playwright-core@1.61.1\node_modules\playwright-core\lib\tools\trace\SKILL.md,.md,4712
node_modules\.pnpm\playwright-core@1.61.1\node_modules\playwright-core\lib\tools\utils\extension.js,.js,3132
node_modules\.pnpm\playwright-core@1.61.1\node_modules\playwright-core\lib\tools\utils\socketConnection.js,.js,3317
node_modules\.pnpm\playwright-core@1.61.1\node_modules\playwright-core\lib\utilsBundle.js,.js,3143574
node_modules\.pnpm\playwright-core@1.61.1\node_modules\playwright-core\lib\vite\dashboard\assets\index-BY2S1tHT.css,.css,142433
node_modules\.pnpm\playwright-core@1.61.1\node_modules\playwright-core\lib\vite\dashboard\assets\index-C_5TMfeg.js,.js,331501
node_modules\.pnpm\playwright-core@1.61.1\node_modules\playwright-core\lib\vite\htmlReport\report.css,.css,108330
node_modules\.pnpm\playwright-core@1.61.1\node_modules\playwright-core\lib\vite\htmlReport\report.js,.js,416009
node_modules\.pnpm\playwright-core@1.61.1\node_modules\playwright-core\lib\vite\recorder\assets\codeMirrorModule-DeBYQozu.js,.js,313009
node_modules\.pnpm\playwright-core@1.61.1\node_modules\playwright-core\lib\vite\recorder\assets\codeMirrorModule-DYBRYzYX.css,.css,6421
node_modules\.pnpm\playwright-core@1.61.1\node_modules\playwright-core\lib\vite\recorder\assets\index-4ZiSSCmn.css,.css,92234
node_modules\.pnpm\playwright-core@1.61.1\node_modules\playwright-core\lib\vite\recorder\assets\index-Bq-mQf8S.js,.js,365888
node_modules\.pnpm\playwright-core@1.61.1\node_modules\playwright-core\lib\vite\traceViewer\assets\codeMirrorModule-LEHpjmcn.js,.js,313054
node_modules\.pnpm\playwright-core@1.61.1\node_modules\playwright-core\lib\vite\traceViewer\assets\defaultSettingsView-BNmKHKpQ.js,.js,658064
node_modules\.pnpm\playwright-core@1.61.1\node_modules\playwright-core\lib\vite\traceViewer\assets\urlMatch-BYQrIQwR.js,.js,819
node_modules\.pnpm\playwright-core@1.61.1\node_modules\playwright-core\lib\vite\traceViewer\assets\xtermModule-CsJ4vdCR.js,.js,292244
node_modules\.pnpm\playwright-core@1.61.1\node_modules\playwright-core\lib\vite\traceViewer\codeMirrorModule.DYBRYzYX.css,.css,6421
node_modules\.pnpm\playwright-core@1.61.1\node_modules\playwright-core\lib\vite\traceViewer\defaultSettingsView.CjdS-WJx.css,.css,112258
node_modules\.pnpm\playwright-core@1.61.1\node_modules\playwright-core\lib\vite\traceViewer\index.CzXZzn5A.css,.css,2111
node_modules\.pnpm\playwright-core@1.61.1\node_modules\playwright-core\lib\vite\traceViewer\index.DMMX1gXU.js,.js,6547
node_modules\.pnpm\playwright-core@1.61.1\node_modules\playwright-core\lib\vite\traceViewer\snapshot.v8KI4P3m.js,.js,660
node_modules\.pnpm\playwright-core@1.61.1\node_modules\playwright-core\lib\vite\traceViewer\sw.bundle.js,.js,95855
node_modules\.pnpm\playwright-core@1.61.1\node_modules\playwright-core\lib\vite\traceViewer\uiMode.BZQ54Kgt.css,.css,60311
node_modules\.pnpm\playwright-core@1.61.1\node_modules\playwright-core\lib\vite\traceViewer\uiMode.Ut8wwJNp.js,.js,38514
node_modules\.pnpm\playwright-core@1.61.1\node_modules\playwright-core\lib\vite\traceViewer\xtermModule.DYP7pi_n.css,.css,4150
node_modules\.pnpm\playwright-core@1.61.1\node_modules\playwright-core\package.json,.json,876
node_modules\.pnpm\playwright-core@1.61.1\node_modules\playwright-core\README.md,.md,120
node_modules\.pnpm\playwright-core@1.61.1\node_modules\playwright-core\ThirdPartyNotices.txt,.txt,676
node_modules\.pnpm\playwright@1.61.1\node_modules\playwright\cli.js,.js,698
node_modules\.pnpm\playwright@1.61.1\node_modules\playwright\index.js,.js,648
node_modules\.pnpm\playwright@1.61.1\node_modules\playwright\jsx-runtime.js,.js,942
node_modules\.pnpm\playwright@1.61.1\node_modules\playwright\lib\agents\agentParser.js,.js,3475
node_modules\.pnpm\playwright@1.61.1\node_modules\playwright\lib\agents\generateAgents.js,.js,16958
node_modules\.pnpm\playwright@1.61.1\node_modules\playwright\lib\agents\playwright-test-coverage.prompt.md,.md,1294
node_modules\.pnpm\playwright@1.61.1\node_modules\playwright\lib\agents\playwright-test-generate.prompt.md,.md,175
node_modules\.pnpm\playwright@1.61.1\node_modules\playwright\lib\agents\playwright-test-generator.agent.md,.md,3336
node_modules\.pnpm\playwright@1.61.1\node_modules\playwright\lib\agents\playwright-test-heal.prompt.md,.md,105
node_modules\.pnpm\playwright@1.61.1\node_modules\playwright\lib\agents\playwright-test-healer.agent.md,.md,2891
node_modules\.pnpm\playwright@1.61.1\node_modules\playwright\lib\agents\playwright-test-plan.prompt.md,.md,196
node_modules\.pnpm\playwright@1.61.1\node_modules\playwright\lib\agents\playwright-test-planner.agent.md,.md,2808
node_modules\.pnpm\playwright@1.61.1\node_modules\playwright\lib\cli\reportActions.js,.js,3562
node_modules\.pnpm\playwright@1.61.1\node_modules\playwright\lib\cli\testActions.js,.js,9372
node_modules\.pnpm\playwright@1.61.1\node_modules\playwright\lib\common\index.js,.js,115552
node_modules\.pnpm\playwright@1.61.1\node_modules\playwright\lib\common\index.js.txt,.txt,1430
node_modules\.pnpm\playwright@1.61.1\node_modules\playwright\lib\errorContext.js,.js,4619
node_modules\.pnpm\playwright@1.61.1\node_modules\playwright\lib\globals.js,.js,1935
node_modules\.pnpm\playwright@1.61.1\node_modules\playwright\lib\index.js,.js,34528
node_modules\.pnpm\playwright@1.61.1\node_modules\playwright\lib\isomorphic.js,.js,8191
node_modules\.pnpm\playwright@1.61.1\node_modules\playwright\lib\isomorphic.js.txt,.txt,267
node_modules\.pnpm\playwright@1.61.1\node_modules\playwright\lib\loader\loaderProcessEntry.js,.js,1262
node_modules\.pnpm\playwright@1.61.1\node_modules\playwright\lib\loader\loaderProcessEntry.js.txt,.txt,234
node_modules\.pnpm\playwright@1.61.1\node_modules\playwright\lib\matchers\expect.js,.js,526213
node_modules\.pnpm\playwright@1.61.1\node_modules\playwright\lib\matchers\expect.js.txt,.txt,3903
node_modules\.pnpm\playwright@1.61.1\node_modules\playwright\lib\mcp\test\browserBackend.js,.js,4889
node_modules\.pnpm\playwright@1.61.1\node_modules\playwright\lib\mcp\test\generatorTools.js,.js,5427
node_modules\.pnpm\playwright@1.61.1\node_modules\playwright\lib\mcp\test\plannerTools.js,.js,6379
node_modules\.pnpm\playwright@1.61.1\node_modules\playwright\lib\mcp\test\seed.js,.js,3239
node_modules\.pnpm\playwright@1.61.1\node_modules\playwright\lib\mcp\test\streams.js,.js,1577
node_modules\.pnpm\playwright@1.61.1\node_modules\playwright\lib\mcp\test\testBackend.js,.js,4067
node_modules\.pnpm\playwright@1.61.1\node_modules\playwright\lib\mcp\test\testContext.js,.js,11637
node_modules\.pnpm\playwright@1.61.1\node_modules\playwright\lib\mcp\test\testTool.js,.js,1104
node_modules\.pnpm\playwright@1.61.1\node_modules\playwright\lib\mcp\test\testTools.js,.js,3714
node_modules\.pnpm\playwright@1.61.1\node_modules\playwright\lib\package.js,.js,2013
node_modules\.pnpm\playwright@1.61.1\node_modules\playwright\lib\program.js,.js,13581
node_modules\.pnpm\playwright@1.61.1\node_modules\playwright\lib\runner\index.js,.js,297798
node_modules\.pnpm\playwright@1.61.1\node_modules\playwright\lib\runner\index.js.txt,.txt,2857
node_modules\.pnpm\playwright@1.61.1\node_modules\playwright\lib\transform\babelBundle.js,.js,2789601
node_modules\.pnpm\playwright@1.61.1\node_modules\playwright\lib\transform\babelBundle.js.txt,.txt,21706
node_modules\.pnpm\playwright@1.61.1\node_modules\playwright\lib\transform\esmLoader.js,.js,255065
node_modules\.pnpm\playwright@1.61.1\node_modules\playwright\lib\transform\esmLoader.js.txt,.txt,2465
node_modules\.pnpm\playwright@1.61.1\node_modules\playwright\lib\util.js,.js,15165
node_modules\.pnpm\playwright@1.61.1\node_modules\playwright\lib\worker\workerProcessEntry.js,.js,75892
node_modules\.pnpm\playwright@1.61.1\node_modules\playwright\lib\worker\workerProcessEntry.js.txt,.txt,692
node_modules\.pnpm\playwright@1.61.1\node_modules\playwright\package.json,.json,1559
node_modules\.pnpm\playwright@1.61.1\node_modules\playwright\README.md,.md,11282
node_modules\.pnpm\playwright@1.61.1\node_modules\playwright\test.js,.js,806
node_modules\.pnpm\playwright@1.61.1\node_modules\playwright\ThirdPartyNotices.txt,.txt,705
node_modules\.pnpm\playwright@1.61.1\node_modules\playwright-core\browsers.json,.json,1939
node_modules\.pnpm\playwright@1.61.1\node_modules\playwright-core\cli.js,.js,839
node_modules\.pnpm\playwright@1.61.1\node_modules\playwright-core\index.js,.js,697
node_modules\.pnpm\playwright@1.61.1\node_modules\playwright-core\lib\bootstrap.js,.js,3481
node_modules\.pnpm\playwright@1.61.1\node_modules\playwright-core\lib\coreBundle.js,.js,3352341
node_modules\.pnpm\playwright@1.61.1\node_modules\playwright-core\lib\entry\cliDaemon.js,.js,197
node_modules\.pnpm\playwright@1.61.1\node_modules\playwright-core\lib\entry\dashboardApp.js,.js,108
node_modules\.pnpm\playwright@1.61.1\node_modules\playwright-core\lib\entry\mcp.js,.js,442
node_modules\.pnpm\playwright@1.61.1\node_modules\playwright-core\lib\entry\oopBrowserDownload.js,.js,120
node_modules\.pnpm\playwright@1.61.1\node_modules\playwright-core\lib\package.js,.js,2112
node_modules\.pnpm\playwright@1.61.1\node_modules\playwright-core\lib\server\deviceDescriptorsSource.json,.json,80785
node_modules\.pnpm\playwright@1.61.1\node_modules\playwright-core\lib\server\electron\loader.js,.js,4821
node_modules\.pnpm\playwright@1.61.1\node_modules\playwright-core\lib\serverRegistry.js,.js,247050
node_modules\.pnpm\playwright@1.61.1\node_modules\playwright-core\lib\tools\cli-client\channelSessions.js,.js,7087
node_modules\.pnpm\playwright@1.61.1\node_modules\playwright-core\lib\tools\cli-client\cli.js,.js,153
node_modules\.pnpm\playwright@1.61.1\node_modules\playwright-core\lib\tools\cli-client\help.json,.json,36596
node_modules\.pnpm\playwright@1.61.1\node_modules\playwright-core\lib\tools\cli-client\minimist.js,.js,4106
node_modules\.pnpm\playwright@1.61.1\node_modules\playwright-core\lib\tools\cli-client\output.js,.js,11703
node_modules\.pnpm\playwright@1.61.1\node_modules\playwright-core\lib\tools\cli-client\program.js,.js,16054
node_modules\.pnpm\playwright@1.61.1\node_modules\playwright-core\lib\tools\cli-client\registry.js,.js,6662
node_modules\.pnpm\playwright@1.61.1\node_modules\playwright-core\lib\tools\cli-client\session.js,.js,9395
node_modules\.pnpm\playwright@1.61.1\node_modules\playwright-core\lib\tools\cli-client\skill\references\element-attributes.md,.md,665
node_modules\.pnpm\playwright@1.61.1\node_modules\playwright-core\lib\tools\cli-client\skill\references\playwright-tests.md,.md,1690
node_modules\.pnpm\playwright@1.61.1\node_modules\playwright-core\lib\tools\cli-client\skill\references\request-mocking.md,.md,2182
node_modules\.pnpm\playwright@1.61.1\node_modules\playwright-core\lib\tools\cli-client\skill\references\running-code.md,.md,5642
node_modules\.pnpm\playwright@1.61.1\node_modules\playwright-core\lib\tools\cli-client\skill\references\session-management.md,.md,5671
node_modules\.pnpm\playwright@1.61.1\node_modules\playwright-core\lib\tools\cli-client\skill\references\spec-driven-testing.md,.md,11578
node_modules\.pnpm\playwright@1.61.1\node_modules\playwright-core\lib\tools\cli-client\skill\references\storage-state.md,.md,5198
node_modules\.pnpm\playwright@1.61.1\node_modules\playwright-core\lib\tools\cli-client\skill\references\test-generation.md,.md,4585
node_modules\.pnpm\playwright@1.61.1\node_modules\playwright-core\lib\tools\cli-client\skill\references\tracing.md,.md,3440
node_modules\.pnpm\playwright@1.61.1\node_modules\playwright-core\lib\tools\cli-client\skill\references\video-recording.md,.md,5387
node_modules\.pnpm\playwright@1.61.1\node_modules\playwright-core\lib\tools\cli-client\skill\SKILL.md,.md,11869
node_modules\.pnpm\playwright@1.61.1\node_modules\playwright-core\lib\tools\trace\SKILL.md,.md,4712
node_modules\.pnpm\playwright@1.61.1\node_modules\playwright-core\lib\tools\utils\extension.js,.js,3132
node_modules\.pnpm\playwright@1.61.1\node_modules\playwright-core\lib\tools\utils\socketConnection.js,.js,3317
node_modules\.pnpm\playwright@1.61.1\node_modules\playwright-core\lib\utilsBundle.js,.js,3143574
node_modules\.pnpm\playwright@1.61.1\node_modules\playwright-core\lib\vite\dashboard\assets\index-BY2S1tHT.css,.css,142433
node_modules\.pnpm\playwright@1.61.1\node_modules\playwright-core\lib\vite\dashboard\assets\index-C_5TMfeg.js,.js,331501
node_modules\.pnpm\playwright@1.61.1\node_modules\playwright-core\lib\vite\htmlReport\report.css,.css,108330
node_modules\.pnpm\playwright@1.61.1\node_modules\playwright-core\lib\vite\htmlReport\report.js,.js,416009
node_modules\.pnpm\playwright@1.61.1\node_modules\playwright-core\lib\vite\recorder\assets\codeMirrorModule-DeBYQozu.js,.js,313009
node_modules\.pnpm\playwright@1.61.1\node_modules\playwright-core\lib\vite\recorder\assets\codeMirrorModule-DYBRYzYX.css,.css,6421
node_modules\.pnpm\playwright@1.61.1\node_modules\playwright-core\lib\vite\recorder\assets\index-4ZiSSCmn.css,.css,92234
node_modules\.pnpm\playwright@1.61.1\node_modules\playwright-core\lib\vite\recorder\assets\index-Bq-mQf8S.js,.js,365888
node_modules\.pnpm\playwright@1.61.1\node_modules\playwright-core\lib\vite\traceViewer\assets\codeMirrorModule-LEHpjmcn.js,.js,313054
node_modules\.pnpm\playwright@1.61.1\node_modules\playwright-core\lib\vite\traceViewer\assets\defaultSettingsView-BNmKHKpQ.js,.js,658064
node_modules\.pnpm\playwright@1.61.1\node_modules\playwright-core\lib\vite\traceViewer\assets\urlMatch-BYQrIQwR.js,.js,819
node_modules\.pnpm\playwright@1.61.1\node_modules\playwright-core\lib\vite\traceViewer\assets\xtermModule-CsJ4vdCR.js,.js,292244
node_modules\.pnpm\playwright@1.61.1\node_modules\playwright-core\lib\vite\traceViewer\codeMirrorModule.DYBRYzYX.css,.css,6421
node_modules\.pnpm\playwright@1.61.1\node_modules\playwright-core\lib\vite\traceViewer\defaultSettingsView.CjdS-WJx.css,.css,112258
node_modules\.pnpm\playwright@1.61.1\node_modules\playwright-core\lib\vite\traceViewer\index.CzXZzn5A.css,.css,2111
node_modules\.pnpm\playwright@1.61.1\node_modules\playwright-core\lib\vite\traceViewer\index.DMMX1gXU.js,.js,6547
node_modules\.pnpm\playwright@1.61.1\node_modules\playwright-core\lib\vite\traceViewer\snapshot.v8KI4P3m.js,.js,660
node_modules\.pnpm\playwright@1.61.1\node_modules\playwright-core\lib\vite\traceViewer\sw.bundle.js,.js,95855
node_modules\.pnpm\playwright@1.61.1\node_modules\playwright-core\lib\vite\traceViewer\uiMode.BZQ54Kgt.css,.css,60311
node_modules\.pnpm\playwright@1.61.1\node_modules\playwright-core\lib\vite\traceViewer\uiMode.Ut8wwJNp.js,.js,38514
node_modules\.pnpm\playwright@1.61.1\node_modules\playwright-core\lib\vite\traceViewer\xtermModule.DYP7pi_n.css,.css,4150
node_modules\.pnpm\playwright@1.61.1\node_modules\playwright-core\package.json,.json,876
node_modules\.pnpm\playwright@1.61.1\node_modules\playwright-core\README.md,.md,120
node_modules\.pnpm\playwright@1.61.1\node_modules\playwright-core\ThirdPartyNotices.txt,.txt,676
node_modules\.pnpm\pngjs@7.0.0\node_modules\pngjs\browser.js,.js,572711
node_modules\.pnpm\pngjs@7.0.0\node_modules\pngjs\CHANGELOG.md,.md,3001
node_modules\.pnpm\pngjs@7.0.0\node_modules\pngjs\lib\bitmapper.js,.js,6477
node_modules\.pnpm\pngjs@7.0.0\node_modules\pngjs\lib\bitpacker.js,.js,4670
node_modules\.pnpm\pngjs@7.0.0\node_modules\pngjs\lib\chunkstream.js,.js,4249
node_modules\.pnpm\pngjs@7.0.0\node_modules\pngjs\lib\constants.js,.js,662
node_modules\.pnpm\pngjs@7.0.0\node_modules\pngjs\lib\crc.js,.js,853
node_modules\.pnpm\pngjs@7.0.0\node_modules\pngjs\lib\filter-pack.js,.js,4279
node_modules\.pnpm\pngjs@7.0.0\node_modules\pngjs\lib\filter-parse-async.js,.js,558
node_modules\.pnpm\pngjs@7.0.0\node_modules\pngjs\lib\filter-parse-sync.js,.js,483
node_modules\.pnpm\pngjs@7.0.0\node_modules\pngjs\lib\filter-parse.js,.js,4798
node_modules\.pnpm\pngjs@7.0.0\node_modules\pngjs\lib\format-normaliser.js,.js,2366
node_modules\.pnpm\pngjs@7.0.0\node_modules\pngjs\lib\interlace.js,.js,2004
node_modules\.pnpm\pngjs@7.0.0\node_modules\pngjs\lib\packer-async.js,.js,1162
node_modules\.pnpm\pngjs@7.0.0\node_modules\pngjs\lib\packer-sync.js,.js,1193
node_modules\.pnpm\pngjs@7.0.0\node_modules\pngjs\lib\packer.js,.js,3723
node_modules\.pnpm\pngjs@7.0.0\node_modules\pngjs\lib\paeth-predictor.js,.js,372
node_modules\.pnpm\pngjs@7.0.0\node_modules\pngjs\lib\parser-async.js,.js,4368
node_modules\.pnpm\pngjs@7.0.0\node_modules\pngjs\lib\parser-sync.js,.js,2580
node_modules\.pnpm\pngjs@7.0.0\node_modules\pngjs\lib\parser.js,.js,7720
node_modules\.pnpm\pngjs@7.0.0\node_modules\pngjs\lib\png-sync.js,.js,252
node_modules\.pnpm\pngjs@7.0.0\node_modules\pngjs\lib\png.js,.js,4418
node_modules\.pnpm\pngjs@7.0.0\node_modules\pngjs\lib\sync-inflate.js,.js,3751
node_modules\.pnpm\pngjs@7.0.0\node_modules\pngjs\lib\sync-reader.js,.js,1114
node_modules\.pnpm\pngjs@7.0.0\node_modules\pngjs\package.json,.json,1812
node_modules\.pnpm\pngjs@7.0.0\node_modules\pngjs\README.md,.md,9375
node_modules\.pnpm\pnpm@11.7.0\node_modules\pnpm\dist\node_modules\@isaacs\fs-minipass\dist\commonjs\index.js,.js,12791
node_modules\.pnpm\pnpm@11.7.0\node_modules\pnpm\dist\node_modules\@isaacs\fs-minipass\dist\commonjs\package.json,.json,25
node_modules\.pnpm\pnpm@11.7.0\node_modules\pnpm\dist\node_modules\@isaacs\fs-minipass\dist\esm\index.js,.js,12129
node_modules\.pnpm\pnpm@11.7.0\node_modules\pnpm\dist\node_modules\@isaacs\fs-minipass\dist\esm\package.json,.json,23
node_modules\.pnpm\pnpm@11.7.0\node_modules\pnpm\dist\node_modules\@isaacs\fs-minipass\package.json,.json,1675
node_modules\.pnpm\pnpm@11.7.0\node_modules\pnpm\dist\node_modules\@reflink\reflink\binding.js,.js,7516
node_modules\.pnpm\pnpm@11.7.0\node_modules\pnpm\dist\node_modules\@reflink\reflink\index.js,.js,1326
node_modules\.pnpm\pnpm@11.7.0\node_modules\pnpm\dist\node_modules\@reflink\reflink\package.json,.json,1826
node_modules\.pnpm\pnpm@11.7.0\node_modules\pnpm\dist\node_modules\@reflink\reflink-darwin-arm64\package.json,.json,397
node_modules\.pnpm\pnpm@11.7.0\node_modules\pnpm\dist\node_modules\@reflink\reflink-darwin-x64\package.json,.json,387
node_modules\.pnpm\pnpm@11.7.0\node_modules\pnpm\dist\node_modules\@reflink\reflink-win32-arm64-msvc\package.json,.json,412
node_modules\.pnpm\pnpm@11.7.0\node_modules\pnpm\dist\node_modules\@reflink\reflink-win32-x64-msvc\package.json,.json,402
node_modules\.pnpm\pnpm@11.7.0\node_modules\pnpm\dist\node_modules\abbrev\lib\index.js,.js,1379
node_modules\.pnpm\pnpm@11.7.0\node_modules\pnpm\dist\node_modules\abbrev\package.json,.json,1232
node_modules\.pnpm\pnpm@11.7.0\node_modules\pnpm\dist\node_modules\chownr\dist\commonjs\index.js,.js,3059
node_modules\.pnpm\pnpm@11.7.0\node_modules\pnpm\dist\node_modules\chownr\dist\commonjs\package.json,.json,25
node_modules\.pnpm\pnpm@11.7.0\node_modules\pnpm\dist\node_modules\chownr\dist\esm\index.js,.js,2534
node_modules\.pnpm\pnpm@11.7.0\node_modules\pnpm\dist\node_modules\chownr\dist\esm\package.json,.json,23
node_modules\.pnpm\pnpm@11.7.0\node_modules\pnpm\dist\node_modules\chownr\package.json,.json,1621
node_modules\.pnpm\pnpm@11.7.0\node_modules\pnpm\dist\node_modules\env-paths\index.js,.js,2155
node_modules\.pnpm\pnpm@11.7.0\node_modules\pnpm\dist\node_modules\env-paths\package.json,.json,698
node_modules\.pnpm\pnpm@11.7.0\node_modules\pnpm\dist\node_modules\exponential-backoff\dist\backoff.js,.js,5903
node_modules\.pnpm\pnpm@11.7.0\node_modules\pnpm\dist\node_modules\exponential-backoff\dist\delay\always\always.delay.js,.js,1028
node_modules\.pnpm\pnpm@11.7.0\node_modules\pnpm\dist\node_modules\exponential-backoff\dist\delay\delay.base.js,.js,1530
node_modules\.pnpm\pnpm@11.7.0\node_modules\pnpm\dist\node_modules\exponential-backoff\dist\delay\delay.factory.js,.js,613
node_modules\.pnpm\pnpm@11.7.0\node_modules\pnpm\dist\node_modules\exponential-backoff\dist\delay\delay.interface.js,.js,120
node_modules\.pnpm\pnpm@11.7.0\node_modules\pnpm\dist\node_modules\exponential-backoff\dist\delay\skip-first\skip-first.delay.js,.js,4249
node_modules\.pnpm\pnpm@11.7.0\node_modules\pnpm\dist\node_modules\exponential-backoff\dist\jitter\full\full.jitter.js,.js,265
node_modules\.pnpm\pnpm@11.7.0\node_modules\pnpm\dist\node_modules\exponential-backoff\dist\jitter\jitter.factory.js,.js,471
node_modules\.pnpm\pnpm@11.7.0\node_modules\pnpm\dist\node_modules\exponential-backoff\dist\jitter\no\no.jitter.js,.js,190
node_modules\.pnpm\pnpm@11.7.0\node_modules\pnpm\dist\node_modules\exponential-backoff\dist\options.js,.js,969
node_modules\.pnpm\pnpm@11.7.0\node_modules\pnpm\dist\node_modules\exponential-backoff\package.json,.json,1329
node_modules\.pnpm\pnpm@11.7.0\node_modules\pnpm\dist\node_modules\fdir\package.json,.json,2694
node_modules\.pnpm\pnpm@11.7.0\node_modules\pnpm\dist\node_modules\graceful-fs\clone.js,.js,496
node_modules\.pnpm\pnpm@11.7.0\node_modules\pnpm\dist\node_modules\graceful-fs\graceful-fs.js,.js,12704
node_modules\.pnpm\pnpm@11.7.0\node_modules\pnpm\dist\node_modules\graceful-fs\legacy-streams.js,.js,2655
node_modules\.pnpm\pnpm@11.7.0\node_modules\pnpm\dist\node_modules\graceful-fs\package.json,.json,1031
node_modules\.pnpm\pnpm@11.7.0\node_modules\pnpm\dist\node_modules\graceful-fs\polyfills.js,.js,10141
node_modules\.pnpm\pnpm@11.7.0\node_modules\pnpm\dist\node_modules\isexe\dist\commonjs\index.js,.js,2283
node_modules\.pnpm\pnpm@11.7.0\node_modules\pnpm\dist\node_modules\isexe\dist\commonjs\index.min.js,.js,3030
node_modules\.pnpm\pnpm@11.7.0\node_modules\pnpm\dist\node_modules\isexe\dist\commonjs\options.js,.js,112
node_modules\.pnpm\pnpm@11.7.0\node_modules\pnpm\dist\node_modules\isexe\dist\commonjs\package.json,.json,25
node_modules\.pnpm\pnpm@11.7.0\node_modules\pnpm\dist\node_modules\isexe\dist\commonjs\posix.js,.js,2092
node_modules\.pnpm\pnpm@11.7.0\node_modules\pnpm\dist\node_modules\isexe\dist\commonjs\win32.js,.js,1936
node_modules\.pnpm\pnpm@11.7.0\node_modules\pnpm\dist\node_modules\isexe\dist\esm\index.js,.js,516
node_modules\.pnpm\pnpm@11.7.0\node_modules\pnpm\dist\node_modules\isexe\dist\esm\index.min.js,.js,1670
node_modules\.pnpm\pnpm@11.7.0\node_modules\pnpm\dist\node_modules\isexe\dist\esm\options.js,.js,46
node_modules\.pnpm\pnpm@11.7.0\node_modules\pnpm\dist\node_modules\isexe\dist\esm\package.json,.json,23
node_modules\.pnpm\pnpm@11.7.0\node_modules\pnpm\dist\node_modules\isexe\dist\esm\posix.js,.js,1906
node_modules\.pnpm\pnpm@11.7.0\node_modules\pnpm\dist\node_modules\isexe\dist\esm\win32.js,.js,1735
node_modules\.pnpm\pnpm@11.7.0\node_modules\pnpm\dist\node_modules\isexe\package.json,.json,1977
node_modules\.pnpm\pnpm@11.7.0\node_modules\pnpm\dist\node_modules\minipass\dist\commonjs\index.js,.js,34050
node_modules\.pnpm\pnpm@11.7.0\node_modules\pnpm\dist\node_modules\minipass\dist\commonjs\package.json,.json,25
node_modules\.pnpm\pnpm@11.7.0\node_modules\pnpm\dist\node_modules\minipass\dist\esm\index.js,.js,33328
node_modules\.pnpm\pnpm@11.7.0\node_modules\pnpm\dist\node_modules\minipass\dist\esm\package.json,.json,23
node_modules\.pnpm\pnpm@11.7.0\node_modules\pnpm\dist\node_modules\minipass\package.json,.json,1904
node_modules\.pnpm\pnpm@11.7.0\node_modules\pnpm\dist\node_modules\minizlib\dist\commonjs\constants.js,.js,4299
node_modules\.pnpm\pnpm@11.7.0\node_modules\pnpm\dist\node_modules\minizlib\dist\commonjs\index.js,.js,14870
node_modules\.pnpm\pnpm@11.7.0\node_modules\pnpm\dist\node_modules\minizlib\dist\commonjs\package.json,.json,25
node_modules\.pnpm\pnpm@11.7.0\node_modules\pnpm\dist\node_modules\minizlib\dist\esm\constants.js,.js,4034
node_modules\.pnpm\pnpm@11.7.0\node_modules\pnpm\dist\node_modules\minizlib\dist\esm\index.js,.js,12247
node_modules\.pnpm\pnpm@11.7.0\node_modules\pnpm\dist\node_modules\minizlib\dist\esm\package.json,.json,23
node_modules\.pnpm\pnpm@11.7.0\node_modules\pnpm\dist\node_modules\minizlib\package.json,.json,1842
node_modules\.pnpm\pnpm@11.7.0\node_modules\pnpm\dist\node_modules\node-gyp\.release-please-manifest.json,.json,22
node_modules\.pnpm\pnpm@11.7.0\node_modules\pnpm\dist\node_modules\node-gyp\bin\node-gyp.js,.js,3620
node_modules\.pnpm\pnpm@11.7.0\node_modules\pnpm\dist\node_modules\node-gyp\eslint.config.js,.js,58
node_modules\.pnpm\pnpm@11.7.0\node_modules\pnpm\dist\node_modules\node-gyp\gyp\.release-please-manifest.json,.json,22
node_modules\.pnpm\pnpm@11.7.0\node_modules\pnpm\dist\node_modules\node-gyp\gyp\release-please-config.json,.json,279
node_modules\.pnpm\pnpm@11.7.0\node_modules\pnpm\dist\node_modules\node-gyp\lib\build.js,.js,6724
node_modules\.pnpm\pnpm@11.7.0\node_modules\pnpm\dist\node_modules\node-gyp\lib\clean.js,.js,414
node_modules\.pnpm\pnpm@11.7.0\node_modules\pnpm\dist\node_modules\node-gyp\lib\configure.js,.js,11915
node_modules\.pnpm\pnpm@11.7.0\node_modules\pnpm\dist\node_modules\node-gyp\lib\create-config-gypi.js,.js,4798
node_modules\.pnpm\pnpm@11.7.0\node_modules\pnpm\dist\node_modules\node-gyp\lib\download.js,.js,2504
node_modules\.pnpm\pnpm@11.7.0\node_modules\pnpm\dist\node_modules\node-gyp\lib\find-node-directory.js,.js,2378
node_modules\.pnpm\pnpm@11.7.0\node_modules\pnpm\dist\node_modules\node-gyp\lib\find-python.js,.js,10700
node_modules\.pnpm\pnpm@11.7.0\node_modules\pnpm\dist\node_modules\node-gyp\lib\find-visualstudio.js,.js,20382
node_modules\.pnpm\pnpm@11.7.0\node_modules\pnpm\dist\node_modules\node-gyp\lib\install.js,.js,13975
node_modules\.pnpm\pnpm@11.7.0\node_modules\pnpm\dist\node_modules\node-gyp\lib\list.js,.js,580
node_modules\.pnpm\pnpm@11.7.0\node_modules\pnpm\dist\node_modules\node-gyp\lib\log.js,.js,3462
node_modules\.pnpm\pnpm@11.7.0\node_modules\pnpm\dist\node_modules\node-gyp\lib\node-gyp.js,.js,5651
node_modules\.pnpm\pnpm@11.7.0\node_modules\pnpm\dist\node_modules\node-gyp\lib\process-release.js,.js,5762
node_modules\.pnpm\pnpm@11.7.0\node_modules\pnpm\dist\node_modules\node-gyp\lib\rebuild.js,.js,281
node_modules\.pnpm\pnpm@11.7.0\node_modules\pnpm\dist\node_modules\node-gyp\lib\remove.js,.js,1233
node_modules\.pnpm\pnpm@11.7.0\node_modules\pnpm\dist\node_modules\node-gyp\lib\util.js,.js,2228
node_modules\.pnpm\pnpm@11.7.0\node_modules\pnpm\dist\node_modules\node-gyp\package.json,.json,1261
node_modules\.pnpm\pnpm@11.7.0\node_modules\pnpm\dist\node_modules\node-gyp\release-please-config.json,.json,2405
node_modules\.pnpm\pnpm@11.7.0\node_modules\pnpm\dist\node_modules\nopt\bin\nopt.js,.js,644
node_modules\.pnpm\pnpm@11.7.0\node_modules\pnpm\dist\node_modules\nopt\lib\debug.js,.js,181
node_modules\.pnpm\pnpm@11.7.0\node_modules\pnpm\dist\node_modules\nopt\lib\nopt-lib.js,.js,14184
node_modules\.pnpm\pnpm@11.7.0\node_modules\pnpm\dist\node_modules\nopt\lib\nopt.js,.js,1127
node_modules\.pnpm\pnpm@11.7.0\node_modules\pnpm\dist\node_modules\nopt\lib\type-defs.js,.js,2030
node_modules\.pnpm\pnpm@11.7.0\node_modules\pnpm\dist\node_modules\nopt\package.json,.json,1214
node_modules\.pnpm\pnpm@11.7.0\node_modules\pnpm\dist\node_modules\picomatch\index.js,.js,479
node_modules\.pnpm\pnpm@11.7.0\node_modules\pnpm\dist\node_modules\picomatch\lib\constants.js,.js,4552
node_modules\.pnpm\pnpm@11.7.0\node_modules\pnpm\dist\node_modules\picomatch\lib\parse.js,.js,33731
node_modules\.pnpm\pnpm@11.7.0\node_modules\pnpm\dist\node_modules\picomatch\lib\picomatch.js,.js,10091
node_modules\.pnpm\pnpm@11.7.0\node_modules\pnpm\dist\node_modules\picomatch\lib\scan.js,.js,9189
node_modules\.pnpm\pnpm@11.7.0\node_modules\pnpm\dist\node_modules\picomatch\lib\utils.js,.js,1994
node_modules\.pnpm\pnpm@11.7.0\node_modules\pnpm\dist\node_modules\picomatch\package.json,.json,1896
node_modules\.pnpm\pnpm@11.7.0\node_modules\pnpm\dist\node_modules\picomatch\posix.js,.js,60
node_modules\.pnpm\pnpm@11.7.0\node_modules\pnpm\dist\node_modules\proc-log\lib\index.js,.js,3597
node_modules\.pnpm\pnpm@11.7.0\node_modules\pnpm\dist\node_modules\proc-log\package.json,.json,1132
node_modules\.pnpm\pnpm@11.7.0\node_modules\pnpm\dist\node_modules\semver\bin\semver.js,.js,4957
node_modules\.pnpm\pnpm@11.7.0\node_modules\pnpm\dist\node_modules\semver\classes\comparator.js,.js,3631
node_modules\.pnpm\pnpm@11.7.0\node_modules\pnpm\dist\node_modules\semver\classes\index.js,.js,143
node_modules\.pnpm\pnpm@11.7.0\node_modules\pnpm\dist\node_modules\semver\classes\range.js,.js,15360
node_modules\.pnpm\pnpm@11.7.0\node_modules\pnpm\dist\node_modules\semver\classes\semver.js,.js,9891
node_modules\.pnpm\pnpm@11.7.0\node_modules\pnpm\dist\node_modules\semver\functions\clean.js,.js,205
node_modules\.pnpm\pnpm@11.7.0\node_modules\pnpm\dist\node_modules\semver\functions\cmp.js,.js,961
node_modules\.pnpm\pnpm@11.7.0\node_modules\pnpm\dist\node_modules\semver\functions\coerce.js,.js,2004
node_modules\.pnpm\pnpm@11.7.0\node_modules\pnpm\dist\node_modules\semver\functions\compare-build.js,.js,281
node_modules\.pnpm\pnpm@11.7.0\node_modules\pnpm\dist\node_modules\semver\functions\compare-loose.js,.js,132
node_modules\.pnpm\pnpm@11.7.0\node_modules\pnpm\dist\node_modules\semver\functions\compare.js,.js,170
node_modules\.pnpm\pnpm@11.7.0\node_modules\pnpm\dist\node_modules\semver\functions\diff.js,.js,1423
node_modules\.pnpm\pnpm@11.7.0\node_modules\pnpm\dist\node_modules\semver\functions\eq.js,.js,126
node_modules\.pnpm\pnpm@11.7.0\node_modules\pnpm\dist\node_modules\semver\functions\gt.js,.js,124
node_modules\.pnpm\pnpm@11.7.0\node_modules\pnpm\dist\node_modules\semver\functions\gte.js,.js,127
node_modules\.pnpm\pnpm@11.7.0\node_modules\pnpm\dist\node_modules\semver\functions\inc.js,.js,478
node_modules\.pnpm\pnpm@11.7.0\node_modules\pnpm\dist\node_modules\semver\functions\lt.js,.js,124
node_modules\.pnpm\pnpm@11.7.0\node_modules\pnpm\dist\node_modules\semver\functions\lte.js,.js,127
node_modules\.pnpm\pnpm@11.7.0\node_modules\pnpm\dist\node_modules\semver\functions\major.js,.js,136
node_modules\.pnpm\pnpm@11.7.0\node_modules\pnpm\dist\node_modules\semver\functions\minor.js,.js,136
node_modules\.pnpm\pnpm@11.7.0\node_modules\pnpm\dist\node_modules\semver\functions\neq.js,.js,128
node_modules\.pnpm\pnpm@11.7.0\node_modules\pnpm\dist\node_modules\semver\functions\parse.js,.js,331
node_modules\.pnpm\pnpm@11.7.0\node_modules\pnpm\dist\node_modules\semver\functions\patch.js,.js,136
node_modules\.pnpm\pnpm@11.7.0\node_modules\pnpm\dist\node_modules\semver\functions\prerelease.js,.js,234
node_modules\.pnpm\pnpm@11.7.0\node_modules\pnpm\dist\node_modules\semver\functions\rcompare.js,.js,132
node_modules\.pnpm\pnpm@11.7.0\node_modules\pnpm\dist\node_modules\semver\functions\rsort.js,.js,163
node_modules\.pnpm\pnpm@11.7.0\node_modules\pnpm\dist\node_modules\semver\functions\satisfies.js,.js,247
node_modules\.pnpm\pnpm@11.7.0\node_modules\pnpm\dist\node_modules\semver\functions\sort.js,.js,161
node_modules\.pnpm\pnpm@11.7.0\node_modules\pnpm\dist\node_modules\semver\functions\truncate.js,.js,1021
node_modules\.pnpm\pnpm@11.7.0\node_modules\pnpm\dist\node_modules\semver\functions\valid.js,.js,176
node_modules\.pnpm\pnpm@11.7.0\node_modules\pnpm\dist\node_modules\semver\index.js,.js,2691
node_modules\.pnpm\pnpm@11.7.0\node_modules\pnpm\dist\node_modules\semver\internal\constants.js,.js,873
node_modules\.pnpm\pnpm@11.7.0\node_modules\pnpm\dist\node_modules\semver\internal\debug.js,.js,240
node_modules\.pnpm\pnpm@11.7.0\node_modules\pnpm\dist\node_modules\semver\internal\identifiers.js,.js,525
node_modules\.pnpm\pnpm@11.7.0\node_modules\pnpm\dist\node_modules\semver\internal\lrucache.js,.js,802
node_modules\.pnpm\pnpm@11.7.0\node_modules\pnpm\dist\node_modules\semver\internal\parse-options.js,.js,338
node_modules\.pnpm\pnpm@11.7.0\node_modules\pnpm\dist\node_modules\semver\internal\re.js,.js,8139
node_modules\.pnpm\pnpm@11.7.0\node_modules\pnpm\dist\node_modules\semver\package.json,.json,1661
node_modules\.pnpm\pnpm@11.7.0\node_modules\pnpm\dist\node_modules\semver\preload.js,.js,83
node_modules\.pnpm\pnpm@11.7.0\node_modules\pnpm\dist\node_modules\semver\ranges\gtr.js,.js,231
node_modules\.pnpm\pnpm@11.7.0\node_modules\pnpm\dist\node_modules\semver\ranges\intersects.js,.js,224
node_modules\.pnpm\pnpm@11.7.0\node_modules\pnpm\dist\node_modules\semver\ranges\ltr.js,.js,227
node_modules\.pnpm\pnpm@11.7.0\node_modules\pnpm\dist\node_modules\semver\ranges\max-satisfying.js,.js,593
node_modules\.pnpm\pnpm@11.7.0\node_modules\pnpm\dist\node_modules\semver\ranges\min-satisfying.js,.js,591
node_modules\.pnpm\pnpm@11.7.0\node_modules\pnpm\dist\node_modules\semver\ranges\min-version.js,.js,1514
node_modules\.pnpm\pnpm@11.7.0\node_modules\pnpm\dist\node_modules\semver\ranges\outside.js,.js,2204
node_modules\.pnpm\pnpm@11.7.0\node_modules\pnpm\dist\node_modules\semver\ranges\simplify.js,.js,1355
node_modules\.pnpm\pnpm@11.7.0\node_modules\pnpm\dist\node_modules\semver\ranges\subset.js,.js,7478
node_modules\.pnpm\pnpm@11.7.0\node_modules\pnpm\dist\node_modules\semver\ranges\to-comparators.js,.js,282
node_modules\.pnpm\pnpm@11.7.0\node_modules\pnpm\dist\node_modules\semver\ranges\valid.js,.js,326
node_modules\.pnpm\pnpm@11.7.0\node_modules\pnpm\dist\node_modules\tar\dist\commonjs\create.js,.js,2588
node_modules\.pnpm\pnpm@11.7.0\node_modules\pnpm\dist\node_modules\tar\dist\commonjs\cwd-error.js,.js,436
node_modules\.pnpm\pnpm@11.7.0\node_modules\pnpm\dist\node_modules\tar\dist\commonjs\extract.js,.js,3447
node_modules\.pnpm\pnpm@11.7.0\node_modules\pnpm\dist\node_modules\tar\dist\commonjs\get-write-flag.js,.js,1491
node_modules\.pnpm\pnpm@11.7.0\node_modules\pnpm\dist\node_modules\tar\dist\commonjs\header.js,.js,13981
node_modules\.pnpm\pnpm@11.7.0\node_modules\pnpm\dist\node_modules\tar\dist\commonjs\index.js,.js,3137
node_modules\.pnpm\pnpm@11.7.0\node_modules\pnpm\dist\node_modules\tar\dist\commonjs\index.min.js,.js,101810
node_modules\.pnpm\pnpm@11.7.0\node_modules\pnpm\dist\node_modules\tar\dist\commonjs\large-numbers.js,.js,2733
node_modules\.pnpm\pnpm@11.7.0\node_modules\pnpm\dist\node_modules\tar\dist\commonjs\list.js,.js,5342
node_modules\.pnpm\pnpm@11.7.0\node_modules\pnpm\dist\node_modules\tar\dist\commonjs\make-command.js,.js,1862
node_modules\.pnpm\pnpm@11.7.0\node_modules\pnpm\dist\node_modules\tar\dist\commonjs\mkdir.js,.js,6758
node_modules\.pnpm\pnpm@11.7.0\node_modules\pnpm\dist\node_modules\tar\dist\commonjs\mode-fix.js,.js,876
node_modules\.pnpm\pnpm@11.7.0\node_modules\pnpm\dist\node_modules\tar\dist\commonjs\normalize-unicode.js,.js,1159
node_modules\.pnpm\pnpm@11.7.0\node_modules\pnpm\dist\node_modules\tar\dist\commonjs\normalize-windows-path.js,.js,604
node_modules\.pnpm\pnpm@11.7.0\node_modules\pnpm\dist\node_modules\tar\dist\commonjs\options.js,.js,2117
node_modules\.pnpm\pnpm@11.7.0\node_modules\pnpm\dist\node_modules\tar\dist\commonjs\pack.js,.js,17624
node_modules\.pnpm\pnpm@11.7.0\node_modules\pnpm\dist\node_modules\tar\dist\commonjs\package.json,.json,25
node_modules\.pnpm\pnpm@11.7.0\node_modules\pnpm\dist\node_modules\tar\dist\commonjs\parse.js,.js,22872
node_modules\.pnpm\pnpm@11.7.0\node_modules\pnpm\dist\node_modules\tar\dist\commonjs\path-reservations.js,.js,5699
node_modules\.pnpm\pnpm@11.7.0\node_modules\pnpm\dist\node_modules\tar\dist\commonjs\pax.js,.js,4904
node_modules\.pnpm\pnpm@11.7.0\node_modules\pnpm\dist\node_modules\tar\dist\commonjs\process-umask.js,.js,273
node_modules\.pnpm\pnpm@11.7.0\node_modules\pnpm\dist\node_modules\tar\dist\commonjs\read-entry.js,.js,4394
node_modules\.pnpm\pnpm@11.7.0\node_modules\pnpm\dist\node_modules\tar\dist\commonjs\replace.js,.js,7737
node_modules\.pnpm\pnpm@11.7.0\node_modules\pnpm\dist\node_modules\tar\dist\commonjs\strip-absolute-path.js,.js,1232
node_modules\.pnpm\pnpm@11.7.0\node_modules\pnpm\dist\node_modules\tar\dist\commonjs\strip-trailing-slashes.js,.js,651
node_modules\.pnpm\pnpm@11.7.0\node_modules\pnpm\dist\node_modules\tar\dist\commonjs\symlink-error.js,.js,528
node_modules\.pnpm\pnpm@11.7.0\node_modules\pnpm\dist\node_modules\tar\dist\commonjs\types.js,.js,1889
node_modules\.pnpm\pnpm@11.7.0\node_modules\pnpm\dist\node_modules\tar\dist\commonjs\unpack.js,.js,36425
node_modules\.pnpm\pnpm@11.7.0\node_modules\pnpm\dist\node_modules\tar\dist\commonjs\update.js,.js,1229
node_modules\.pnpm\pnpm@11.7.0\node_modules\pnpm\dist\node_modules\tar\dist\commonjs\warn-method.js,.js,927
node_modules\.pnpm\pnpm@11.7.0\node_modules\pnpm\dist\node_modules\tar\dist\commonjs\winchars.js,.js,714
node_modules\.pnpm\pnpm@11.7.0\node_modules\pnpm\dist\node_modules\tar\dist\commonjs\write-entry.js,.js,25354
node_modules\.pnpm\pnpm@11.7.0\node_modules\pnpm\dist\node_modules\tar\dist\esm\create.js,.js,2177
node_modules\.pnpm\pnpm@11.7.0\node_modules\pnpm\dist\node_modules\tar\dist\esm\cwd-error.js,.js,310
node_modules\.pnpm\pnpm@11.7.0\node_modules\pnpm\dist\node_modules\tar\dist\esm\extract.js,.js,1692
node_modules\.pnpm\pnpm@11.7.0\node_modules\pnpm\dist\node_modules\tar\dist\esm\get-write-flag.js,.js,1205
node_modules\.pnpm\pnpm@11.7.0\node_modules\pnpm\dist\node_modules\tar\dist\esm\header.js,.js,12439
node_modules\.pnpm\pnpm@11.7.0\node_modules\pnpm\dist\node_modules\tar\dist\esm\index.js,.js,647
node_modules\.pnpm\pnpm@11.7.0\node_modules\pnpm\dist\node_modules\tar\dist\esm\index.min.js,.js,83531
node_modules\.pnpm\pnpm@11.7.0\node_modules\pnpm\dist\node_modules\tar\dist\esm\large-numbers.js,.js,2581
node_modules\.pnpm\pnpm@11.7.0\node_modules\pnpm\dist\node_modules\tar\dist\esm\list.js,.js,3350
node_modules\.pnpm\pnpm@11.7.0\node_modules\pnpm\dist\node_modules\tar\dist\esm\make-command.js,.js,1686
node_modules\.pnpm\pnpm@11.7.0\node_modules\pnpm\dist\node_modules\tar\dist\esm\mkdir.js,.js,5695
node_modules\.pnpm\pnpm@11.7.0\node_modules\pnpm\dist\node_modules\tar\dist\esm\mode-fix.js,.js,753
node_modules\.pnpm\pnpm@11.7.0\node_modules\pnpm\dist\node_modules\tar\dist\esm\normalize-unicode.js,.js,1009
node_modules\.pnpm\pnpm@11.7.0\node_modules\pnpm\dist\node_modules\tar\dist\esm\normalize-windows-path.js,.js,493
node_modules\.pnpm\pnpm@11.7.0\node_modules\pnpm\dist\node_modules\tar\dist\esm\options.js,.js,1639
node_modules\.pnpm\pnpm@11.7.0\node_modules\pnpm\dist\node_modules\tar\dist\esm\pack.js,.js,15622
node_modules\.pnpm\pnpm@11.7.0\node_modules\pnpm\dist\node_modules\tar\dist\esm\package.json,.json,23
node_modules\.pnpm\pnpm@11.7.0\node_modules\pnpm\dist\node_modules\tar\dist\esm\parse.js,.js,22631
node_modules\.pnpm\pnpm@11.7.0\node_modules\pnpm\dist\node_modules\tar\dist\esm\path-reservations.js,.js,5431
node_modules\.pnpm\pnpm@11.7.0\node_modules\pnpm\dist\node_modules\tar\dist\esm\pax.js,.js,4754
node_modules\.pnpm\pnpm@11.7.0\node_modules\pnpm\dist\node_modules\tar\dist\esm\process-umask.js,.js,156
node_modules\.pnpm\pnpm@11.7.0\node_modules\pnpm\dist\node_modules\tar\dist\esm\read-entry.js,.js,4111
node_modules\.pnpm\pnpm@11.7.0\node_modules\pnpm\dist\node_modules\tar\dist\esm\replace.js,.js,7066
node_modules\.pnpm\pnpm@11.7.0\node_modules\pnpm\dist\node_modules\tar\dist\esm\strip-absolute-path.js,.js,1060
node_modules\.pnpm\pnpm@11.7.0\node_modules\pnpm\dist\node_modules\tar\dist\esm\strip-trailing-slashes.js,.js,489
node_modules\.pnpm\pnpm@11.7.0\node_modules\pnpm\dist\node_modules\tar\dist\esm\symlink-error.js,.js,390
node_modules\.pnpm\pnpm@11.7.0\node_modules\pnpm\dist\node_modules\tar\dist\esm\types.js,.js,1671
node_modules\.pnpm\pnpm@11.7.0\node_modules\pnpm\dist\node_modules\tar\dist\esm\unpack.js,.js,33105
node_modules\.pnpm\pnpm@11.7.0\node_modules\pnpm\dist\node_modules\tar\dist\esm\update.js,.js,1006
node_modules\.pnpm\pnpm@11.7.0\node_modules\pnpm\dist\node_modules\tar\dist\esm\warn-method.js,.js,795
node_modules\.pnpm\pnpm@11.7.0\node_modules\pnpm\dist\node_modules\tar\dist\esm\winchars.js,.js,559
node_modules\.pnpm\pnpm@11.7.0\node_modules\pnpm\dist\node_modules\tar\dist\esm\write-entry.js,.js,22763
node_modules\.pnpm\pnpm@11.7.0\node_modules\pnpm\dist\node_modules\tar\package.json,.json,7839
node_modules\.pnpm\pnpm@11.7.0\node_modules\pnpm\dist\node_modules\tinyglobby\package.json,.json,1761
node_modules\.pnpm\pnpm@11.7.0\node_modules\pnpm\dist\node_modules\undici\index-fetch.js,.js,1558
node_modules\.pnpm\pnpm@11.7.0\node_modules\pnpm\dist\node_modules\undici\index.js,.js,6057
node_modules\.pnpm\pnpm@11.7.0\node_modules\pnpm\dist\node_modules\undici\lib\api\abort-signal.js,.js,1057
node_modules\.pnpm\pnpm@11.7.0\node_modules\pnpm\dist\node_modules\undici\lib\api\api-connect.js,.js,2565
node_modules\.pnpm\pnpm@11.7.0\node_modules\pnpm\dist\node_modules\undici\lib\api\api-pipeline.js,.js,5445
node_modules\.pnpm\pnpm@11.7.0\node_modules\pnpm\dist\node_modules\undici\lib\api\api-request.js,.js,5734
node_modules\.pnpm\pnpm@11.7.0\node_modules\pnpm\dist\node_modules\undici\lib\api\api-stream.js,.js,5320
node_modules\.pnpm\pnpm@11.7.0\node_modules\pnpm\dist\node_modules\undici\lib\api\api-upgrade.js,.js,2576
node_modules\.pnpm\pnpm@11.7.0\node_modules\pnpm\dist\node_modules\undici\lib\api\index.js,.js,264
node_modules\.pnpm\pnpm@11.7.0\node_modules\pnpm\dist\node_modules\undici\lib\api\readable.js,.js,9085
node_modules\.pnpm\pnpm@11.7.0\node_modules\pnpm\dist\node_modules\undici\lib\api\util.js,.js,2374
node_modules\.pnpm\pnpm@11.7.0\node_modules\pnpm\dist\node_modules\undici\lib\core\connect.js,.js,7286
node_modules\.pnpm\pnpm@11.7.0\node_modules\pnpm\dist\node_modules\undici\lib\core\constants.js,.js,2610
node_modules\.pnpm\pnpm@11.7.0\node_modules\pnpm\dist\node_modules\undici\lib\core\diagnostics.js,.js,5687
node_modules\.pnpm\pnpm@11.7.0\node_modules\pnpm\dist\node_modules\undici\lib\core\errors.js,.js,12171
node_modules\.pnpm\pnpm@11.7.0\node_modules\pnpm\dist\node_modules\undici\lib\core\request.js,.js,10722
node_modules\.pnpm\pnpm@11.7.0\node_modules\pnpm\dist\node_modules\undici\lib\core\symbols.js,.js,2547
node_modules\.pnpm\pnpm@11.7.0\node_modules\pnpm\dist\node_modules\undici\lib\core\tree.js,.js,3455
node_modules\.pnpm\pnpm@11.7.0\node_modules\pnpm\dist\node_modules\undici\lib\core\util.js,.js,19042
node_modules\.pnpm\pnpm@11.7.0\node_modules\pnpm\dist\node_modules\undici\lib\dispatcher\agent.js,.js,4006
node_modules\.pnpm\pnpm@11.7.0\node_modules\pnpm\dist\node_modules\undici\lib\dispatcher\balanced-pool.js,.js,5531
node_modules\.pnpm\pnpm@11.7.0\node_modules\pnpm\dist\node_modules\undici\lib\dispatcher\client-h1.js,.js,38090
node_modules\.pnpm\pnpm@11.7.0\node_modules\pnpm\dist\node_modules\undici\lib\dispatcher\client-h2.js,.js,18623
node_modules\.pnpm\pnpm@11.7.0\node_modules\pnpm\dist\node_modules\undici\lib\dispatcher\client.js,.js,17057
node_modules\.pnpm\pnpm@11.7.0\node_modules\pnpm\dist\node_modules\undici\lib\dispatcher\dispatcher-base.js,.js,4779
node_modules\.pnpm\pnpm@11.7.0\node_modules\pnpm\dist\node_modules\undici\lib\dispatcher\dispatcher.js,.js,1437
node_modules\.pnpm\pnpm@11.7.0\node_modules\pnpm\dist\node_modules\undici\lib\dispatcher\env-http-proxy-agent.js,.js,4479
node_modules\.pnpm\pnpm@11.7.0\node_modules\pnpm\dist\node_modules\undici\lib\dispatcher\fixed-queue.js,.js,4222
node_modules\.pnpm\pnpm@11.7.0\node_modules\pnpm\dist\node_modules\undici\lib\dispatcher\pool-base.js,.js,4558
node_modules\.pnpm\pnpm@11.7.0\node_modules\pnpm\dist\node_modules\undici\lib\dispatcher\pool-stats.js,.js,553
node_modules\.pnpm\pnpm@11.7.0\node_modules\pnpm\dist\node_modules\undici\lib\dispatcher\pool.js,.js,3013
node_modules\.pnpm\pnpm@11.7.0\node_modules\pnpm\dist\node_modules\undici\lib\dispatcher\proxy-agent.js,.js,8135
node_modules\.pnpm\pnpm@11.7.0\node_modules\pnpm\dist\node_modules\undici\lib\dispatcher\retry-agent.js,.js,684
node_modules\.pnpm\pnpm@11.7.0\node_modules\pnpm\dist\node_modules\undici\lib\global.js,.js,871
node_modules\.pnpm\pnpm@11.7.0\node_modules\pnpm\dist\node_modules\undici\lib\handler\decorator-handler.js,.js,858
node_modules\.pnpm\pnpm@11.7.0\node_modules\pnpm\dist\node_modules\undici\lib\handler\redirect-handler.js,.js,7700
node_modules\.pnpm\pnpm@11.7.0\node_modules\pnpm\dist\node_modules\undici\lib\handler\retry-handler.js,.js,9806
node_modules\.pnpm\pnpm@11.7.0\node_modules\pnpm\dist\node_modules\undici\lib\interceptor\dns.js,.js,9338
node_modules\.pnpm\pnpm@11.7.0\node_modules\pnpm\dist\node_modules\undici\lib\interceptor\dump.js,.js,2514
node_modules\.pnpm\pnpm@11.7.0\node_modules\pnpm\dist\node_modules\undici\lib\interceptor\redirect-interceptor.js,.js,661
node_modules\.pnpm\pnpm@11.7.0\node_modules\pnpm\dist\node_modules\undici\lib\interceptor\redirect.js,.js,588
node_modules\.pnpm\pnpm@11.7.0\node_modules\pnpm\dist\node_modules\undici\lib\interceptor\response-error.js,.js,2148
node_modules\.pnpm\pnpm@11.7.0\node_modules\pnpm\dist\node_modules\undici\lib\interceptor\retry.js,.js,419
node_modules\.pnpm\pnpm@11.7.0\node_modules\pnpm\dist\node_modules\undici\lib\llhttp\constants.js,.js,11002
node_modules\.pnpm\pnpm@11.7.0\node_modules\pnpm\dist\node_modules\undici\lib\llhttp\llhttp-wasm.js,.js,64920
node_modules\.pnpm\pnpm@11.7.0\node_modules\pnpm\dist\node_modules\undici\lib\llhttp\llhttp_simd-wasm.js,.js,64960
node_modules\.pnpm\pnpm@11.7.0\node_modules\pnpm\dist\node_modules\undici\lib\llhttp\utils.js,.js,394
node_modules\.pnpm\pnpm@11.7.0\node_modules\pnpm\dist\node_modules\undici\lib\mock\mock-agent.js,.js,4556
node_modules\.pnpm\pnpm@11.7.0\node_modules\pnpm\dist\node_modules\undici\lib\mock\mock-client.js,.js,1513
node_modules\.pnpm\pnpm@11.7.0\node_modules\pnpm\dist\node_modules\undici\lib\mock\mock-errors.js,.js,740
node_modules\.pnpm\pnpm@11.7.0\node_modules\pnpm\dist\node_modules\undici\lib\mock\mock-interceptor.js,.js,6824
node_modules\.pnpm\pnpm@11.7.0\node_modules\pnpm\dist\node_modules\undici\lib\mock\mock-pool.js,.js,1499
node_modules\.pnpm\pnpm@11.7.0\node_modules\pnpm\dist\node_modules\undici\lib\mock\mock-symbols.js,.js,769
node_modules\.pnpm\pnpm@11.7.0\node_modules\pnpm\dist\node_modules\undici\lib\mock\mock-utils.js,.js,10783
node_modules\.pnpm\pnpm@11.7.0\node_modules\pnpm\dist\node_modules\undici\lib\mock\pending-interceptors-formatter.js,.js,1186
node_modules\.pnpm\pnpm@11.7.0\node_modules\pnpm\dist\node_modules\undici\lib\mock\pluralizer.js,.js,495
node_modules\.pnpm\pnpm@11.7.0\node_modules\pnpm\dist\node_modules\undici\lib\util\timers.js,.js,11737
node_modules\.pnpm\pnpm@11.7.0\node_modules\pnpm\dist\node_modules\undici\lib\web\cache\cache.js,.js,21080
node_modules\.pnpm\pnpm@11.7.0\node_modules\pnpm\dist\node_modules\undici\lib\web\cache\cachestorage.js,.js,3663
node_modules\.pnpm\pnpm@11.7.0\node_modules\pnpm\dist\node_modules\undici\lib\web\cache\symbols.js,.js,90
node_modules\.pnpm\pnpm@11.7.0\node_modules\pnpm\dist\node_modules\undici\lib\web\cache\util.js,.js,1020
node_modules\.pnpm\pnpm@11.7.0\node_modules\pnpm\dist\node_modules\undici\lib\web\cookies\constants.js,.js,306
node_modules\.pnpm\pnpm@11.7.0\node_modules\pnpm\dist\node_modules\undici\lib\web\cookies\index.js,.js,4247
node_modules\.pnpm\pnpm@11.7.0\node_modules\pnpm\dist\node_modules\undici\lib\web\cookies\parse.js,.js,12390
node_modules\.pnpm\pnpm@11.7.0\node_modules\pnpm\dist\node_modules\undici\lib\web\cookies\util.js,.js,7377
node_modules\.pnpm\pnpm@11.7.0\node_modules\pnpm\dist\node_modules\undici\lib\web\eventsource\eventsource-stream.js,.js,11586
node_modules\.pnpm\pnpm@11.7.0\node_modules\pnpm\dist\node_modules\undici\lib\web\eventsource\eventsource.js,.js,14143
node_modules\.pnpm\pnpm@11.7.0\node_modules\pnpm\dist\node_modules\undici\lib\web\eventsource\util.js,.js,788
node_modules\.pnpm\pnpm@11.7.0\node_modules\pnpm\dist\node_modules\undici\lib\web\fetch\body.js,.js,17339
node_modules\.pnpm\pnpm@11.7.0\node_modules\pnpm\dist\node_modules\undici\lib\web\fetch\constants.js,.js,3395
node_modules\.pnpm\pnpm@11.7.0\node_modules\pnpm\dist\node_modules\undici\lib\web\fetch\data-url.js,.js,21989
node_modules\.pnpm\pnpm@11.7.0\node_modules\pnpm\dist\node_modules\undici\lib\web\fetch\dispatcher-weakref.js,.js,1083
node_modules\.pnpm\pnpm@11.7.0\node_modules\pnpm\dist\node_modules\undici\lib\web\fetch\file.js,.js,3300
node_modules\.pnpm\pnpm@11.7.0\node_modules\pnpm\dist\node_modules\undici\lib\web\fetch\formdata-parser.js,.js,15227
node_modules\.pnpm\pnpm@11.7.0\node_modules\pnpm\dist\node_modules\undici\lib\web\fetch\formdata.js,.js,7756
node_modules\.pnpm\pnpm@11.7.0\node_modules\pnpm\dist\node_modules\undici\lib\web\fetch\global.js,.js,890
node_modules\.pnpm\pnpm@11.7.0\node_modules\pnpm\dist\node_modules\undici\lib\web\fetch\headers.js,.js,20603
node_modules\.pnpm\pnpm@11.7.0\node_modules\pnpm\dist\node_modules\undici\lib\web\fetch\index.js,.js,82477
node_modules\.pnpm\pnpm@11.7.0\node_modules\pnpm\dist\node_modules\undici\lib\web\fetch\request.js,.js,34565
node_modules\.pnpm\pnpm@11.7.0\node_modules\pnpm\dist\node_modules\undici\lib\web\fetch\response.js,.js,19205
node_modules\.pnpm\pnpm@11.7.0\node_modules\pnpm\dist\node_modules\undici\lib\web\fetch\symbols.js,.js,181
node_modules\.pnpm\pnpm@11.7.0\node_modules\pnpm\dist\node_modules\undici\lib\web\fetch\util.js,.js,50492
node_modules\.pnpm\pnpm@11.7.0\node_modules\pnpm\dist\node_modules\undici\lib\web\fetch\webidl.js,.js,20571
node_modules\.pnpm\pnpm@11.7.0\node_modules\pnpm\dist\node_modules\undici\lib\web\fileapi\encoding.js,.js,6618
node_modules\.pnpm\pnpm@11.7.0\node_modules\pnpm\dist\node_modules\undici\lib\web\fileapi\filereader.js,.js,8515
node_modules\.pnpm\pnpm@11.7.0\node_modules\pnpm\dist\node_modules\undici\lib\web\fileapi\progressevent.js,.js,1651
node_modules\.pnpm\pnpm@11.7.0\node_modules\pnpm\dist\node_modules\undici\lib\web\fileapi\symbols.js,.js,317
node_modules\.pnpm\pnpm@11.7.0\node_modules\pnpm\dist\node_modules\undici\lib\web\fileapi\util.js,.js,11526
node_modules\.pnpm\pnpm@11.7.0\node_modules\pnpm\dist\node_modules\undici\lib\web\websocket\connection.js,.js,14206
node_modules\.pnpm\pnpm@11.7.0\node_modules\pnpm\dist\node_modules\undici\lib\web\websocket\constants.js,.js,1073
node_modules\.pnpm\pnpm@11.7.0\node_modules\pnpm\dist\node_modules\undici\lib\web\websocket\events.js,.js,7353
node_modules\.pnpm\pnpm@11.7.0\node_modules\pnpm\dist\node_modules\undici\lib\web\websocket\frame.js,.js,2307
node_modules\.pnpm\pnpm@11.7.0\node_modules\pnpm\dist\node_modules\undici\lib\web\websocket\permessage-deflate.js,.js,2757
node_modules\.pnpm\pnpm@11.7.0\node_modules\pnpm\dist\node_modules\undici\lib\web\websocket\receiver.js,.js,15351
node_modules\.pnpm\pnpm@11.7.0\node_modules\pnpm\dist\node_modules\undici\lib\web\websocket\sender.js,.js,2291
node_modules\.pnpm\pnpm@11.7.0\node_modules\pnpm\dist\node_modules\undici\lib\web\websocket\symbols.js,.js,330
node_modules\.pnpm\pnpm@11.7.0\node_modules\pnpm\dist\node_modules\undici\lib\web\websocket\util.js,.js,9355
node_modules\.pnpm\pnpm@11.7.0\node_modules\pnpm\dist\node_modules\undici\lib\web\websocket\websocket.js,.js,18619
node_modules\.pnpm\pnpm@11.7.0\node_modules\pnpm\dist\node_modules\undici\package.json,.json,6290
node_modules\.pnpm\pnpm@11.7.0\node_modules\pnpm\dist\node_modules\undici\scripts\strip-comments.js,.js,260
node_modules\.pnpm\pnpm@11.7.0\node_modules\pnpm\dist\node_modules\v8-compile-cache\package.json,.json,832
node_modules\.pnpm\pnpm@11.7.0\node_modules\pnpm\dist\node_modules\v8-compile-cache\v8-compile-cache.js,.js,10837
node_modules\.pnpm\pnpm@11.7.0\node_modules\pnpm\dist\node_modules\which\bin\which.js,.js,960
node_modules\.pnpm\pnpm@11.7.0\node_modules\pnpm\dist\node_modules\which\lib\index.js,.js,3129
node_modules\.pnpm\pnpm@11.7.0\node_modules\pnpm\dist\node_modules\which\package.json,.json,1245
node_modules\.pnpm\pnpm@11.7.0\node_modules\pnpm\dist\node_modules\yallist\dist\commonjs\index.js,.js,9914
node_modules\.pnpm\pnpm@11.7.0\node_modules\pnpm\dist\node_modules\yallist\dist\commonjs\package.json,.json,25
node_modules\.pnpm\pnpm@11.7.0\node_modules\pnpm\dist\node_modules\yallist\dist\esm\index.js,.js,9762
node_modules\.pnpm\pnpm@11.7.0\node_modules\pnpm\dist\node_modules\yallist\dist\esm\package.json,.json,23
node_modules\.pnpm\pnpm@11.7.0\node_modules\pnpm\dist\node_modules\yallist\package.json,.json,1618
node_modules\.pnpm\pnpm@11.7.0\node_modules\pnpm\dist\worker.js,.js,435306
node_modules\.pnpm\pnpm@11.7.0\node_modules\pnpm\package.json,.json,2216
node_modules\.pnpm\pnpm@11.7.0\node_modules\pnpm\README.md,.md,12406
node_modules\.pnpm\pptxgenjs@4.0.1\node_modules\@types\node\package.json,.json,4274
node_modules\.pnpm\pptxgenjs@4.0.1\node_modules\@types\node\README.md,.md,1541
node_modules\.pnpm\pptxgenjs@4.0.1\node_modules\https\package.json,.json,331
node_modules\.pnpm\pptxgenjs@4.0.1\node_modules\image-size\bin\image-size.js,.js,1349
node_modules\.pnpm\pptxgenjs@4.0.1\node_modules\image-size\dist\detector.js,.js,817
node_modules\.pnpm\pptxgenjs@4.0.1\node_modules\image-size\dist\index.js,.js,4374
node_modules\.pnpm\pptxgenjs@4.0.1\node_modules\image-size\dist\types\bmp.js,.js,381
node_modules\.pnpm\pptxgenjs@4.0.1\node_modules\image-size\dist\types\cur.js,.js,597
node_modules\.pnpm\pptxgenjs@4.0.1\node_modules\image-size\dist\types\dds.js,.js,375
node_modules\.pnpm\pptxgenjs@4.0.1\node_modules\image-size\dist\types\gif.js,.js,409
node_modules\.pnpm\pptxgenjs@4.0.1\node_modules\image-size\dist\types\heif.js,.js,1537
node_modules\.pnpm\pptxgenjs@4.0.1\node_modules\image-size\dist\types\icns.js,.js,2930
node_modules\.pnpm\pptxgenjs@4.0.1\node_modules\image-size\dist\types\ico.js,.js,2686
node_modules\.pnpm\pptxgenjs@4.0.1\node_modules\image-size\dist\types\index.js,.js,1297
node_modules\.pnpm\pptxgenjs@4.0.1\node_modules\image-size\dist\types\interface.js,.js,77
node_modules\.pnpm\pptxgenjs@4.0.1\node_modules\image-size\dist\types\j2c.js,.js,462
node_modules\.pnpm\pptxgenjs@4.0.1\node_modules\image-size\dist\types\jp2.js,.js,1019
node_modules\.pnpm\pptxgenjs@4.0.1\node_modules\image-size\dist\types\jpg.js,.js,4901
node_modules\.pnpm\pptxgenjs@4.0.1\node_modules\image-size\dist\types\jxl-stream.js,.js,1697
node_modules\.pnpm\pptxgenjs@4.0.1\node_modules\image-size\dist\types\jxl.js,.js,2185
node_modules\.pnpm\pptxgenjs@4.0.1\node_modules\image-size\dist\types\ktx.js,.js,625
node_modules\.pnpm\pptxgenjs@4.0.1\node_modules\image-size\dist\types\png.js,.js,1242
node_modules\.pnpm\pptxgenjs@4.0.1\node_modules\image-size\dist\types\pnm.js,.js,2060
node_modules\.pnpm\pptxgenjs@4.0.1\node_modules\image-size\dist\types\psd.js,.js,374
node_modules\.pnpm\pptxgenjs@4.0.1\node_modules\image-size\dist\types\svg.js,.js,2590
node_modules\.pnpm\pptxgenjs@4.0.1\node_modules\image-size\dist\types\tga.js,.js,459
node_modules\.pnpm\pptxgenjs@4.0.1\node_modules\image-size\dist\types\tiff.js,.js,3284
node_modules\.pnpm\pptxgenjs@4.0.1\node_modules\image-size\dist\types\utils.js,.js,3160
node_modules\.pnpm\pptxgenjs@4.0.1\node_modules\image-size\dist\types\webp.js,.js,2187
node_modules\.pnpm\pptxgenjs@4.0.1\node_modules\image-size\dist\utils\bit-reader.js,.js,1658
node_modules\.pnpm\pptxgenjs@4.0.1\node_modules\image-size\package.json,.json,1726
node_modules\.pnpm\pptxgenjs@4.0.1\node_modules\image-size\Readme.md,.md,4280
node_modules\.pnpm\pptxgenjs@4.0.1\node_modules\jszip\.eslintrc.js,.js,896
node_modules\.pnpm\pptxgenjs@4.0.1\node_modules\jszip\CHANGES.md,.md,12038
node_modules\.pnpm\pptxgenjs@4.0.1\node_modules\jszip\deps.js,.js,1356
node_modules\.pnpm\pptxgenjs@4.0.1\node_modules\jszip\dist\jszip.js,.js,374191
node_modules\.pnpm\pptxgenjs@4.0.1\node_modules\jszip\dist\jszip.min.js,.js,97630
node_modules\.pnpm\pptxgenjs@4.0.1\node_modules\jszip\lib\base64.js,.js,3382
node_modules\.pnpm\pptxgenjs@4.0.1\node_modules\jszip\lib\compressedObject.js,.js,2890
node_modules\.pnpm\pptxgenjs@4.0.1\node_modules\jszip\lib\compressions.js,.js,350
node_modules\.pnpm\pptxgenjs@4.0.1\node_modules\jszip\lib\crc32.js,.js,1924
node_modules\.pnpm\pptxgenjs@4.0.1\node_modules\jszip\lib\defaults.js,.js,284
node_modules\.pnpm\pptxgenjs@4.0.1\node_modules\jszip\lib\external.js,.js,438
node_modules\.pnpm\pptxgenjs@4.0.1\node_modules\jszip\lib\flate.js,.js,2365
node_modules\.pnpm\pptxgenjs@4.0.1\node_modules\jszip\lib\generate\index.js,.js,2035
node_modules\.pnpm\pptxgenjs@4.0.1\node_modules\jszip\lib\generate\ZipFileWorker.js,.js,17954
node_modules\.pnpm\pptxgenjs@4.0.1\node_modules\jszip\lib\index.js,.js,1540
node_modules\.pnpm\pptxgenjs@4.0.1\node_modules\jszip\lib\license_header.js,.js,388
node_modules\.pnpm\pptxgenjs@4.0.1\node_modules\jszip\lib\load.js,.js,3196
node_modules\.pnpm\pptxgenjs@4.0.1\node_modules\jszip\lib\nodejs\NodejsStreamInputAdapter.js,.js,1933
node_modules\.pnpm\pptxgenjs@4.0.1\node_modules\jszip\lib\nodejs\NodejsStreamOutputAdapter.js,.js,1075
node_modules\.pnpm\pptxgenjs@4.0.1\node_modules\jszip\lib\nodejsUtils.js,.js,1886
node_modules\.pnpm\pptxgenjs@4.0.1\node_modules\jszip\lib\object.js,.js,12440
node_modules\.pnpm\pptxgenjs@4.0.1\node_modules\jszip\lib\readable-stream-browser.js,.js,441
node_modules\.pnpm\pptxgenjs@4.0.1\node_modules\jszip\lib\reader\ArrayReader.js,.js,1587
node_modules\.pnpm\pptxgenjs@4.0.1\node_modules\jszip\lib\reader\DataReader.js,.js,3709
node_modules\.pnpm\pptxgenjs@4.0.1\node_modules\jszip\lib\reader\NodeBufferReader.js,.js,519
node_modules\.pnpm\pptxgenjs@4.0.1\node_modules\jszip\lib\reader\readerFor.js,.js,904
node_modules\.pnpm\pptxgenjs@4.0.1\node_modules\jszip\lib\reader\StringReader.js,.js,1020
node_modules\.pnpm\pptxgenjs@4.0.1\node_modules\jszip\lib\reader\Uint8ArrayReader.js,.js,652
node_modules\.pnpm\pptxgenjs@4.0.1\node_modules\jszip\lib\signature.js,.js,294
node_modules\.pnpm\pptxgenjs@4.0.1\node_modules\jszip\lib\stream\ConvertWorker.js,.js,648
node_modules\.pnpm\pptxgenjs@4.0.1\node_modules\jszip\lib\stream\Crc32Probe.js,.js,599
node_modules\.pnpm\pptxgenjs@4.0.1\node_modules\jszip\lib\stream\DataLengthProbe.js,.js,829
node_modules\.pnpm\pptxgenjs@4.0.1\node_modules\jszip\lib\stream\DataWorker.js,.js,2748
node_modules\.pnpm\pptxgenjs@4.0.1\node_modules\jszip\lib\stream\GenericWorker.js,.js,8206
node_modules\.pnpm\pptxgenjs@4.0.1\node_modules\jszip\lib\stream\StreamHelper.js,.js,6877
node_modules\.pnpm\pptxgenjs@4.0.1\node_modules\jszip\lib\support.js,.js,1089
node_modules\.pnpm\pptxgenjs@4.0.1\node_modules\jszip\lib\utf8.js,.js,8102
node_modules\.pnpm\pptxgenjs@4.0.1\node_modules\jszip\lib\utils.js,.js,16552
node_modules\.pnpm\pptxgenjs@4.0.1\node_modules\jszip\lib\zipEntries.js,.js,11867
node_modules\.pnpm\pptxgenjs@4.0.1\node_modules\jszip\lib\zipEntry.js,.js,11314
node_modules\.pnpm\pptxgenjs@4.0.1\node_modules\jszip\lib\zipObject.js,.js,4528
node_modules\.pnpm\pptxgenjs@4.0.1\node_modules\jszip\package.json,.json,1787
node_modules\.pnpm\pptxgenjs@4.0.1\node_modules\jszip\sponsors.md,.md,704
node_modules\.pnpm\pptxgenjs@4.0.1\node_modules\jszip\tsconfig.json,.json,11000
node_modules\.pnpm\pptxgenjs@4.0.1\node_modules\jszip\vendor\FileSaver.js,.js,7745
node_modules\.pnpm\pptxgenjs@4.0.1\node_modules\pptxgenjs\dist\pptxgen.bundle.js,.js,460889
node_modules\.pnpm\pptxgenjs@4.0.1\node_modules\pptxgenjs\dist\pptxgen.cjs.js,.js,516944
node_modules\.pnpm\pptxgenjs@4.0.1\node_modules\pptxgenjs\dist\pptxgen.es.js,.js,516931
node_modules\.pnpm\pptxgenjs@4.0.1\node_modules\pptxgenjs\dist\pptxgen.min.js,.js,271010
node_modules\.pnpm\pptxgenjs@4.0.1\node_modules\pptxgenjs\package.json,.json,2265
node_modules\.pnpm\pptxgenjs@4.0.1\node_modules\pptxgenjs\README.md,.md,8798
node_modules\.pnpm\process-nextick-args@2.0.1\node_modules\process-nextick-args\index.js,.js,1083
node_modules\.pnpm\process-nextick-args@2.0.1\node_modules\process-nextick-args\license.md,.md,1064
node_modules\.pnpm\process-nextick-args@2.0.1\node_modules\process-nextick-args\package.json,.json,578
node_modules\.pnpm\process-nextick-args@2.0.1\node_modules\process-nextick-args\readme.md,.md,450
node_modules\.pnpm\queue@6.0.2\node_modules\inherits\inherits.js,.js,250
node_modules\.pnpm\queue@6.0.2\node_modules\inherits\inherits_browser.js,.js,753
node_modules\.pnpm\queue@6.0.2\node_modules\inherits\package.json,.json,581
node_modules\.pnpm\queue@6.0.2\node_modules\inherits\README.md,.md,1625
node_modules\.pnpm\queue@6.0.2\node_modules\queue\index.js,.js,4122
node_modules\.pnpm\queue@6.0.2\node_modules\queue\package.json,.json,1195
node_modules\.pnpm\queue@6.0.2\node_modules\queue\readme.md,.md,6453
node_modules\.pnpm\readable-stream@2.3.8\node_modules\core-util-is\lib\util.js,.js,3039
node_modules\.pnpm\readable-stream@2.3.8\node_modules\core-util-is\package.json,.json,799
node_modules\.pnpm\readable-stream@2.3.8\node_modules\core-util-is\README.md,.md,67
node_modules\.pnpm\readable-stream@2.3.8\node_modules\inherits\inherits.js,.js,250
node_modules\.pnpm\readable-stream@2.3.8\node_modules\inherits\inherits_browser.js,.js,753
node_modules\.pnpm\readable-stream@2.3.8\node_modules\inherits\package.json,.json,581
node_modules\.pnpm\readable-stream@2.3.8\node_modules\inherits\README.md,.md,1625
node_modules\.pnpm\readable-stream@2.3.8\node_modules\isarray\component.json,.json,470
node_modules\.pnpm\readable-stream@2.3.8\node_modules\isarray\index.js,.js,132
node_modules\.pnpm\readable-stream@2.3.8\node_modules\isarray\package.json,.json,958
node_modules\.pnpm\readable-stream@2.3.8\node_modules\isarray\README.md,.md,1890
node_modules\.pnpm\readable-stream@2.3.8\node_modules\isarray\test.js,.js,320
node_modules\.pnpm\readable-stream@2.3.8\node_modules\process-nextick-args\index.js,.js,1083
node_modules\.pnpm\readable-stream@2.3.8\node_modules\process-nextick-args\license.md,.md,1064
node_modules\.pnpm\readable-stream@2.3.8\node_modules\process-nextick-args\package.json,.json,578
node_modules\.pnpm\readable-stream@2.3.8\node_modules\process-nextick-args\readme.md,.md,450
node_modules\.pnpm\readable-stream@2.3.8\node_modules\readable-stream\CONTRIBUTING.md,.md,1443
node_modules\.pnpm\readable-stream@2.3.8\node_modules\readable-stream\doc\wg-meetings\2015-01-30.md,.md,2280
node_modules\.pnpm\readable-stream@2.3.8\node_modules\readable-stream\duplex-browser.js,.js,53
node_modules\.pnpm\readable-stream@2.3.8\node_modules\readable-stream\duplex.js,.js,46
node_modules\.pnpm\readable-stream@2.3.8\node_modules\readable-stream\GOVERNANCE.md,.md,5550
node_modules\.pnpm\readable-stream@2.3.8\node_modules\readable-stream\lib\_stream_duplex.js,.js,4015
node_modules\.pnpm\readable-stream@2.3.8\node_modules\readable-stream\lib\_stream_passthrough.js,.js,1753
node_modules\.pnpm\readable-stream@2.3.8\node_modules\readable-stream\lib\_stream_readable.js,.js,31426
node_modules\.pnpm\readable-stream@2.3.8\node_modules\readable-stream\lib\_stream_transform.js,.js,7742
node_modules\.pnpm\readable-stream@2.3.8\node_modules\readable-stream\lib\_stream_writable.js,.js,20335
node_modules\.pnpm\readable-stream@2.3.8\node_modules\readable-stream\lib\internal\streams\BufferList.js,.js,2009
node_modules\.pnpm\readable-stream@2.3.8\node_modules\readable-stream\lib\internal\streams\destroy.js,.js,2175
node_modules\.pnpm\readable-stream@2.3.8\node_modules\readable-stream\lib\internal\streams\stream-browser.js,.js,49
node_modules\.pnpm\readable-stream@2.3.8\node_modules\readable-stream\lib\internal\streams\stream.js,.js,36
node_modules\.pnpm\readable-stream@2.3.8\node_modules\readable-stream\package.json,.json,1370
node_modules\.pnpm\readable-stream@2.3.8\node_modules\readable-stream\passthrough.js,.js,51
node_modules\.pnpm\readable-stream@2.3.8\node_modules\readable-stream\readable-browser.js,.js,351
node_modules\.pnpm\readable-stream@2.3.8\node_modules\readable-stream\readable.js,.js,771
node_modules\.pnpm\readable-stream@2.3.8\node_modules\readable-stream\README.md,.md,2999
node_modules\.pnpm\readable-stream@2.3.8\node_modules\readable-stream\transform.js,.js,49
node_modules\.pnpm\readable-stream@2.3.8\node_modules\readable-stream\writable-browser.js,.js,55
node_modules\.pnpm\readable-stream@2.3.8\node_modules\readable-stream\writable.js,.js,229
node_modules\.pnpm\readable-stream@2.3.8\node_modules\safe-buffer\index.js,.js,1529
node_modules\.pnpm\readable-stream@2.3.8\node_modules\safe-buffer\package.json,.json,783
node_modules\.pnpm\readable-stream@2.3.8\node_modules\safe-buffer\README.md,.md,19555
node_modules\.pnpm\readable-stream@2.3.8\node_modules\string_decoder\lib\string_decoder.js,.js,9465
node_modules\.pnpm\readable-stream@2.3.8\node_modules\string_decoder\package.json,.json,795
node_modules\.pnpm\readable-stream@2.3.8\node_modules\string_decoder\README.md,.md,1801
node_modules\.pnpm\readable-stream@2.3.8\node_modules\util-deprecate\browser.js,.js,1614
node_modules\.pnpm\readable-stream@2.3.8\node_modules\util-deprecate\History.md,.md,282
node_modules\.pnpm\readable-stream@2.3.8\node_modules\util-deprecate\node.js,.js,123
node_modules\.pnpm\readable-stream@2.3.8\node_modules\util-deprecate\package.json,.json,694
node_modules\.pnpm\readable-stream@2.3.8\node_modules\util-deprecate\README.md,.md,1666
node_modules\.pnpm\regenerator-runtime@0.13.11\node_modules\regenerator-runtime\package.json,.json,464
node_modules\.pnpm\regenerator-runtime@0.13.11\node_modules\regenerator-runtime\path.js,.js,252
node_modules\.pnpm\regenerator-runtime@0.13.11\node_modules\regenerator-runtime\README.md,.md,761
node_modules\.pnpm\regenerator-runtime@0.13.11\node_modules\regenerator-runtime\runtime.js,.js,25202
node_modules\.pnpm\safe-buffer@5.1.2\node_modules\safe-buffer\index.js,.js,1529
node_modules\.pnpm\safe-buffer@5.1.2\node_modules\safe-buffer\package.json,.json,783
node_modules\.pnpm\safe-buffer@5.1.2\node_modules\safe-buffer\README.md,.md,19555
node_modules\.pnpm\sax@1.6.0\node_modules\sax\lib\sax.js,.js,50146
node_modules\.pnpm\sax@1.6.0\node_modules\sax\LICENSE.md,.md,1552
node_modules\.pnpm\sax@1.6.0\node_modules\sax\package.json,.json,789
node_modules\.pnpm\sax@1.6.0\node_modules\sax\README.md,.md,8519
node_modules\.pnpm\semver@7.8.5\node_modules\semver\bin\semver.js,.js,4957
node_modules\.pnpm\semver@7.8.5\node_modules\semver\classes\comparator.js,.js,3631
node_modules\.pnpm\semver@7.8.5\node_modules\semver\classes\index.js,.js,143
node_modules\.pnpm\semver@7.8.5\node_modules\semver\classes\range.js,.js,15647
node_modules\.pnpm\semver@7.8.5\node_modules\semver\classes\semver.js,.js,9891
node_modules\.pnpm\semver@7.8.5\node_modules\semver\functions\clean.js,.js,205
node_modules\.pnpm\semver@7.8.5\node_modules\semver\functions\cmp.js,.js,961
node_modules\.pnpm\semver@7.8.5\node_modules\semver\functions\coerce.js,.js,2004
node_modules\.pnpm\semver@7.8.5\node_modules\semver\functions\compare-build.js,.js,281
node_modules\.pnpm\semver@7.8.5\node_modules\semver\functions\compare-loose.js,.js,132
node_modules\.pnpm\semver@7.8.5\node_modules\semver\functions\compare.js,.js,170
node_modules\.pnpm\semver@7.8.5\node_modules\semver\functions\diff.js,.js,1423
node_modules\.pnpm\semver@7.8.5\node_modules\semver\functions\eq.js,.js,126
node_modules\.pnpm\semver@7.8.5\node_modules\semver\functions\gt.js,.js,124
node_modules\.pnpm\semver@7.8.5\node_modules\semver\functions\gte.js,.js,127
node_modules\.pnpm\semver@7.8.5\node_modules\semver\functions\inc.js,.js,478
node_modules\.pnpm\semver@7.8.5\node_modules\semver\functions\lt.js,.js,124
node_modules\.pnpm\semver@7.8.5\node_modules\semver\functions\lte.js,.js,127
node_modules\.pnpm\semver@7.8.5\node_modules\semver\functions\major.js,.js,136
node_modules\.pnpm\semver@7.8.5\node_modules\semver\functions\minor.js,.js,136
node_modules\.pnpm\semver@7.8.5\node_modules\semver\functions\neq.js,.js,128
node_modules\.pnpm\semver@7.8.5\node_modules\semver\functions\parse.js,.js,331
node_modules\.pnpm\semver@7.8.5\node_modules\semver\functions\patch.js,.js,136
node_modules\.pnpm\semver@7.8.5\node_modules\semver\functions\prerelease.js,.js,234
node_modules\.pnpm\semver@7.8.5\node_modules\semver\functions\rcompare.js,.js,132
node_modules\.pnpm\semver@7.8.5\node_modules\semver\functions\rsort.js,.js,163
node_modules\.pnpm\semver@7.8.5\node_modules\semver\functions\satisfies.js,.js,247
node_modules\.pnpm\semver@7.8.5\node_modules\semver\functions\sort.js,.js,161
node_modules\.pnpm\semver@7.8.5\node_modules\semver\functions\truncate.js,.js,1021
node_modules\.pnpm\semver@7.8.5\node_modules\semver\functions\valid.js,.js,176
node_modules\.pnpm\semver@7.8.5\node_modules\semver\index.js,.js,2691
node_modules\.pnpm\semver@7.8.5\node_modules\semver\internal\constants.js,.js,873
node_modules\.pnpm\semver@7.8.5\node_modules\semver\internal\debug.js,.js,240
node_modules\.pnpm\semver@7.8.5\node_modules\semver\internal\identifiers.js,.js,525
node_modules\.pnpm\semver@7.8.5\node_modules\semver\internal\lrucache.js,.js,802
node_modules\.pnpm\semver@7.8.5\node_modules\semver\internal\parse-options.js,.js,338
node_modules\.pnpm\semver@7.8.5\node_modules\semver\internal\re.js,.js,8139
node_modules\.pnpm\semver@7.8.5\node_modules\semver\package.json,.json,1661
node_modules\.pnpm\semver@7.8.5\node_modules\semver\preload.js,.js,83
node_modules\.pnpm\semver@7.8.5\node_modules\semver\ranges\gtr.js,.js,231
node_modules\.pnpm\semver@7.8.5\node_modules\semver\ranges\intersects.js,.js,224
node_modules\.pnpm\semver@7.8.5\node_modules\semver\ranges\ltr.js,.js,227
node_modules\.pnpm\semver@7.8.5\node_modules\semver\ranges\max-satisfying.js,.js,593
node_modules\.pnpm\semver@7.8.5\node_modules\semver\ranges\min-satisfying.js,.js,591
node_modules\.pnpm\semver@7.8.5\node_modules\semver\ranges\min-version.js,.js,1514
node_modules\.pnpm\semver@7.8.5\node_modules\semver\ranges\outside.js,.js,2204
node_modules\.pnpm\semver@7.8.5\node_modules\semver\ranges\simplify.js,.js,1355
node_modules\.pnpm\semver@7.8.5\node_modules\semver\ranges\subset.js,.js,7478
node_modules\.pnpm\semver@7.8.5\node_modules\semver\ranges\to-comparators.js,.js,282
node_modules\.pnpm\semver@7.8.5\node_modules\semver\ranges\valid.js,.js,326
node_modules\.pnpm\semver@7.8.5\node_modules\semver\README.md,.md,25669
node_modules\.pnpm\setimmediate@1.0.5\node_modules\setimmediate\LICENSE.txt,.txt,1103
node_modules\.pnpm\setimmediate@1.0.5\node_modules\setimmediate\package.json,.json,980
node_modules\.pnpm\setimmediate@1.0.5\node_modules\setimmediate\setImmediate.js,.js,6475
node_modules\.pnpm\sharp@0.34.5\node_modules\@img\colour\LICENSE.md,.md,4433
node_modules\.pnpm\sharp@0.34.5\node_modules\@img\colour\package.json,.json,1515
node_modules\.pnpm\sharp@0.34.5\node_modules\@img\colour\README.md,.md,562
node_modules\.pnpm\sharp@0.34.5\node_modules\@img\sharp-win32-x64\package.json,.json,908
node_modules\.pnpm\sharp@0.34.5\node_modules\@img\sharp-win32-x64\README.md,.md,4899
node_modules\.pnpm\sharp@0.34.5\node_modules\@img\sharp-win32-x64\versions.json,.json,594
node_modules\.pnpm\sharp@0.34.5\node_modules\detect-libc\lib\detect-libc.js,.js,7503
node_modules\.pnpm\sharp@0.34.5\node_modules\detect-libc\lib\elf.js,.js,982
node_modules\.pnpm\sharp@0.34.5\node_modules\detect-libc\lib\filesystem.js,.js,1097
node_modules\.pnpm\sharp@0.34.5\node_modules\detect-libc\lib\process.js,.js,569
node_modules\.pnpm\sharp@0.34.5\node_modules\detect-libc\package.json,.json,1278
node_modules\.pnpm\sharp@0.34.5\node_modules\detect-libc\README.md,.md,3215
node_modules\.pnpm\sharp@0.34.5\node_modules\semver\bin\semver.js,.js,4957
node_modules\.pnpm\sharp@0.34.5\node_modules\semver\classes\comparator.js,.js,3631
node_modules\.pnpm\sharp@0.34.5\node_modules\semver\classes\index.js,.js,143
node_modules\.pnpm\sharp@0.34.5\node_modules\semver\classes\range.js,.js,15647
node_modules\.pnpm\sharp@0.34.5\node_modules\semver\classes\semver.js,.js,9891
node_modules\.pnpm\sharp@0.34.5\node_modules\semver\functions\clean.js,.js,205
node_modules\.pnpm\sharp@0.34.5\node_modules\semver\functions\cmp.js,.js,961
node_modules\.pnpm\sharp@0.34.5\node_modules\semver\functions\coerce.js,.js,2004
node_modules\.pnpm\sharp@0.34.5\node_modules\semver\functions\compare-build.js,.js,281
node_modules\.pnpm\sharp@0.34.5\node_modules\semver\functions\compare-loose.js,.js,132
node_modules\.pnpm\sharp@0.34.5\node_modules\semver\functions\compare.js,.js,170
node_modules\.pnpm\sharp@0.34.5\node_modules\semver\functions\diff.js,.js,1423
node_modules\.pnpm\sharp@0.34.5\node_modules\semver\functions\eq.js,.js,126
node_modules\.pnpm\sharp@0.34.5\node_modules\semver\functions\gt.js,.js,124
node_modules\.pnpm\sharp@0.34.5\node_modules\semver\functions\gte.js,.js,127
node_modules\.pnpm\sharp@0.34.5\node_modules\semver\functions\inc.js,.js,478
node_modules\.pnpm\sharp@0.34.5\node_modules\semver\functions\lt.js,.js,124
node_modules\.pnpm\sharp@0.34.5\node_modules\semver\functions\lte.js,.js,127
node_modules\.pnpm\sharp@0.34.5\node_modules\semver\functions\major.js,.js,136
node_modules\.pnpm\sharp@0.34.5\node_modules\semver\functions\minor.js,.js,136
node_modules\.pnpm\sharp@0.34.5\node_modules\semver\functions\neq.js,.js,128
node_modules\.pnpm\sharp@0.34.5\node_modules\semver\functions\parse.js,.js,331
node_modules\.pnpm\sharp@0.34.5\node_modules\semver\functions\patch.js,.js,136
node_modules\.pnpm\sharp@0.34.5\node_modules\semver\functions\prerelease.js,.js,234
node_modules\.pnpm\sharp@0.34.5\node_modules\semver\functions\rcompare.js,.js,132
node_modules\.pnpm\sharp@0.34.5\node_modules\semver\functions\rsort.js,.js,163
node_modules\.pnpm\sharp@0.34.5\node_modules\semver\functions\satisfies.js,.js,247
node_modules\.pnpm\sharp@0.34.5\node_modules\semver\functions\sort.js,.js,161
node_modules\.pnpm\sharp@0.34.5\node_modules\semver\functions\truncate.js,.js,1021
node_modules\.pnpm\sharp@0.34.5\node_modules\semver\functions\valid.js,.js,176
node_modules\.pnpm\sharp@0.34.5\node_modules\semver\index.js,.js,2691
node_modules\.pnpm\sharp@0.34.5\node_modules\semver\internal\constants.js,.js,873
node_modules\.pnpm\sharp@0.34.5\node_modules\semver\internal\debug.js,.js,240
node_modules\.pnpm\sharp@0.34.5\node_modules\semver\internal\identifiers.js,.js,525
node_modules\.pnpm\sharp@0.34.5\node_modules\semver\internal\lrucache.js,.js,802
node_modules\.pnpm\sharp@0.34.5\node_modules\semver\internal\parse-options.js,.js,338
node_modules\.pnpm\sharp@0.34.5\node_modules\semver\internal\re.js,.js,8139
node_modules\.pnpm\sharp@0.34.5\node_modules\semver\package.json,.json,1661
node_modules\.pnpm\sharp@0.34.5\node_modules\semver\preload.js,.js,83
node_modules\.pnpm\sharp@0.34.5\node_modules\semver\ranges\gtr.js,.js,231
node_modules\.pnpm\sharp@0.34.5\node_modules\semver\ranges\intersects.js,.js,224
node_modules\.pnpm\sharp@0.34.5\node_modules\semver\ranges\ltr.js,.js,227
node_modules\.pnpm\sharp@0.34.5\node_modules\semver\ranges\max-satisfying.js,.js,593
node_modules\.pnpm\sharp@0.34.5\node_modules\semver\ranges\min-satisfying.js,.js,591
node_modules\.pnpm\sharp@0.34.5\node_modules\semver\ranges\min-version.js,.js,1514
node_modules\.pnpm\sharp@0.34.5\node_modules\semver\ranges\outside.js,.js,2204
node_modules\.pnpm\sharp@0.34.5\node_modules\semver\ranges\simplify.js,.js,1355
node_modules\.pnpm\sharp@0.34.5\node_modules\semver\ranges\subset.js,.js,7478
node_modules\.pnpm\sharp@0.34.5\node_modules\semver\ranges\to-comparators.js,.js,282
node_modules\.pnpm\sharp@0.34.5\node_modules\semver\ranges\valid.js,.js,326
node_modules\.pnpm\sharp@0.34.5\node_modules\semver\README.md,.md,25669
node_modules\.pnpm\sharp@0.34.5\node_modules\sharp\install\build.js,.js,882
node_modules\.pnpm\sharp@0.34.5\node_modules\sharp\install\check.js,.js,383
node_modules\.pnpm\sharp@0.34.5\node_modules\sharp\lib\channel.js,.js,5379
node_modules\.pnpm\sharp@0.34.5\node_modules\sharp\lib\colour.js,.js,5310
node_modules\.pnpm\sharp@0.34.5\node_modules\sharp\lib\composite.js,.js,8960
node_modules\.pnpm\sharp@0.34.5\node_modules\sharp\lib\constructor.js,.js,19959
node_modules\.pnpm\sharp@0.34.5\node_modules\sharp\lib\index.js,.js,385
node_modules\.pnpm\sharp@0.34.5\node_modules\sharp\lib\input.js,.js,32973
node_modules\.pnpm\sharp@0.34.5\node_modules\sharp\lib\is.js,.js,2930
node_modules\.pnpm\sharp@0.34.5\node_modules\sharp\lib\libvips.js,.js,5947
node_modules\.pnpm\sharp@0.34.5\node_modules\sharp\lib\operation.js,.js,33282
node_modules\.pnpm\sharp@0.34.5\node_modules\sharp\lib\output.js,.js,61198
node_modules\.pnpm\sharp@0.34.5\node_modules\sharp\lib\resize.js,.js,21080
node_modules\.pnpm\sharp@0.34.5\node_modules\sharp\lib\sharp.js,.js,4044
node_modules\.pnpm\sharp@0.34.5\node_modules\sharp\lib\utility.js,.js,9437
node_modules\.pnpm\sharp@0.34.5\node_modules\sharp\package.json,.json,7478
node_modules\.pnpm\sharp@0.34.5\node_modules\sharp\README.md,.md,3160
node_modules\.pnpm\string_decoder@1.1.1\node_modules\safe-buffer\index.js,.js,1529
node_modules\.pnpm\string_decoder@1.1.1\node_modules\safe-buffer\package.json,.json,783
node_modules\.pnpm\string_decoder@1.1.1\node_modules\safe-buffer\README.md,.md,19555
node_modules\.pnpm\string_decoder@1.1.1\node_modules\string_decoder\lib\string_decoder.js,.js,9465
node_modules\.pnpm\string_decoder@1.1.1\node_modules\string_decoder\package.json,.json,795
node_modules\.pnpm\string_decoder@1.1.1\node_modules\string_decoder\README.md,.md,1801
node_modules\.pnpm\tesseract.js-core@7.0.0\node_modules\tesseract.js-core\index.js,.js,118
node_modules\.pnpm\tesseract.js-core@7.0.0\node_modules\tesseract.js-core\package.json,.json,1784
node_modules\.pnpm\tesseract.js-core@7.0.0\node_modules\tesseract.js-core\README.md,.md,4562
node_modules\.pnpm\tesseract.js-core@7.0.0\node_modules\tesseract.js-core\tesseract-core-lstm.js,.js,89261
node_modules\.pnpm\tesseract.js-core@7.0.0\node_modules\tesseract.js-core\tesseract-core-lstm.wasm.js,.js,3896484
node_modules\.pnpm\tesseract.js-core@7.0.0\node_modules\tesseract.js-core\tesseract-core-relaxedsimd-lstm.js,.js,89360
node_modules\.pnpm\tesseract.js-core@7.0.0\node_modules\tesseract.js-core\tesseract-core-relaxedsimd-lstm.wasm.js,.js,3905767
node_modules\.pnpm\tesseract.js-core@7.0.0\node_modules\tesseract.js-core\tesseract-core-relaxedsimd.js,.js,89066
node_modules\.pnpm\tesseract.js-core@7.0.0\node_modules\tesseract.js-core\tesseract-core-relaxedsimd.wasm.js,.js,4697227
node_modules\.pnpm\tesseract.js-core@7.0.0\node_modules\tesseract.js-core\tesseract-core-simd-lstm.js,.js,89271
node_modules\.pnpm\tesseract.js-core@7.0.0\node_modules\tesseract.js-core\tesseract-core-simd-lstm.wasm.js,.js,3899472
node_modules\.pnpm\tesseract.js-core@7.0.0\node_modules\tesseract.js-core\tesseract-core-simd.js,.js,88977
node_modules\.pnpm\tesseract.js-core@7.0.0\node_modules\tesseract.js-core\tesseract-core-simd.wasm.js,.js,4690932
node_modules\.pnpm\tesseract.js-core@7.0.0\node_modules\tesseract.js-core\tesseract-core.js,.js,88967
node_modules\.pnpm\tesseract.js-core@7.0.0\node_modules\tesseract.js-core\tesseract-core.wasm.js,.js,4687944
node_modules\.pnpm\tesseract.js@7.0.0\node_modules\bmp-js\index.js,.js,233
node_modules\.pnpm\tesseract.js@7.0.0\node_modules\bmp-js\lib\decoder.js,.js,14445
node_modules\.pnpm\tesseract.js@7.0.0\node_modules\bmp-js\lib\encoder.js,.js,2429
node_modules\.pnpm\tesseract.js@7.0.0\node_modules\bmp-js\package.json,.json,546
node_modules\.pnpm\tesseract.js@7.0.0\node_modules\bmp-js\README.md,.md,862
node_modules\.pnpm\tesseract.js@7.0.0\node_modules\bmp-js\test\test.js,.js,801
node_modules\.pnpm\tesseract.js@7.0.0\node_modules\idb-keyval\dist\compat.js,.js,9607
node_modules\.pnpm\tesseract.js@7.0.0\node_modules\idb-keyval\dist\index.js,.js,6907
node_modules\.pnpm\tesseract.js@7.0.0\node_modules\idb-keyval\dist\umd.js,.js,4810
node_modules\.pnpm\tesseract.js@7.0.0\node_modules\idb-keyval\package.json,.json,2127
node_modules\.pnpm\tesseract.js@7.0.0\node_modules\idb-keyval\README.md,.md,6133
node_modules\.pnpm\tesseract.js@7.0.0\node_modules\is-url\History.md,.md,503
node_modules\.pnpm\tesseract.js@7.0.0\node_modules\is-url\index.js,.js,856
node_modules\.pnpm\tesseract.js@7.0.0\node_modules\is-url\package.json,.json,274
node_modules\.pnpm\tesseract.js@7.0.0\node_modules\is-url\Readme.md,.md,193
node_modules\.pnpm\tesseract.js@7.0.0\node_modules\is-url\test\index.js,.js,3688
node_modules\.pnpm\tesseract.js@7.0.0\node_modules\node-fetch\browser.js,.js,781
node_modules\.pnpm\tesseract.js@7.0.0\node_modules\node-fetch\lib\index.es.js,.js,45346
node_modules\.pnpm\tesseract.js@7.0.0\node_modules\node-fetch\lib\index.js,.js,45775
node_modules\.pnpm\tesseract.js@7.0.0\node_modules\node-fetch\LICENSE.md,.md,1079
node_modules\.pnpm\tesseract.js@7.0.0\node_modules\node-fetch\package.json,.json,2668
node_modules\.pnpm\tesseract.js@7.0.0\node_modules\node-fetch\README.md,.md,21332
node_modules\.pnpm\tesseract.js@7.0.0\node_modules\opencollective-postinstall\index.js,.js,793
node_modules\.pnpm\tesseract.js@7.0.0\node_modules\opencollective-postinstall\package.json,.json,787
node_modules\.pnpm\tesseract.js@7.0.0\node_modules\opencollective-postinstall\README.md,.md,1035
node_modules\.pnpm\tesseract.js@7.0.0\node_modules\regenerator-runtime\package.json,.json,464
node_modules\.pnpm\tesseract.js@7.0.0\node_modules\regenerator-runtime\path.js,.js,252
node_modules\.pnpm\tesseract.js@7.0.0\node_modules\regenerator-runtime\README.md,.md,761
node_modules\.pnpm\tesseract.js@7.0.0\node_modules\regenerator-runtime\runtime.js,.js,25202
node_modules\.pnpm\tesseract.js@7.0.0\node_modules\tesseract.js\dist\tesseract.esm.min.js,.js,63220
node_modules\.pnpm\tesseract.js@7.0.0\node_modules\tesseract.js\dist\tesseract.min.js,.js,62961
node_modules\.pnpm\tesseract.js@7.0.0\node_modules\tesseract.js\dist\tesseract.min.js.LICENSE.txt,.txt,149
node_modules\.pnpm\tesseract.js@7.0.0\node_modules\tesseract.js\dist\worker.min.js,.js,111307
node_modules\.pnpm\tesseract.js@7.0.0\node_modules\tesseract.js\dist\worker.min.js.LICENSE.txt,.txt,466
node_modules\.pnpm\tesseract.js@7.0.0\node_modules\tesseract.js\docs\api.md,.md,14875
node_modules\.pnpm\tesseract.js@7.0.0\node_modules\tesseract.js\docs\examples.md,.md,4670
node_modules\.pnpm\tesseract.js@7.0.0\node_modules\tesseract.js\docs\faq.md,.md,7870
node_modules\.pnpm\tesseract.js@7.0.0\node_modules\tesseract.js\docs\image-format.md,.md,767
node_modules\.pnpm\tesseract.js@7.0.0\node_modules\tesseract.js\docs\local-installation.md,.md,2511
node_modules\.pnpm\tesseract.js@7.0.0\node_modules\tesseract.js\docs\performance.md,.md,4659
node_modules\.pnpm\tesseract.js@7.0.0\node_modules\tesseract.js\docs\tesseract_lang_list.md,.md,163
node_modules\.pnpm\tesseract.js@7.0.0\node_modules\tesseract.js\docs\workers_vs_schedulers.md,.md,3991
node_modules\.pnpm\tesseract.js@7.0.0\node_modules\tesseract.js\examples\node\download-pdf.js,.js,647
node_modules\.pnpm\tesseract.js@7.0.0\node_modules\tesseract.js\examples\node\image-processing.js,.js,1183
node_modules\.pnpm\tesseract.js@7.0.0\node_modules\tesseract.js\examples\node\recognize.js,.js,499
node_modules\.pnpm\tesseract.js@7.0.0\node_modules\tesseract.js\examples\node\scheduler.js,.js,1166
node_modules\.pnpm\tesseract.js@7.0.0\node_modules\tesseract.js\karma.conf.js,.js,1945
node_modules\.pnpm\tesseract.js@7.0.0\node_modules\tesseract.js\LICENSE.md,.md,11357
node_modules\.pnpm\tesseract.js@7.0.0\node_modules\tesseract.js\package.json,.json,2914
node_modules\.pnpm\tesseract.js@7.0.0\node_modules\tesseract.js\README.md,.md,11163
node_modules\.pnpm\tesseract.js@7.0.0\node_modules\tesseract.js\scripts\server.js,.js,874
node_modules\.pnpm\tesseract.js@7.0.0\node_modules\tesseract.js\scripts\webpack.config.common.js,.js,539
node_modules\.pnpm\tesseract.js@7.0.0\node_modules\tesseract.js\scripts\webpack.config.prod.js,.js,814
node_modules\.pnpm\tesseract.js@7.0.0\node_modules\tesseract.js\src\constants\defaultOptions.js,.js,172
node_modules\.pnpm\tesseract.js@7.0.0\node_modules\tesseract.js\src\constants\imageType.js,.js,73
node_modules\.pnpm\tesseract.js@7.0.0\node_modules\tesseract.js\src\constants\languages.js,.js,5559
node_modules\.pnpm\tesseract.js@7.0.0\node_modules\tesseract.js\src\constants\OEM.js,.js,237
node_modules\.pnpm\tesseract.js@7.0.0\node_modules\tesseract.js\src\constants\PSM.js,.js,360
node_modules\.pnpm\tesseract.js@7.0.0\node_modules\tesseract.js\src\createJob.js,.js,306
node_modules\.pnpm\tesseract.js@7.0.0\node_modules\tesseract.js\src\createScheduler.js,.js,1986
node_modules\.pnpm\tesseract.js@7.0.0\node_modules\tesseract.js\src\createWorker.js,.js,6672
node_modules\.pnpm\tesseract.js@7.0.0\node_modules\tesseract.js\src\index.js,.js,754
node_modules\.pnpm\tesseract.js@7.0.0\node_modules\tesseract.js\src\Tesseract.js,.js,522
node_modules\.pnpm\tesseract.js@7.0.0\node_modules\tesseract.js\src\utils\getEnvironment.js,.js,395
node_modules\.pnpm\tesseract.js@7.0.0\node_modules\tesseract.js\src\utils\getId.js,.js,117
node_modules\.pnpm\tesseract.js@7.0.0\node_modules\tesseract.js\src\utils\log.js,.js,205
node_modules\.pnpm\tesseract.js@7.0.0\node_modules\tesseract.js\src\utils\resolvePaths.js,.js,413
node_modules\.pnpm\tesseract.js@7.0.0\node_modules\tesseract.js\src\worker\browser\defaultOptions.js,.js,318
node_modules\.pnpm\tesseract.js@7.0.0\node_modules\tesseract.js\src\worker\browser\index.js,.js,633
node_modules\.pnpm\tesseract.js@7.0.0\node_modules\tesseract.js\src\worker\browser\loadImage.js,.js,1844
node_modules\.pnpm\tesseract.js@7.0.0\node_modules\tesseract.js\src\worker\browser\onMessage.js,.js,142
node_modules\.pnpm\tesseract.js@7.0.0\node_modules\tesseract.js\src\worker\browser\send.js,.js,196
node_modules\.pnpm\tesseract.js@7.0.0\node_modules\tesseract.js\src\worker\browser\spawnWorker.js,.js,466
node_modules\.pnpm\tesseract.js@7.0.0\node_modules\tesseract.js\src\worker\browser\terminateWorker.js,.js,174
node_modules\.pnpm\tesseract.js@7.0.0\node_modules\tesseract.js\src\worker\node\defaultOptions.js,.js,282
node_modules\.pnpm\tesseract.js@7.0.0\node_modules\tesseract.js\src\worker\node\index.js,.js,645
node_modules\.pnpm\tesseract.js@7.0.0\node_modules\tesseract.js\src\worker\node\loadImage.js,.js,1028
node_modules\.pnpm\tesseract.js@7.0.0\node_modules\tesseract.js\src\worker\node\onMessage.js,.js,91
node_modules\.pnpm\tesseract.js@7.0.0\node_modules\tesseract.js\src\worker\node\send.js,.js,196
node_modules\.pnpm\tesseract.js@7.0.0\node_modules\tesseract.js\src\worker\node\spawnWorker.js,.js,228
node_modules\.pnpm\tesseract.js@7.0.0\node_modules\tesseract.js\src\worker\node\terminateWorker.js,.js,169
node_modules\.pnpm\tesseract.js@7.0.0\node_modules\tesseract.js\src\worker-script\browser\cache.js,.js,227
node_modules\.pnpm\tesseract.js@7.0.0\node_modules\tesseract.js\src\worker-script\browser\getCore.js,.js,2682
node_modules\.pnpm\tesseract.js@7.0.0\node_modules\tesseract.js\src\worker-script\browser\gunzip.js,.js,62
node_modules\.pnpm\tesseract.js@7.0.0\node_modules\tesseract.js\src\worker-script\browser\index.js,.js,676
node_modules\.pnpm\tesseract.js@7.0.0\node_modules\tesseract.js\src\worker-script\constants\defaultOutput.js,.js,307
node_modules\.pnpm\tesseract.js@7.0.0\node_modules\tesseract.js\src\worker-script\index.js,.js,18777
node_modules\.pnpm\tesseract.js@7.0.0\node_modules\tesseract.js\src\worker-script\node\cache.js,.js,410
node_modules\.pnpm\tesseract.js@7.0.0\node_modules\tesseract.js\src\worker-script\node\getCore.js,.js,1334
node_modules\.pnpm\tesseract.js@7.0.0\node_modules\tesseract.js\src\worker-script\node\gunzip.js,.js,60
node_modules\.pnpm\tesseract.js@7.0.0\node_modules\tesseract.js\src\worker-script\node\index.js,.js,771
node_modules\.pnpm\tesseract.js@7.0.0\node_modules\tesseract.js\src\worker-script\utils\arrayBufferToBase64.js,.js,1857
node_modules\.pnpm\tesseract.js@7.0.0\node_modules\tesseract.js\src\worker-script\utils\dump.js,.js,2972
node_modules\.pnpm\tesseract.js@7.0.0\node_modules\tesseract.js\src\worker-script\utils\setImage.js,.js,1188
node_modules\.pnpm\tesseract.js@7.0.0\node_modules\tesseract.js-core\index.js,.js,118
node_modules\.pnpm\tesseract.js@7.0.0\node_modules\tesseract.js-core\package.json,.json,1784
node_modules\.pnpm\tesseract.js@7.0.0\node_modules\tesseract.js-core\README.md,.md,4562
node_modules\.pnpm\tesseract.js@7.0.0\node_modules\tesseract.js-core\tesseract-core-lstm.js,.js,89261
node_modules\.pnpm\tesseract.js@7.0.0\node_modules\tesseract.js-core\tesseract-core-lstm.wasm.js,.js,3896484
node_modules\.pnpm\tesseract.js@7.0.0\node_modules\tesseract.js-core\tesseract-core-relaxedsimd-lstm.js,.js,89360
node_modules\.pnpm\tesseract.js@7.0.0\node_modules\tesseract.js-core\tesseract-core-relaxedsimd-lstm.wasm.js,.js,3905767
node_modules\.pnpm\tesseract.js@7.0.0\node_modules\tesseract.js-core\tesseract-core-relaxedsimd.js,.js,89066
node_modules\.pnpm\tesseract.js@7.0.0\node_modules\tesseract.js-core\tesseract-core-relaxedsimd.wasm.js,.js,4697227
node_modules\.pnpm\tesseract.js@7.0.0\node_modules\tesseract.js-core\tesseract-core-simd-lstm.js,.js,89271
node_modules\.pnpm\tesseract.js@7.0.0\node_modules\tesseract.js-core\tesseract-core-simd-lstm.wasm.js,.js,3899472
node_modules\.pnpm\tesseract.js@7.0.0\node_modules\tesseract.js-core\tesseract-core-simd.js,.js,88977
node_modules\.pnpm\tesseract.js@7.0.0\node_modules\tesseract.js-core\tesseract-core-simd.wasm.js,.js,4690932
node_modules\.pnpm\tesseract.js@7.0.0\node_modules\tesseract.js-core\tesseract-core.js,.js,88967
node_modules\.pnpm\tesseract.js@7.0.0\node_modules\tesseract.js-core\tesseract-core.wasm.js,.js,4687944
node_modules\.pnpm\tesseract.js@7.0.0\node_modules\wasm-feature-detect\dist\esm\index.js,.js,3199
node_modules\.pnpm\tesseract.js@7.0.0\node_modules\wasm-feature-detect\dist\umd\index.js,.js,3439
node_modules\.pnpm\tesseract.js@7.0.0\node_modules\wasm-feature-detect\package.json,.json,1859
node_modules\.pnpm\tesseract.js@7.0.0\node_modules\wasm-feature-detect\README.md,.md,5967
node_modules\.pnpm\tesseract.js@7.0.0\node_modules\zlibjs\bin\crc32.dev.min.js,.js,87511
node_modules\.pnpm\tesseract.js@7.0.0\node_modules\zlibjs\bin\crc32.min.js,.js,3811
node_modules\.pnpm\tesseract.js@7.0.0\node_modules\zlibjs\bin\deflate.dev.min.js,.js,200641
node_modules\.pnpm\tesseract.js@7.0.0\node_modules\zlibjs\bin\deflate.min.js,.js,11601
node_modules\.pnpm\tesseract.js@7.0.0\node_modules\zlibjs\bin\gunzip.dev.min.js,.js,238876
node_modules\.pnpm\tesseract.js@7.0.0\node_modules\zlibjs\bin\gunzip.min.js,.js,12372
node_modules\.pnpm\tesseract.js@7.0.0\node_modules\zlibjs\bin\gzip.dev.min.js,.js,214483
node_modules\.pnpm\tesseract.js@7.0.0\node_modules\zlibjs\bin\gzip.min.js,.js,14671
node_modules\.pnpm\tesseract.js@7.0.0\node_modules\zlibjs\bin\inflate.dev.min.js,.js,146824
node_modules\.pnpm\tesseract.js@7.0.0\node_modules\zlibjs\bin\inflate.min.js,.js,6980
node_modules\.pnpm\tesseract.js@7.0.0\node_modules\zlibjs\bin\inflate_stream.dev.min.js,.js,137921
node_modules\.pnpm\tesseract.js@7.0.0\node_modules\zlibjs\bin\inflate_stream.min.js,.js,6233
node_modules\.pnpm\tesseract.js@7.0.0\node_modules\zlibjs\bin\node-zlib.dev.js,.js,329598
node_modules\.pnpm\tesseract.js@7.0.0\node_modules\zlibjs\bin\node-zlib.js,.js,24166
node_modules\.pnpm\tesseract.js@7.0.0\node_modules\zlibjs\bin\rawdeflate.dev.min.js,.js,184950
node_modules\.pnpm\tesseract.js@7.0.0\node_modules\zlibjs\bin\rawdeflate.min.js,.js,10354
node_modules\.pnpm\tesseract.js@7.0.0\node_modules\zlibjs\bin\rawinflate.dev.min.js,.js,134701
node_modules\.pnpm\tesseract.js@7.0.0\node_modules\zlibjs\bin\rawinflate.min.js,.js,6049
node_modules\.pnpm\tesseract.js@7.0.0\node_modules\zlibjs\bin\unzip.dev.min.js,.js,280635
node_modules\.pnpm\tesseract.js@7.0.0\node_modules\zlibjs\bin\unzip.min.js,.js,14811
node_modules\.pnpm\tesseract.js@7.0.0\node_modules\zlibjs\bin\zip.dev.min.js,.js,246025
node_modules\.pnpm\tesseract.js@7.0.0\node_modules\zlibjs\bin\zip.min.js,.js,17305
node_modules\.pnpm\tesseract.js@7.0.0\node_modules\zlibjs\bin\zlib.dev.min.js,.js,272039
node_modules\.pnpm\tesseract.js@7.0.0\node_modules\zlibjs\bin\zlib.min.js,.js,17831
node_modules\.pnpm\tesseract.js@7.0.0\node_modules\zlibjs\bin\zlib.pretty.dev.js,.js,614245
node_modules\.pnpm\tesseract.js@7.0.0\node_modules\zlibjs\bin\zlib.pretty.js,.js,124861
node_modules\.pnpm\tesseract.js@7.0.0\node_modules\zlibjs\bin\zlib_and_gzip.dev.min.js,.js,325074
node_modules\.pnpm\tesseract.js@7.0.0\node_modules\zlibjs\bin\zlib_and_gzip.min.js,.js,24502
node_modules\.pnpm\tesseract.js@7.0.0\node_modules\zlibjs\ChangeLog.md,.md,3693
node_modules\.pnpm\tesseract.js@7.0.0\node_modules\zlibjs\package.json,.json,1387
node_modules\.pnpm\tesseract.js@7.0.0\node_modules\zlibjs\README.en.md,.md,6452
node_modules\.pnpm\tesseract.js@7.0.0\node_modules\zlibjs\README.md,.md,9668
node_modules\.pnpm\tr46@0.0.3\node_modules\tr46\index.js,.js,7567
node_modules\.pnpm\tr46@0.0.3\node_modules\tr46\lib\mappingTable.json,.json,260049
node_modules\.pnpm\tr46@0.0.3\node_modules\tr46\package.json,.json,732
node_modules\.pnpm\tslib@1.14.1\node_modules\tslib\CopyrightNotice.txt,.txt,824
node_modules\.pnpm\tslib@1.14.1\node_modules\tslib\LICENSE.txt,.txt,655
node_modules\.pnpm\tslib@1.14.1\node_modules\tslib\modules\index.js,.js,943
node_modules\.pnpm\tslib@1.14.1\node_modules\tslib\modules\package.json,.json,26
node_modules\.pnpm\tslib@1.14.1\node_modules\tslib\package.json,.json,915
node_modules\.pnpm\tslib@1.14.1\node_modules\tslib\README.md,.md,3447
node_modules\.pnpm\tslib@1.14.1\node_modules\tslib\test\validateModuleExportsMatchCommonJS\index.js,.js,824
node_modules\.pnpm\tslib@1.14.1\node_modules\tslib\test\validateModuleExportsMatchCommonJS\package.json,.json,71
node_modules\.pnpm\tslib@1.14.1\node_modules\tslib\tslib.es6.js,.js,10274
node_modules\.pnpm\tslib@1.14.1\node_modules\tslib\tslib.js,.js,13204
node_modules\.pnpm\undici-types@6.21.0\node_modules\undici-types\package.json,.json,1193
node_modules\.pnpm\undici-types@6.21.0\node_modules\undici-types\README.md,.md,455
node_modules\.pnpm\undici-types@7.24.6\node_modules\undici-types\package.json,.json,1193
node_modules\.pnpm\undici-types@7.24.6\node_modules\undici-types\README.md,.md,455
node_modules\.pnpm\util-deprecate@1.0.2\node_modules\util-deprecate\browser.js,.js,1614
node_modules\.pnpm\util-deprecate@1.0.2\node_modules\util-deprecate\History.md,.md,282
node_modules\.pnpm\util-deprecate@1.0.2\node_modules\util-deprecate\node.js,.js,123
node_modules\.pnpm\util-deprecate@1.0.2\node_modules\util-deprecate\package.json,.json,694
node_modules\.pnpm\util-deprecate@1.0.2\node_modules\util-deprecate\README.md,.md,1666
node_modules\.pnpm\wasm-feature-detect@1.8.0\node_modules\wasm-feature-detect\dist\esm\index.js,.js,3199
node_modules\.pnpm\wasm-feature-detect@1.8.0\node_modules\wasm-feature-detect\dist\umd\index.js,.js,3439
node_modules\.pnpm\wasm-feature-detect@1.8.0\node_modules\wasm-feature-detect\package.json,.json,1859
node_modules\.pnpm\wasm-feature-detect@1.8.0\node_modules\wasm-feature-detect\README.md,.md,5967
node_modules\.pnpm\webidl-conversions@3.0.1\node_modules\webidl-conversions\lib\index.js,.js,5056
node_modules\.pnpm\webidl-conversions@3.0.1\node_modules\webidl-conversions\LICENSE.md,.md,1323
node_modules\.pnpm\webidl-conversions@3.0.1\node_modules\webidl-conversions\package.json,.json,511
node_modules\.pnpm\webidl-conversions@3.0.1\node_modules\webidl-conversions\README.md,.md,5480
node_modules\.pnpm\whatwg-url@5.0.0\node_modules\tr46\index.js,.js,7567
node_modules\.pnpm\whatwg-url@5.0.0\node_modules\tr46\lib\mappingTable.json,.json,260049
node_modules\.pnpm\whatwg-url@5.0.0\node_modules\tr46\package.json,.json,732
node_modules\.pnpm\whatwg-url@5.0.0\node_modules\webidl-conversions\lib\index.js,.js,5056
node_modules\.pnpm\whatwg-url@5.0.0\node_modules\webidl-conversions\LICENSE.md,.md,1323
node_modules\.pnpm\whatwg-url@5.0.0\node_modules\webidl-conversions\package.json,.json,511
node_modules\.pnpm\whatwg-url@5.0.0\node_modules\webidl-conversions\README.md,.md,5480
node_modules\.pnpm\whatwg-url@5.0.0\node_modules\whatwg-url\lib\public-api.js,.js,625
node_modules\.pnpm\whatwg-url@5.0.0\node_modules\whatwg-url\lib\URL-impl.js,.js,3804
node_modules\.pnpm\whatwg-url@5.0.0\node_modules\whatwg-url\lib\url-state-machine.js,.js,33573
node_modules\.pnpm\whatwg-url@5.0.0\node_modules\whatwg-url\lib\URL.js,.js,4212
node_modules\.pnpm\whatwg-url@5.0.0\node_modules\whatwg-url\lib\utils.js,.js,562
node_modules\.pnpm\whatwg-url@5.0.0\node_modules\whatwg-url\LICENSE.txt,.txt,1088
node_modules\.pnpm\whatwg-url@5.0.0\node_modules\whatwg-url\package.json,.json,886
node_modules\.pnpm\whatwg-url@5.0.0\node_modules\whatwg-url\README.md,.md,5136
node_modules\.pnpm\xml-js@1.6.11\node_modules\sax\lib\sax.js,.js,50146
node_modules\.pnpm\xml-js@1.6.11\node_modules\sax\LICENSE.md,.md,1552
node_modules\.pnpm\xml-js@1.6.11\node_modules\sax\package.json,.json,789
node_modules\.pnpm\xml-js@1.6.11\node_modules\sax\README.md,.md,8519
node_modules\.pnpm\xml-js@1.6.11\node_modules\xml-js\bin\cli-helper.js,.js,1807
node_modules\.pnpm\xml-js@1.6.11\node_modules\xml-js\bin\cli.js,.js,5361
node_modules\.pnpm\xml-js@1.6.11\node_modules\xml-js\bin\test.json,.json,536
node_modules\.pnpm\xml-js@1.6.11\node_modules\xml-js\dist\xml-js.js,.js,249255
node_modules\.pnpm\xml-js@1.6.11\node_modules\xml-js\dist\xml-js.min.js,.js,92892
node_modules\.pnpm\xml-js@1.6.11\node_modules\xml-js\index.js,.js,36
node_modules\.pnpm\xml-js@1.6.11\node_modules\xml-js\lib\array-helper.js,.js,253
node_modules\.pnpm\xml-js@1.6.11\node_modules\xml-js\lib\index.js,.js,282
node_modules\.pnpm\xml-js@1.6.11\node_modules\xml-js\lib\js2xml.js,.js,13321
node_modules\.pnpm\xml-js@1.6.11\node_modules\xml-js\lib\json2xml.js,.js,399
node_modules\.pnpm\xml-js@1.6.11\node_modules\xml-js\lib\options-helper.js,.js,1161
node_modules\.pnpm\xml-js@1.6.11\node_modules\xml-js\lib\xml2js.js,.js,11945
node_modules\.pnpm\xml-js@1.6.11\node_modules\xml-js\lib\xml2json.js,.js,852
node_modules\.pnpm\xml-js@1.6.11\node_modules\xml-js\package.json,.json,4604
node_modules\.pnpm\xml-js@1.6.11\node_modules\xml-js\README.md,.md,28321
node_modules\.pnpm\xml-js@1.6.11\node_modules\xml-js\types\tsconfig.json,.json,254
node_modules\.pnpm\xml-js@1.6.11\node_modules\xml-js\types\typings.json,.json,49
node_modules\.pnpm\xml-js@1.6.11\node_modules\xml-js\webpack.config.js,.js,653
node_modules\.pnpm\xml@1.0.1\node_modules\xml\examples\examples.js,.js,2753
node_modules\.pnpm\xml@1.0.1\node_modules\xml\examples\server.js,.js,706
node_modules\.pnpm\xml@1.0.1\node_modules\xml\lib\escapeForXML.js,.js,358
node_modules\.pnpm\xml@1.0.1\node_modules\xml\lib\xml.js,.js,7208
node_modules\.pnpm\xml@1.0.1\node_modules\xml\package.json,.json,960
node_modules\.pnpm\xml@1.0.1\node_modules\xml\readme.md,.md,4806
node_modules\.pnpm\xml@1.0.1\node_modules\xml\test\xml.test.js,.js,5406
node_modules\.pnpm\zlibjs@0.3.1\node_modules\zlibjs\bin\crc32.dev.min.js,.js,87511
node_modules\.pnpm\zlibjs@0.3.1\node_modules\zlibjs\bin\crc32.min.js,.js,3811
node_modules\.pnpm\zlibjs@0.3.1\node_modules\zlibjs\bin\deflate.dev.min.js,.js,200641
node_modules\.pnpm\zlibjs@0.3.1\node_modules\zlibjs\bin\deflate.min.js,.js,11601
node_modules\.pnpm\zlibjs@0.3.1\node_modules\zlibjs\bin\gunzip.dev.min.js,.js,238876
node_modules\.pnpm\zlibjs@0.3.1\node_modules\zlibjs\bin\gunzip.min.js,.js,12372
node_modules\.pnpm\zlibjs@0.3.1\node_modules\zlibjs\bin\gzip.dev.min.js,.js,214483
node_modules\.pnpm\zlibjs@0.3.1\node_modules\zlibjs\bin\gzip.min.js,.js,14671
node_modules\.pnpm\zlibjs@0.3.1\node_modules\zlibjs\bin\inflate.dev.min.js,.js,146824
node_modules\.pnpm\zlibjs@0.3.1\node_modules\zlibjs\bin\inflate.min.js,.js,6980
node_modules\.pnpm\zlibjs@0.3.1\node_modules\zlibjs\bin\inflate_stream.dev.min.js,.js,137921
node_modules\.pnpm\zlibjs@0.3.1\node_modules\zlibjs\bin\inflate_stream.min.js,.js,6233
node_modules\.pnpm\zlibjs@0.3.1\node_modules\zlibjs\bin\node-zlib.dev.js,.js,329598
node_modules\.pnpm\zlibjs@0.3.1\node_modules\zlibjs\bin\node-zlib.js,.js,24166
node_modules\.pnpm\zlibjs@0.3.1\node_modules\zlibjs\bin\rawdeflate.dev.min.js,.js,184950
node_modules\.pnpm\zlibjs@0.3.1\node_modules\zlibjs\bin\rawdeflate.min.js,.js,10354
node_modules\.pnpm\zlibjs@0.3.1\node_modules\zlibjs\bin\rawinflate.dev.min.js,.js,134701
node_modules\.pnpm\zlibjs@0.3.1\node_modules\zlibjs\bin\rawinflate.min.js,.js,6049
node_modules\.pnpm\zlibjs@0.3.1\node_modules\zlibjs\bin\unzip.dev.min.js,.js,280635
node_modules\.pnpm\zlibjs@0.3.1\node_modules\zlibjs\bin\unzip.min.js,.js,14811
node_modules\.pnpm\zlibjs@0.3.1\node_modules\zlibjs\bin\zip.dev.min.js,.js,246025
node_modules\.pnpm\zlibjs@0.3.1\node_modules\zlibjs\bin\zip.min.js,.js,17305
node_modules\.pnpm\zlibjs@0.3.1\node_modules\zlibjs\bin\zlib.dev.min.js,.js,272039
node_modules\.pnpm\zlibjs@0.3.1\node_modules\zlibjs\bin\zlib.min.js,.js,17831
node_modules\.pnpm\zlibjs@0.3.1\node_modules\zlibjs\bin\zlib.pretty.dev.js,.js,614245
node_modules\.pnpm\zlibjs@0.3.1\node_modules\zlibjs\bin\zlib.pretty.js,.js,124861
node_modules\.pnpm\zlibjs@0.3.1\node_modules\zlibjs\bin\zlib_and_gzip.dev.min.js,.js,325074
node_modules\.pnpm\zlibjs@0.3.1\node_modules\zlibjs\bin\zlib_and_gzip.min.js,.js,24502
node_modules\.pnpm\zlibjs@0.3.1\node_modules\zlibjs\ChangeLog.md,.md,3693
node_modules\.pnpm\zlibjs@0.3.1\node_modules\zlibjs\package.json,.json,1387
node_modules\.pnpm\zlibjs@0.3.1\node_modules\zlibjs\README.en.md,.md,6452
node_modules\.pnpm\zlibjs@0.3.1\node_modules\zlibjs\README.md,.md,9668
node_modules\.pnpm-workspace-state-v1.json,.json,1252
node_modules\@napi-rs\canvas\geometry.js,.js,19312
node_modules\@napi-rs\canvas\index.js,.js,5808
node_modules\@napi-rs\canvas\js-binding.js,.js,12799
node_modules\@napi-rs\canvas\load-image.js,.js,5736
node_modules\@napi-rs\canvas\node-canvas.js,.js,11906
node_modules\@napi-rs\canvas\package.json,.json,4651
node_modules\@napi-rs\canvas\README.md,.md,20941
node_modules\@oai\artifact-tool\LICENSE.md,.md,1326
node_modules\@oai\artifact-tool\node_modules\.pnpm-workspace-state-v1.json,.json,1051
node_modules\@oai\artifact-tool\node_modules\@oai\walnut\package.json,.json,143
node_modules\@oai\artifact-tool\node_modules\@oai\walnut\wasm\blazor.boot.json,.json,6319
node_modules\@oai\artifact-tool\node_modules\@oai\walnut\wasm\dotnet.js,.js,40677
node_modules\@oai\artifact-tool\node_modules\@oai\walnut\wasm\dotnet.native.mp1m61iod5.js,.js,123134
node_modules\@oai\artifact-tool\node_modules\@oai\walnut\wasm\dotnet.runtime.opaiwunc3t.js,.js,194767
node_modules\@oai\artifact-tool\node_modules\agent-base\dist\helpers.js,.js,2314
node_modules\@oai\artifact-tool\node_modules\agent-base\dist\index.js,.js,7324
node_modules\@oai\artifact-tool\node_modules\agent-base\package.json,.json,1059
node_modules\@oai\artifact-tool\node_modules\agent-base\README.md,.md,2459
node_modules\@oai\artifact-tool\node_modules\debug\package.json,.json,1479
node_modules\@oai\artifact-tool\node_modules\debug\README.md,.md,22115
node_modules\@oai\artifact-tool\node_modules\debug\src\browser.js,.js,6103
node_modules\@oai\artifact-tool\node_modules\debug\src\common.js,.js,6915
node_modules\@oai\artifact-tool\node_modules\debug\src\index.js,.js,314
node_modules\@oai\artifact-tool\node_modules\debug\src\node.js,.js,4728
node_modules\@oai\artifact-tool\node_modules\detect-libc\lib\detect-libc.js,.js,7503
node_modules\@oai\artifact-tool\node_modules\detect-libc\lib\elf.js,.js,982
node_modules\@oai\artifact-tool\node_modules\detect-libc\lib\filesystem.js,.js,1097
node_modules\@oai\artifact-tool\node_modules\detect-libc\lib\process.js,.js,569
node_modules\@oai\artifact-tool\node_modules\detect-libc\package.json,.json,1278
node_modules\@oai\artifact-tool\node_modules\detect-libc\README.md,.md,3215
node_modules\@oai\artifact-tool\node_modules\follow-redirects\debug.js,.js,315
node_modules\@oai\artifact-tool\node_modules\follow-redirects\http.js,.js,37
node_modules\@oai\artifact-tool\node_modules\follow-redirects\https.js,.js,38
node_modules\@oai\artifact-tool\node_modules\follow-redirects\index.js,.js,21194
node_modules\@oai\artifact-tool\node_modules\follow-redirects\package.json,.json,1289
node_modules\@oai\artifact-tool\node_modules\follow-redirects\README.md,.md,6605
node_modules\@oai\artifact-tool\node_modules\https-proxy-agent\dist\index.js,.js,7451
node_modules\@oai\artifact-tool\node_modules\https-proxy-agent\dist\parse-proxy-response.js,.js,3908
node_modules\@oai\artifact-tool\node_modules\https-proxy-agent\package.json,.json,1223
node_modules\@oai\artifact-tool\node_modules\https-proxy-agent\README.md,.md,2172
node_modules\@oai\artifact-tool\node_modules\ms\index.js,.js,3024
node_modules\@oai\artifact-tool\node_modules\ms\license.md,.md,1079
node_modules\@oai\artifact-tool\node_modules\ms\package.json,.json,732
node_modules\@oai\artifact-tool\node_modules\ms\readme.md,.md,1886
node_modules\@oai\artifact-tool\node_modules\parenthesis\index.js,.js,3022
node_modules\@oai\artifact-tool\node_modules\parenthesis\package.json,.json,932
node_modules\@oai\artifact-tool\node_modules\parenthesis\README.md,.md,1501
node_modules\@oai\artifact-tool\node_modules\skia-canvas\lib\browser.js,.js,8535
node_modules\@oai\artifact-tool\node_modules\skia-canvas\lib\classes\canvas.js,.js,11077
node_modules\@oai\artifact-tool\node_modules\skia-canvas\lib\classes\context.js,.js,12819
node_modules\@oai\artifact-tool\node_modules\skia-canvas\lib\classes\css.js,.js,12684
node_modules\@oai\artifact-tool\node_modules\skia-canvas\lib\classes\geometry.js,.js,24574
node_modules\@oai\artifact-tool\node_modules\skia-canvas\lib\classes\gui.js,.js,10703
node_modules\@oai\artifact-tool\node_modules\skia-canvas\lib\classes\imagery.js,.js,7853
node_modules\@oai\artifact-tool\node_modules\skia-canvas\lib\classes\neon.js,.js,2957
node_modules\@oai\artifact-tool\node_modules\skia-canvas\lib\classes\path.js,.js,3910
node_modules\@oai\artifact-tool\node_modules\skia-canvas\lib\classes\typography.js,.js,1106
node_modules\@oai\artifact-tool\node_modules\skia-canvas\lib\index.js,.js,761
node_modules\@oai\artifact-tool\node_modules\skia-canvas\lib\urls.js,.js,2234
node_modules\@oai\artifact-tool\node_modules\skia-canvas\package.json,.json,2528
node_modules\@oai\artifact-tool\node_modules\skia-canvas\README.md,.md,26151
node_modules\@oai\artifact-tool\node_modules\string-split-by\.eslintrc.json,.json,1295
node_modules\@oai\artifact-tool\node_modules\string-split-by\index.js,.js,1422
node_modules\@oai\artifact-tool\node_modules\string-split-by\package.json,.json,757
node_modules\@oai\artifact-tool\node_modules\string-split-by\readme.md,.md,1434
node_modules\@oai\artifact-tool\node_modules\string-split-by\test.js,.js,5797
node_modules\@oai\artifact-tool\package.json,.json,684
node_modules\@viz-js\viz\dist\viz-global.js,.js,1446627
node_modules\@viz-js\viz\dist\viz.js,.js,1478450
node_modules\@viz-js\viz\lib\backend.js,.js,1467646
node_modules\@viz-js\viz\lib\metadata.js,.js,390
node_modules\@viz-js\viz\lib\provenance.json,.json,81892
node_modules\@viz-js\viz\package.json,.json,1006
node_modules\@viz-js\viz\README.md,.md,320
node_modules\@viz-js\viz\src\errors.js,.js,916
node_modules\@viz-js\viz\src\index.js,.js,214
node_modules\@viz-js\viz\src\viz.js,.js,1686
node_modules\@viz-js\viz\src\wrapper.js,.js,9251
node_modules\docx\dist\index.iife.js,.js,857630
node_modules\docx\package.json,.json,3502
node_modules\docx\README.md,.md,5535
node_modules\jpeg-js\CONTRIBUTING.md,.md,1233
node_modules\jpeg-js\index.js,.js,136
node_modules\jpeg-js\lib\decoder.js,.js,40593
node_modules\jpeg-js\lib\encoder.js,.js,22120
node_modules\jpeg-js\package.json,.json,643
node_modules\jpeg-js\README.md,.md,8418
node_modules\lucide\dist\cjs\lucide.js,.js,559159
node_modules\lucide\dist\esm\createElement.js,.js,922
node_modules\lucide\dist\esm\defaultAttributes.js,.js,496
node_modules\lucide\dist\esm\icons\a-arrow-down.js,.js,434
node_modules\lucide\dist\esm\icons\a-arrow-up.js,.js,428
node_modules\lucide\dist\esm\icons\a-large-small.js,.js,479
node_modules\lucide\dist\esm\icons\accessibility.js,.js,501
node_modules\lucide\dist\esm\icons\activity.js,.js,424
node_modules\lucide\dist\esm\icons\air-vent.js,.js,489
node_modules\lucide\dist\esm\icons\airplay.js,.js,387
node_modules\lucide\dist\esm\icons\alarm-clock-check.js,.js,504
node_modules\lucide\dist\esm\icons\alarm-clock-minus.js,.js,498
node_modules\lucide\dist\esm\icons\alarm-clock-off.js,.js,518
node_modules\lucide\dist\esm\icons\alarm-clock-plus.js,.js,526
node_modules\lucide\dist\esm\icons\alarm-clock.js,.js,486
node_modules\lucide\dist\esm\icons\alarm-smoke.js,.js,572
node_modules\lucide\dist\esm\icons\album.js,.js,383
node_modules\lucide\dist\esm\icons\align-center-horizontal.js,.js,582
node_modules\lucide\dist\esm\icons\align-center-vertical.js,.js,576
node_modules\lucide\dist\esm\icons\align-end-horizontal.js,.js,454
node_modules\lucide\dist\esm\icons\align-end-vertical.js,.js,448
node_modules\lucide\dist\esm\icons\align-horizontal-distribute-center.js,.js,586
node_modules\lucide\dist\esm\icons\align-horizontal-distribute-end.js,.js,517
node_modules\lucide\dist\esm\icons\align-horizontal-distribute-start.js,.js,522
node_modules\lucide\dist\esm\icons\align-horizontal-justify-center.js,.js,486
node_modules\lucide\dist\esm\icons\align-horizontal-justify-end.js,.js,477
node_modules\lucide\dist\esm\icons\align-horizontal-justify-start.js,.js,482
node_modules\lucide\dist\esm\icons\align-horizontal-space-around.js,.js,442
node_modules\lucide\dist\esm\icons\align-horizontal-space-between.js,.js,513
node_modules\lucide\dist\esm\icons\align-start-horizontal.js,.js,459
node_modules\lucide\dist\esm\icons\align-start-vertical.js,.js,453
node_modules\lucide\dist\esm\icons\align-vertical-distribute-center.js,.js,580
node_modules\lucide\dist\esm\icons\align-vertical-distribute-end.js,.js,511
node_modules\lucide\dist\esm\icons\align-vertical-distribute-start.js,.js,516
node_modules\lucide\dist\esm\icons\align-vertical-justify-center.js,.js,480
node_modules\lucide\dist\esm\icons\align-vertical-justify-end.js,.js,471
node_modules\lucide\dist\esm\icons\align-vertical-justify-start.js,.js,476
node_modules\lucide\dist\esm\icons\align-vertical-space-around.js,.js,436
node_modules\lucide\dist\esm\icons\align-vertical-space-between.js,.js,507
node_modules\lucide\dist\esm\icons\ambulance.js,.js,681
node_modules\lucide\dist\esm\icons\ampersand.js,.js,425
node_modules\lucide\dist\esm\icons\ampersands.js,.js,495
node_modules\lucide\dist\esm\icons\amphora.js,.js,585
node_modules\lucide\dist\esm\icons\anchor.js,.js,409
node_modules\lucide\dist\esm\icons\angry.js,.js,476
node_modules\lucide\dist\esm\icons\annoyed.js,.js,390
node_modules\lucide\dist\esm\icons\antenna.js,.js,450
node_modules\lucide\dist\esm\icons\anvil.js,.js,546
node_modules\lucide\dist\esm\icons\aperture.js,.js,542
node_modules\lucide\dist\esm\icons\app-window-mac.js,.js,434
node_modules\lucide\dist\esm\icons\app-window.js,.js,418
node_modules\lucide\dist\esm\icons\apple.js,.js,492
node_modules\lucide\dist\esm\icons\archive-restore.js,.js,504
node_modules\lucide\dist\esm\icons\archive-x.js,.js,456
node_modules\lucide\dist\esm\icons\archive.js,.js,415
node_modules\lucide\dist\esm\icons\armchair.js,.js,536
node_modules\lucide\dist\esm\icons\arrow-big-down-dash.js,.js,530
node_modules\lucide\dist\esm\icons\arrow-big-down.js,.js,481
node_modules\lucide\dist\esm\icons\arrow-big-left-dash.js,.js,530
node_modules\lucide\dist\esm\icons\arrow-big-left.js,.js,489
node_modules\lucide\dist\esm\icons\arrow-big-right-dash.js,.js,532
node_modules\lucide\dist\esm\icons\arrow-big-right.js,.js,490
node_modules\lucide\dist\esm\icons\arrow-big-up-dash.js,.js,527
node_modules\lucide\dist\esm\icons\arrow-big-up.js,.js,477
node_modules\lucide\dist\esm\icons\arrow-down-0-1.js,.js,468
node_modules\lucide\dist\esm\icons\arrow-down-1-0.js,.js,468
node_modules\lucide\dist\esm\icons\arrow-down-a-z.js,.js,458
node_modules\lucide\dist\esm\icons\arrow-down-from-line.js,.js,384
node_modules\lucide\dist\esm\icons\arrow-down-left.js,.js,340
node_modules\lucide\dist\esm\icons\arrow-down-narrow-wide.js,.js,451
node_modules\lucide\dist\esm\icons\arrow-down-right.js,.js,343
node_modules\lucide\dist\esm\icons\arrow-down-to-dot.js,.js,391
node_modules\lucide\dist\esm\icons\arrow-down-to-line.js,.js,379
node_modules\lucide\dist\esm\icons\arrow-down-up.js,.js,401
node_modules\lucide\dist\esm\icons\arrow-down-wide-narrow.js,.js,451
node_modules\lucide\dist\esm\icons\arrow-down-z-a.js,.js,459
node_modules\lucide\dist\esm\icons\arrow-down.js,.js,329
node_modules\lucide\dist\esm\icons\arrow-left-from-line.js,.js,384
node_modules\lucide\dist\esm\icons\arrow-left-right.js,.js,410
node_modules\lucide\dist\esm\icons\arrow-left-to-line.js,.js,378
node_modules\lucide\dist\esm\icons\arrow-left.js,.js,329
node_modules\lucide\dist\esm\icons\arrow-right-from-line.js,.js,388
node_modules\lucide\dist\esm\icons\arrow-right-left.js,.js,410
node_modules\lucide\dist\esm\icons\arrow-right-to-line.js,.js,383
node_modules\lucide\dist\esm\icons\arrow-right.js,.js,331
node_modules\lucide\dist\esm\icons\arrow-up-0-1.js,.js,461
node_modules\lucide\dist\esm\icons\arrow-up-1-0.js,.js,461
node_modules\lucide\dist\esm\icons\arrow-up-a-z.js,.js,451
node_modules\lucide\dist\esm\icons\arrow-up-down.js,.js,401
node_modules\lucide\dist\esm\icons\arrow-up-from-dot.js,.js,390
node_modules\lucide\dist\esm\icons\arrow-up-from-line.js,.js,379
node_modules\lucide\dist\esm\icons\arrow-up-left.js,.js,334
node_modules\lucide\dist\esm\icons\arrow-up-narrow-wide.js,.js,446
node_modules\lucide\dist\esm\icons\arrow-up-right.js,.js,337
node_modules\lucide\dist\esm\icons\arrow-up-to-line.js,.js,373
node_modules\lucide\dist\esm\icons\arrow-up-wide-narrow.js,.js,446
node_modules\lucide\dist\esm\icons\arrow-up-z-a.js,.js,452
node_modules\lucide\dist\esm\icons\arrow-up.js,.js,322
node_modules\lucide\dist\esm\icons\arrows-up-from-line.js,.js,447
node_modules\lucide\dist\esm\icons\asterisk.js,.js,369
node_modules\lucide\dist\esm\icons\at-sign.js,.js,361
node_modules\lucide\dist\esm\icons\atom.js,.js,629
node_modules\lucide\dist\esm\icons\audio-lines.js,.js,447
node_modules\lucide\dist\esm\icons\audio-waveform.js,.js,420
node_modules\lucide\dist\esm\icons\award.js,.js,456
node_modules\lucide\dist\esm\icons\axe.js,.js,550
node_modules\lucide\dist\esm\icons\axis-3d.js,.js,414
node_modules\lucide\dist\esm\icons\baby.js,.js,561
node_modules\lucide\dist\esm\icons\backpack.js,.js,533
node_modules\lucide\dist\esm\icons\badge-alert.js,.js,582
node_modules\lucide\dist\esm\icons\badge-cent.js,.js,541
node_modules\lucide\dist\esm\icons\badge-check.js,.js,504
node_modules\lucide\dist\esm\icons\badge-dollar-sign.js,.js,578
node_modules\lucide\dist\esm\icons\badge-euro.js,.js,541
node_modules\lucide\dist\esm\icons\badge-indian-rupee.js,.js,595
node_modules\lucide\dist\esm\icons\badge-info.js,.js,578
node_modules\lucide\dist\esm\icons\badge-japanese-yen.js,.js,613
node_modules\lucide\dist\esm\icons\badge-minus.js,.js,523
node_modules\lucide\dist\esm\icons\badge-percent.js,.js,570
node_modules\lucide\dist\esm\icons\badge-plus.js,.js,575
node_modules\lucide\dist\esm\icons\badge-pound-sterling.js,.js,604
node_modules\lucide\dist\esm\icons\badge-question-mark.js,.js,608
node_modules\lucide\dist\esm\icons\badge-russian-ruble.js,.js,569
node_modules\lucide\dist\esm\icons\badge-swiss-franc.js,.js,578
node_modules\lucide\dist\esm\icons\badge-turkish-lira.js,.js,563
node_modules\lucide\dist\esm\icons\badge-x.js,.js,564
node_modules\lucide\dist\esm\icons\badge.js,.js,452
node_modules\lucide\dist\esm\icons\baggage-claim.js,.js,554
node_modules\lucide\dist\esm\icons\balloon.js,.js,425
node_modules\lucide\dist\esm\icons\ban.js,.js,337
node_modules\lucide\dist\esm\icons\banana.js,.js,497
node_modules\lucide\dist\esm\icons\bandage.js,.js,527
node_modules\lucide\dist\esm\icons\banknote-arrow-down.js,.js,545
node_modules\lucide\dist\esm\icons\banknote-arrow-up.js,.js,540
node_modules\lucide\dist\esm\icons\banknote-x.js,.js,518
node_modules\lucide\dist\esm\icons\banknote.js,.js,413
node_modules\lucide\dist\esm\icons\barcode.js,.js,407
node_modules\lucide\dist\esm\icons\barrel.js,.js,586
node_modules\lucide\dist\esm\icons\baseline.js,.js,356
node_modules\lucide\dist\esm\icons\bath.js,.js,467
node_modules\lucide\dist\esm\icons\battery-charging.js,.js,491
node_modules\lucide\dist\esm\icons\battery-full.js,.js,459
node_modules\lucide\dist\esm\icons\battery-low.js,.js,395
node_modules\lucide\dist\esm\icons\battery-medium.js,.js,436
node_modules\lucide\dist\esm\icons\battery-plus.js,.js,501
node_modules\lucide\dist\esm\icons\battery-warning.js,.js,496
node_modules\lucide\dist\esm\icons\battery.js,.js,360
node_modules\lucide\dist\esm\icons\beaker.js,.js,376
node_modules\lucide\dist\esm\icons\bean-off.js,.js,583
node_modules\lucide\dist\esm\icons\bean.js,.js,477
node_modules\lucide\dist\esm\icons\bed-double.js,.js,449
node_modules\lucide\dist\esm\icons\bed-single.js,.js,419
node_modules\lucide\dist\esm\icons\bed.js,.js,379
node_modules\lucide\dist\esm\icons\beef-off.js,.js,719
node_modules\lucide\dist\esm\icons\beef.js,.js,574
node_modules\lucide\dist\esm\icons\beer-off.js,.js,766
node_modules\lucide\dist\esm\icons\beer.js,.js,625
node_modules\lucide\dist\esm\icons\bell-dot.js,.js,525
node_modules\lucide\dist\esm\icons\bell-electric.js,.js,559
node_modules\lucide\dist\esm\icons\bell-minus.js,.js,508
node_modules\lucide\dist\esm\icons\bell-off.js,.js,513
node_modules\lucide\dist\esm\icons\bell-plus.js,.js,531
node_modules\lucide\dist\esm\icons\bell-ring.js,.js,569
node_modules\lucide\dist\esm\icons\bell.js,.js,466
node_modules\lucide\dist\esm\icons\between-horizontal-end.js,.js,467
node_modules\lucide\dist\esm\icons\between-horizontal-start.js,.js,471
node_modules\lucide\dist\esm\icons\between-vertical-end.js,.js,460
node_modules\lucide\dist\esm\icons\between-vertical-start.js,.js,466
node_modules\lucide\dist\esm\icons\biceps-flexed.js,.js,605
node_modules\lucide\dist\esm\icons\bike.js,.js,442
node_modules\lucide\dist\esm\icons\binary.js,.js,510
node_modules\lucide\dist\esm\icons\binoculars.js,.js,745
node_modules\lucide\dist\esm\icons\biohazard.js,.js,801
node_modules\lucide\dist\esm\icons\bird.js,.js,503
node_modules\lucide\dist\esm\icons\birdhouse.js,.js,510
node_modules\lucide\dist\esm\icons\bitcoin.js,.js,527
node_modules\lucide\dist\esm\icons\blend.js,.js,338
node_modules\lucide\dist\esm\icons\blinds.js,.js,480
node_modules\lucide\dist\esm\icons\blocks.js,.js,454
node_modules\lucide\dist\esm\icons\bluetooth-connected.js,.js,446
node_modules\lucide\dist\esm\icons\bluetooth-off.js,.js,390
node_modules\lucide\dist\esm\icons\bluetooth-searching.js,.js,421
node_modules\lucide\dist\esm\icons\bluetooth.js,.js,304
node_modules\lucide\dist\esm\icons\bold.js,.js,337
node_modules\lucide\dist\esm\icons\bolt.js,.js,457
node_modules\lucide\dist\esm\icons\bomb.js,.js,443
node_modules\lucide\dist\esm\icons\bone.js,.js,482
node_modules\lucide\dist\esm\icons\book-a.js,.js,440
node_modules\lucide\dist\esm\icons\book-alert.js,.js,445
node_modules\lucide\dist\esm\icons\book-audio.js,.js,471
node_modules\lucide\dist\esm\icons\book-check.js,.js,419
node_modules\lucide\dist\esm\icons\book-copy.js,.js,489
node_modules\lucide\dist\esm\icons\book-dashed.js,.js,694
node_modules\lucide\dist\esm\icons\book-down.js,.js,446
node_modules\lucide\dist\esm\icons\book-headphones.js,.js,535
node_modules\lucide\dist\esm\icons\book-heart.js,.js,525
node_modules\lucide\dist\esm\icons\book-image.js,.js,489
node_modules\lucide\dist\esm\icons\book-key.js,.js,485
node_modules\lucide\dist\esm\icons\book-lock.js,.js,494
node_modules\lucide\dist\esm\icons\book-marked.js,.js,425
node_modules\lucide\dist\esm\icons\book-minus.js,.js,412
node_modules\lucide\dist\esm\icons\book-open-check.js,.js,523
node_modules\lucide\dist\esm\icons\book-open-text.js,.js,597
node_modules\lucide\dist\esm\icons\book-open.js,.js,464
node_modules\lucide\dist\esm\icons\book-plus.js,.js,439
node_modules\lucide\dist\esm\icons\book-search.js,.js,477
node_modules\lucide\dist\esm\icons\book-text.js,.js,438
node_modules\lucide\dist\esm\icons\book-type.js,.js,474
node_modules\lucide\dist\esm\icons\book-up-2.js,.js,494
node_modules\lucide\dist\esm\icons\book-up.js,.js,440
node_modules\lucide\dist\esm\icons\book-user.js,.js,467
node_modules\lucide\dist\esm\icons\book-x.js,.js,437
node_modules\lucide\dist\esm\icons\book.js,.js,366
node_modules\lucide\dist\esm\icons\bookmark-check.js,.js,472
node_modules\lucide\dist\esm\icons\bookmark-minus.js,.js,467
node_modules\lucide\dist\esm\icons\bookmark-off.js,.js,488
node_modules\lucide\dist\esm\icons\bookmark-plus.js,.js,494
node_modules\lucide\dist\esm\icons\bookmark-x.js,.js,495
node_modules\lucide\dist\esm\icons\bookmark.js,.js,420
node_modules\lucide\dist\esm\icons\boom-box.js,.js,565
node_modules\lucide\dist\esm\icons\bot-message-square.js,.js,597
node_modules\lucide\dist\esm\icons\bot-off.js,.js,550
node_modules\lucide\dist\esm\icons\bot.js,.js,464
node_modules\lucide\dist\esm\icons\bottle-wine.js,.js,524
node_modules\lucide\dist\esm\icons\bow-arrow.js,.js,700
node_modules\lucide\dist\esm\icons\box.js,.js,478
node_modules\lucide\dist\esm\icons\boxes.js,.js,1014
node_modules\lucide\dist\esm\icons\braces.js,.js,437
node_modules\lucide\dist\esm\icons\brackets.js,.js,383
node_modules\lucide\dist\esm\icons\brain-circuit.js,.js,933
node_modules\lucide\dist\esm\icons\brain-cog.js,.js,1137
node_modules\lucide\dist\esm\icons\brain.js,.js,697
node_modules\lucide\dist\esm\icons\brick-wall-fire.js,.js,671
node_modules\lucide\dist\esm\icons\brick-wall-shield.js,.js,803
node_modules\lucide\dist\esm\icons\brick-wall.js,.js,540
node_modules\lucide\dist\esm\icons\briefcase-business.js,.js,501
node_modules\lucide\dist\esm\icons\briefcase-conveyor-belt.js,.js,583
node_modules\lucide\dist\esm\icons\briefcase-medical.js,.js,537
node_modules\lucide\dist\esm\icons\briefcase.js,.js,393
node_modules\lucide\dist\esm\icons\bring-to-front.js,.js,487
node_modules\lucide\dist\esm\icons\brush-cleaning.js,.js,585
node_modules\lucide\dist\esm\icons\brush.js,.js,459
node_modules\lucide\dist\esm\icons\bubbles.js,.js,463
node_modules\lucide\dist\esm\icons\bug-off.js,.js,784
node_modules\lucide\dist\esm\icons\bug-play.js,.js,776
node_modules\lucide\dist\esm\icons\bug.js,.js,726
node_modules\lucide\dist\esm\icons\building-2.js,.js,529
node_modules\lucide\dist\esm\icons\building.js,.js,679
node_modules\lucide\dist\esm\icons\bus-front.js,.js,577
node_modules\lucide\dist\esm\icons\bus.js,.js,605
node_modules\lucide\dist\esm\icons\cable-car.js,.js,548
node_modules\lucide\dist\esm\icons\cable.js,.js,621
node_modules\lucide\dist\esm\icons\cake-slice.js,.js,544
node_modules\lucide\dist\esm\icons\cake.js,.js,599
node_modules\lucide\dist\esm\icons\calculator.js,.js,668
node_modules\lucide\dist\esm\icons\calendar-1.js,.js,452
node_modules\lucide\dist\esm\icons\calendar-arrow-down.js,.js,532
node_modules\lucide\dist\esm\icons\calendar-arrow-up.js,.js,523
node_modules\lucide\dist\esm\icons\calendar-check-2.js,.js,484
node_modules\lucide\dist\esm\icons\calendar-check.js,.js,467
node_modules\lucide\dist\esm\icons\calendar-clock.js,.js,530
node_modules\lucide\dist\esm\icons\calendar-cog.js,.js,853
node_modules\lucide\dist\esm\icons\calendar-days.js,.js,624
node_modules\lucide\dist\esm\icons\calendar-fold.js,.js,565
node_modules\lucide\dist\esm\icons\calendar-heart.js,.js,597
node_modules\lucide\dist\esm\icons\calendar-minus-2.js,.js,466
node_modules\lucide\dist\esm\icons\calendar-minus.js,.js,476
node_modules\lucide\dist\esm\icons\calendar-off.js,.js,530
node_modules\lucide\dist\esm\icons\calendar-plus-2.js,.js,494
node_modules\lucide\dist\esm\icons\calendar-plus.js,.js,508
node_modules\lucide\dist\esm\icons\calendar-range.js,.js,559
node_modules\lucide\dist\esm\icons\calendar-search.js,.js,539
node_modules\lucide\dist\esm\icons\calendar-sync.js,.js,624
node_modules\lucide\dist\esm\icons\calendar-x-2.js,.js,501
node_modules\lucide\dist\esm\icons\calendar-x.js,.js,485
node_modules\lucide\dist\esm\icons\calendar.js,.js,415
node_modules\lucide\dist\esm\icons\calendars.js,.js,533
node_modules\lucide\dist\esm\icons\camera-off.js,.js,591
node_modules\lucide\dist\esm\icons\camera.js,.js,520
node_modules\lucide\dist\esm\icons\candy-cane.js,.js,531
node_modules\lucide\dist\esm\icons\candy-off.js,.js,830
node_modules\lucide\dist\esm\icons\candy.js,.js,774
node_modules\lucide\dist\esm\icons\cannabis-off.js,.js,804
node_modules\lucide\dist\esm\icons\cannabis.js,.js,571
node_modules\lucide\dist\esm\icons\captions-off.js,.js,507
node_modules\lucide\dist\esm\icons\captions.js,.js,387
node_modules\lucide\dist\esm\icons\car-front.js,.js,546
node_modules\lucide\dist\esm\icons\car-taxi-front.js,.js,589
node_modules\lucide\dist\esm\icons\car.js,.js,578
node_modules\lucide\dist\esm\icons\caravan.js,.js,522
node_modules\lucide\dist\esm\icons\card-sim.js,.js,538
node_modules\lucide\dist\esm\icons\carrot.js,.js,589
node_modules\lucide\dist\esm\icons\case-lower.js,.js,425
node_modules\lucide\dist\esm\icons\case-sensitive.js,.js,456
node_modules\lucide\dist\esm\icons\case-upper.js,.js,477
node_modules\lucide\dist\esm\icons\cassette-tape.js,.js,544
node_modules\lucide\dist\esm\icons\cast.js,.js,466
node_modules\lucide\dist\esm\icons\castle.js,.js,542
node_modules\lucide\dist\esm\icons\cat.js,.js,621
node_modules\lucide\dist\esm\icons\cctv-off.js,.js,722
node_modules\lucide\dist\esm\icons\cctv.js,.js,661
node_modules\lucide\dist\esm\icons\chart-area.js,.js,501
node_modules\lucide\dist\esm\icons\chart-bar-big.js,.js,449
node_modules\lucide\dist\esm\icons\chart-bar-decreasing.js,.js,426
node_modules\lucide\dist\esm\icons\chart-bar-increasing.js,.js,426
node_modules\lucide\dist\esm\icons\chart-bar-stacked.js,.js,522
node_modules\lucide\dist\esm\icons\chart-bar.js,.js,395
node_modules\lucide\dist\esm\icons\chart-candlestick.js,.js,582
node_modules\lucide\dist\esm\icons\chart-column-big.js,.js,458
node_modules\lucide\dist\esm\icons\chart-column-decreasing.js,.js,438
node_modules\lucide\dist\esm\icons\chart-column-increasing.js,.js,438
node_modules\lucide\dist\esm\icons\chart-column-stacked.js,.js,532
node_modules\lucide\dist\esm\icons\chart-column.js,.js,407
node_modules\lucide\dist\esm\icons\chart-gantt.js,.js,402
node_modules\lucide\dist\esm\icons\chart-line.js,.js,348
node_modules\lucide\dist\esm\icons\chart-network.js,.js,587
node_modules\lucide\dist\esm\icons\chart-no-axes-column-decreasing.js,.js,411
node_modules\lucide\dist\esm\icons\chart-no-axes-column-increasing.js,.js,411
node_modules\lucide\dist\esm\icons\chart-no-axes-column.js,.js,380
node_modules\lucide\dist\esm\icons\chart-no-axes-combined.js,.js,540
node_modules\lucide\dist\esm\icons\chart-no-axes-gantt.js,.js,376
node_modules\lucide\dist\esm\icons\chart-pie.js,.js,457
node_modules\lucide\dist\esm\icons\chart-scatter.js,.js,678
node_modules\lucide\dist\esm\icons\chart-spline.js,.js,385
node_modules\lucide\dist\esm\icons\check-check.js,.js,345
node_modules\lucide\dist\esm\icons\check-line.js,.js,361
node_modules\lucide\dist\esm\icons\check.js,.js,282
node_modules\lucide\dist\esm\icons\chef-hat.js,.js,490
node_modules\lucide\dist\esm\icons\cherry.js,.js,553
node_modules\lucide\dist\esm\icons\chess-bishop.js,.js,576
node_modules\lucide\dist\esm\icons\chess-king.js,.js,618
node_modules\lucide\dist\esm\icons\chess-knight.js,.js,634
node_modules\lucide\dist\esm\icons\chess-pawn.js,.js,500
node_modules\lucide\dist\esm\icons\chess-queen.js,.js,710
node_modules\lucide\dist\esm\icons\chess-rook.js,.js,569
node_modules\lucide\dist\esm\icons\chevron-down.js,.js,298
node_modules\lucide\dist\esm\icons\chevron-first.js,.js,337
node_modules\lucide\dist\esm\icons\chevron-last.js,.js,334
node_modules\lucide\dist\esm\icons\chevron-left.js,.js,300
node_modules\lucide\dist\esm\icons\chevron-right.js,.js,302
node_modules\lucide\dist\esm\icons\chevron-up.js,.js,294
node_modules\lucide\dist\esm\icons\chevrons-down-up.js,.js,348
node_modules\lucide\dist\esm\icons\chevrons-down.js,.js,341
node_modules\lucide\dist\esm\icons\chevrons-left-right-ellipsis.js,.js,480
node_modules\lucide\dist\esm\icons\chevrons-left-right.js,.js,357
node_modules\lucide\dist\esm\icons\chevrons-left.js,.js,344
node_modules\lucide\dist\esm\icons\chevrons-right-left.js,.js,359
node_modules\lucide\dist\esm\icons\chevrons-right.js,.js,346
node_modules\lucide\dist\esm\icons\chevrons-up-down.js,.js,348
node_modules\lucide\dist\esm\icons\chevrons-up.js,.js,338
node_modules\lucide\dist\esm\icons\church.js,.js,601
node_modules\lucide\dist\esm\icons\cigarette-off.js,.js,547
node_modules\lucide\dist\esm\icons\cigarette.js,.js,502
node_modules\lucide\dist\esm\icons\circle-alert.js,.js,428
node_modules\lucide\dist\esm\icons\circle-arrow-down.js,.js,393
node_modules\lucide\dist\esm\icons\circle-arrow-left.js,.js,394
node_modules\lucide\dist\esm\icons\circle-arrow-out-down-left.js,.js,416
node_modules\lucide\dist\esm\icons\circle-arrow-out-down-right.js,.js,422
node_modules\lucide\dist\esm\icons\circle-arrow-out-up-left.js,.js,406
node_modules\lucide\dist\esm\icons\circle-arrow-out-up-right.js,.js,412
node_modules\lucide\dist\esm\icons\circle-arrow-right.js,.js,397
node_modules\lucide\dist\esm\icons\circle-arrow-up.js,.js,389
node_modules\lucide\dist\esm\icons\circle-check-big.js,.js,368
node_modules\lucide\dist\esm\icons\circle-check.js,.js,350
node_modules\lucide\dist\esm\icons\circle-chevron-down.js,.js,370
node_modules\lucide\dist\esm\icons\circle-chevron-left.js,.js,370
node_modules\lucide\dist\esm\icons\circle-chevron-right.js,.js,372
node_modules\lucide\dist\esm\icons\circle-chevron-up.js,.js,363
node_modules\lucide\dist\esm\icons\circle-dashed.js,.js,708
node_modules\lucide\dist\esm\icons\circle-divide.js,.js,482
node_modules\lucide\dist\esm\icons\circle-dollar-sign.js,.js,424
node_modules\lucide\dist\esm\icons\circle-dot-dashed.js,.js,780
node_modules\lucide\dist\esm\icons\circle-dot.js,.js,354
node_modules\lucide\dist\esm\icons\circle-ellipsis.js,.js,421
node_modules\lucide\dist\esm\icons\circle-equal.js,.js,376
node_modules\lucide\dist\esm\icons\circle-fading-arrow-up.js,.js,628
node_modules\lucide\dist\esm\icons\circle-fading-plus.js,.js,611
node_modules\lucide\dist\esm\icons\circle-gauge.js,.js,403
node_modules\lucide\dist\esm\icons\circle-minus.js,.js,344
node_modules\lucide\dist\esm\icons\circle-off.js,.js,407
node_modules\lucide\dist\esm\icons\circle-parking-off.js,.js,552
node_modules\lucide\dist\esm\icons\circle-parking.js,.js,368
node_modules\lucide\dist\esm\icons\circle-pause.js,.js,424
node_modules\lucide\dist\esm\icons\circle-percent.js,.js,416
node_modules\lucide\dist\esm\icons\circle-pile.js,.js,537
node_modules\lucide\dist\esm\icons\circle-play.js,.js,448
node_modules\lucide\dist\esm\icons\circle-plus.js,.js,371
node_modules\lucide\dist\esm\icons\circle-pound-sterling.js,.js,446
node_modules\lucide\dist\esm\icons\circle-power.js,.js,396
node_modules\lucide\dist\esm\icons\circle-question-mark.js,.js,428
node_modules\lucide\dist\esm\icons\circle-slash-2.js,.js,351
node_modules\lucide\dist\esm\icons\circle-slash.js,.js,368
node_modules\lucide\dist\esm\icons\circle-small.js,.js,309
node_modules\lucide\dist\esm\icons\circle-star.js,.js,672
node_modules\lucide\dist\esm\icons\circle-stop.js,.js,377
node_modules\lucide\dist\esm\icons\circle-user-round.js,.js,431
node_modules\lucide\dist\esm\icons\circle-user.js,.js,428
node_modules\lucide\dist\esm\icons\circle-x.js,.js,365
node_modules\lucide\dist\esm\icons\circle.js,.js,294
node_modules\lucide\dist\esm\icons\circuit-board.js,.js,521
node_modules\lucide\dist\esm\icons\citrus.js,.js,500
node_modules\lucide\dist\esm\icons\clapperboard.js,.js,518
node_modules\lucide\dist\esm\icons\clipboard-check.js,.js,482
node_modules\lucide\dist\esm\icons\clipboard-clock.js,.js,538
node_modules\lucide\dist\esm\icons\clipboard-copy.js,.js,543
node_modules\lucide\dist\esm\icons\clipboard-list.js,.js,569
node_modules\lucide\dist\esm\icons\clipboard-minus.js,.js,476
node_modules\lucide\dist\esm\icons\clipboard-paste.js,.js,546
node_modules\lucide\dist\esm\icons\clipboard-pen-line.js,.js,679
node_modules\lucide\dist\esm\icons\clipboard-pen.js,.js,615
node_modules\lucide\dist\esm\icons\clipboard-plus.js,.js,505
node_modules\lucide\dist\esm\icons\clipboard-type.js,.js,540
node_modules\lucide\dist\esm\icons\clipboard-x.js,.js,499
node_modules\lucide\dist\esm\icons\clipboard.js,.js,430
node_modules\lucide\dist\esm\icons\clock-1.js,.js,333
node_modules\lucide\dist\esm\icons\clock-10.js,.js,337
node_modules\lucide\dist\esm\icons\clock-11.js,.js,337
node_modules\lucide\dist\esm\icons\clock-12.js,.js,332
node_modules\lucide\dist\esm\icons\clock-2.js,.js,333
node_modules\lucide\dist\esm\icons\clock-3.js,.js,331
node_modules\lucide\dist\esm\icons\clock-4.js,.js,333
node_modules\lucide\dist\esm\icons\clock-5.js,.js,333
node_modules\lucide\dist\esm\icons\clock-6.js,.js,330
node_modules\lucide\dist\esm\icons\clock-7.js,.js,334
node_modules\lucide\dist\esm\icons\clock-8.js,.js,334
node_modules\lucide\dist\esm\icons\clock-9.js,.js,331
node_modules\lucide\dist\esm\icons\clock-alert.js,.js,416
node_modules\lucide\dist\esm\icons\clock-arrow-down.js,.js,440
node_modules\lucide\dist\esm\icons\clock-arrow-up.js,.js,439
node_modules\lucide\dist\esm\icons\clock-check.js,.js,390
node_modules\lucide\dist\esm\icons\clock-fading.js,.js,568
node_modules\lucide\dist\esm\icons\clock-plus.js,.js,425
node_modules\lucide\dist\esm\icons\clock.js,.js,329
node_modules\lucide\dist\esm\icons\closed-caption.js,.js,437
node_modules\lucide\dist\esm\icons\cloud-alert.js,.js,408
node_modules\lucide\dist\esm\icons\cloud-backup.js,.js,473
node_modules\lucide\dist\esm\icons\cloud-check.js,.js,390
node_modules\lucide\dist\esm\icons\cloud-cog.js,.js,768
node_modules\lucide\dist\esm\icons\cloud-download.js,.js,427
node_modules\lucide\dist\esm\icons\cloud-drizzle.js,.js,533
node_modules\lucide\dist\esm\icons\cloud-fog.js,.js,399
node_modules\lucide\dist\esm\icons\cloud-hail.js,.js,530
node_modules\lucide\dist\esm\icons\cloud-lightning.js,.js,394
node_modules\lucide\dist\esm\icons\cloud-moon-rain.js,.js,583
node_modules\lucide\dist\esm\icons\cloud-moon.js,.js,507
node_modules\lucide\dist\esm\icons\cloud-off.js,.js,456
node_modules\lucide\dist\esm\icons\cloud-rain-wind.js,.js,452
node_modules\lucide\dist\esm\icons\cloud-rain.js,.js,432
node_modules\lucide\dist\esm\icons\cloud-snow.js,.js,536
node_modules\lucide\dist\esm\icons\cloud-sun-rain.js,.js,602
node_modules\lucide\dist\esm\icons\cloud-sun.js,.js,529
node_modules\lucide\dist\esm\icons\cloud-sync.js,.js,530
node_modules\lucide\dist\esm\icons\cloud-upload.js,.js,413
node_modules\lucide\dist\esm\icons\cloud.js,.js,318
node_modules\lucide\dist\esm\icons\cloudy.js,.js,398
node_modules\lucide\dist\esm\icons\clover.js,.js,593
node_modules\lucide\dist\esm\icons\club.js,.js,398
node_modules\lucide\dist\esm\icons\code-xml.js,.js,362
node_modules\lucide\dist\esm\icons\code.js,.js,317
node_modules\lucide\dist\esm\icons\coffee.js,.js,472
node_modules\lucide\dist\esm\icons\cog.js,.js,764
node_modules\lucide\dist\esm\icons\coins.js,.js,433
node_modules\lucide\dist\esm\icons\columns-2.js,.js,357
node_modules\lucide\dist\esm\icons\columns-3-cog.js,.js,766
node_modules\lucide\dist\esm\icons\columns-3.js,.js,387
node_modules\lucide\dist\esm\icons\columns-4.js,.js,422
node_modules\lucide\dist\esm\icons\combine.js,.js,587
node_modules\lucide\dist\esm\icons\command.js,.js,348
node_modules\lucide\dist\esm\icons\compass.js,.js,437
node_modules\lucide\dist\esm\icons\component.js,.js,931
node_modules\lucide\dist\esm\icons\computer.js,.js,453
node_modules\lucide\dist\esm\icons\concierge-bell.js,.js,470
node_modules\lucide\dist\esm\icons\cone.js,.js,369
node_modules\lucide\dist\esm\icons\construction.js,.js,560
node_modules\lucide\dist\esm\icons\contact-round.js,.js,491
node_modules\lucide\dist\esm\icons\contact.js,.js,490
node_modules\lucide\dist\esm\icons\container.js,.js,615
node_modules\lucide\dist\esm\icons\contrast.js,.js,352
node_modules\lucide\dist\esm\icons\cookie.js,.js,493
node_modules\lucide\dist\esm\icons\cooking-pot.js,.js,490
node_modules\lucide\dist\esm\icons\copy-check.js,.js,453
node_modules\lucide\dist\esm\icons\copy-minus.js,.js,472
node_modules\lucide\dist\esm\icons\copy-plus.js,.js,525
node_modules\lucide\dist\esm\icons\copy-slash.js,.js,472
node_modules\lucide\dist\esm\icons\copy-x.js,.js,516
node_modules\lucide\dist\esm\icons\copy.js,.js,400
node_modules\lucide\dist\esm\icons\copyleft.js,.js,355
node_modules\lucide\dist\esm\icons\copyright.js,.js,359
node_modules\lucide\dist\esm\icons\corner-down-left.js,.js,359
node_modules\lucide\dist\esm\icons\corner-down-right.js,.js,363
node_modules\lucide\dist\esm\icons\corner-left-down.js,.js,362
node_modules\lucide\dist\esm\icons\corner-left-up.js,.js,355
node_modules\lucide\dist\esm\icons\corner-right-down.js,.js,363
node_modules\lucide\dist\esm\icons\corner-right-up.js,.js,356
node_modules\lucide\dist\esm\icons\corner-up-left.js,.js,355
node_modules\lucide\dist\esm\icons\corner-up-right.js,.js,359
node_modules\lucide\dist\esm\icons\cpu.js,.js,738
node_modules\lucide\dist\esm\icons\creative-commons.js,.js,506
node_modules\lucide\dist\esm\icons\credit-card.js,.js,387
node_modules\lucide\dist\esm\icons\croissant.js,.js,760
node_modules\lucide\dist\esm\icons\crop.js,.js,339
node_modules\lucide\dist\esm\icons\cross.js,.js,492
node_modules\lucide\dist\esm\icons\crosshair.js,.js,527
node_modules\lucide\dist\esm\icons\crown.js,.js,540
node_modules\lucide\dist\esm\icons\cuboid.js,.js,522
node_modules\lucide\dist\esm\icons\cup-soda.js,.js,469
node_modules\lucide\dist\esm\icons\currency.js,.js,519
node_modules\lucide\dist\esm\icons\cylinder.js,.js,360
node_modules\lucide\dist\esm\icons\dam.js,.js,634
node_modules\lucide\dist\esm\icons\database-backup.js,.js,589
node_modules\lucide\dist\esm\icons\database-search.js,.js,555
node_modules\lucide\dist\esm\icons\database-zap.js,.js,496
node_modules\lucide\dist\esm\icons\database.js,.js,405
node_modules\lucide\dist\esm\icons\decimals-arrow-left.js,.js,455
node_modules\lucide\dist\esm\icons\decimals-arrow-right.js,.js,527
node_modules\lucide\dist\esm\icons\delete.js,.js,477
node_modules\lucide\dist\esm\icons\dessert.js,.js,537
node_modules\lucide\dist\esm\icons\diameter.js,.js,506
node_modules\lucide\dist\esm\icons\diamond-minus.js,.js,477
node_modules\lucide\dist\esm\icons\diamond-percent.js,.js,561
node_modules\lucide\dist\esm\icons\diamond-plus.js,.js,504
node_modules\lucide\dist\esm\icons\diamond.js,.js,432
node_modules\lucide\dist\esm\icons\dice-1.js,.js,359
node_modules\lucide\dist\esm\icons\dice-2.js,.js,390
node_modules\lucide\dist\esm\icons\dice-3.js,.js,423
node_modules\lucide\dist\esm\icons\dice-4.js,.js,454
node_modules\lucide\dist\esm\icons\dice-5.js,.js,487
node_modules\lucide\dist\esm\icons\dice-6.js,.js,519
node_modules\lucide\dist\esm\icons\dices.js,.js,548
node_modules\lucide\dist\esm\icons\diff.js,.js,338
node_modules\lucide\dist\esm\icons\disc-2.js,.js,375
node_modules\lucide\dist\esm\icons\disc-3.js,.js,440
node_modules\lucide\dist\esm\icons\disc-album.js,.js,408
node_modules\lucide\dist\esm\icons\disc.js,.js,338
node_modules\lucide\dist\esm\icons\divide.js,.js,397
node_modules\lucide\dist\esm\icons\dna-off.js,.js,705
node_modules\lucide\dist\esm\icons\dna.js,.js,725
node_modules\lucide\dist\esm\icons\dock.js,.js,374
node_modules\lucide\dist\esm\icons\dog.js,.js,824
node_modules\lucide\dist\esm\icons\dollar-sign.js,.js,391
node_modules\lucide\dist\esm\icons\donut.js,.js,431
node_modules\lucide\dist\esm\icons\door-closed-locked.js,.js,525
node_modules\lucide\dist\esm\icons\door-closed.js,.js,392
node_modules\lucide\dist\esm\icons\door-open.js,.js,539
node_modules\lucide\dist\esm\icons\dot.js,.js,288
node_modules\lucide\dist\esm\icons\download.js,.js,388
node_modules\lucide\dist\esm\icons\drafting-compass.js,.js,500
node_modules\lucide\dist\esm\icons\drama.js,.js,700
node_modules\lucide\dist\esm\icons\drill.js,.js,641
node_modules\lucide\dist\esm\icons\drone.js,.js,672
node_modules\lucide\dist\esm\icons\droplet-off.js,.js,529
node_modules\lucide\dist\esm\icons\droplet.js,.js,400
node_modules\lucide\dist\esm\icons\droplets.js,.js,579
node_modules\lucide\dist\esm\icons\drum.js,.js,512
node_modules\lucide\dist\esm\icons\drumstick.js,.js,446
node_modules\lucide\dist\esm\icons\dumbbell.js,.js,748
node_modules\lucide\dist\esm\icons\ear-off.js,.js,586
node_modules\lucide\dist\esm\icons\ear.js,.js,385
node_modules\lucide\dist\esm\icons\earth-lock.js,.js,607
node_modules\lucide\dist\esm\icons\earth.js,.js,553
node_modules\lucide\dist\esm\icons\eclipse.js,.js,345
node_modules\lucide\dist\esm\icons\egg-fried.js,.js,485
node_modules\lucide\dist\esm\icons\egg-off.js,.js,443
node_modules\lucide\dist\esm\icons\egg.js,.js,308
node_modules\lucide\dist\esm\icons\ellipse.js,.js,308
node_modules\lucide\dist\esm\icons\ellipsis-vertical.js,.js,419
node_modules\lucide\dist\esm\icons\ellipsis.js,.js,394
node_modules\lucide\dist\esm\icons\equal-approximately.js,.js,415
node_modules\lucide\dist\esm\icons\equal-not.js,.js,420
node_modules\lucide\dist\esm\icons\equal.js,.js,356
node_modules\lucide\dist\esm\icons\eraser.js,.js,462
node_modules\lucide\dist\esm\icons\ethernet-port.js,.js,505
node_modules\lucide\dist\esm\icons\euro.js,.js,420
node_modules\lucide\dist\esm\icons\ev-charger.js,.js,517
node_modules\lucide\dist\esm\icons\expand.js,.js,509
node_modules\lucide\dist\esm\icons\external-link.js,.js,415
node_modules\lucide\dist\esm\icons\eye-closed.js,.js,469
node_modules\lucide\dist\esm\icons\eye-off.js,.js,620
node_modules\lucide\dist\esm\icons\eye.js,.js,434
node_modules\lucide\dist\esm\icons\factory.js,.js,577
node_modules\lucide\dist\esm\icons\fan.js,.js,501
node_modules\lucide\dist\esm\icons\fast-forward.js,.js,453
node_modules\lucide\dist\esm\icons\feather.js,.js,476
node_modules\lucide\dist\esm\icons\fence.js,.js,568
node_modules\lucide\dist\esm\icons\ferris-wheel.js,.js,599
node_modules\lucide\dist\esm\icons\file-archive.js,.js,601
node_modules\lucide\dist\esm\icons\file-axis-3d.js,.js,530
node_modules\lucide\dist\esm\icons\file-badge.js,.js,657
node_modules\lucide\dist\esm\icons\file-box.js,.js,725
node_modules\lucide\dist\esm\icons\file-braces-corner.js,.js,651
node_modules\lucide\dist\esm\icons\file-braces.js,.js,645
node_modules\lucide\dist\esm\icons\file-chart-column-increasing.js,.js,607
node_modules\lucide\dist\esm\icons\file-chart-column.js,.js,576
node_modules\lucide\dist\esm\icons\file-chart-line.js,.js,521
node_modules\lucide\dist\esm\icons\file-chart-pie.js,.js,670
node_modules\lucide\dist\esm\icons\file-check-corner.js,.js,507
node_modules\lucide\dist\esm\icons\file-check.js,.js,498
node_modules\lucide\dist\esm\icons\file-clock.js,.js,537
node_modules\lucide\dist\esm\icons\file-code-corner.js,.js,544
node_modules\lucide\dist\esm\icons\file-code.js,.js,544
node_modules\lucide\dist\esm\icons\file-cog.js,.js,862
node_modules\lucide\dist\esm\icons\file-diff.js,.js,504
node_modules\lucide\dist\esm\icons\file-digit.js,.js,578
node_modules\lucide\dist\esm\icons\file-down.js,.js,527
node_modules\lucide\dist\esm\icons\file-exclamation-point.js,.js,513
node_modules\lucide\dist\esm\icons\file-headphone.js,.js,589
node_modules\lucide\dist\esm\icons\file-heart.js,.js,590
node_modules\lucide\dist\esm\icons\file-image.js,.js,578
node_modules\lucide\dist\esm\icons\file-input.js,.js,533
node_modules\lucide\dist\esm\icons\file-key.js,.js,553
node_modules\lucide\dist\esm\icons\file-lock.js,.js,562
node_modules\lucide\dist\esm\icons\file-minus-corner.js,.js,503
node_modules\lucide\dist\esm\icons\file-minus.js,.js,492
node_modules\lucide\dist\esm\icons\file-music.js,.js,543
node_modules\lucide\dist\esm\icons\file-output.js,.js,548
node_modules\lucide\dist\esm\icons\file-pen-line.js,.js,665
node_modules\lucide\dist\esm\icons\file-pen.js,.js,623
node_modules\lucide\dist\esm\icons\file-play.js,.js,608
node_modules\lucide\dist\esm\icons\file-plus-corner.js,.js,533
node_modules\lucide\dist\esm\icons\file-plus.js,.js,521
node_modules\lucide\dist\esm\icons\file-question-mark.js,.js,529
node_modules\lucide\dist\esm\icons\file-scan.js,.js,624
node_modules\lucide\dist\esm\icons\file-search-corner.js,.js,561
node_modules\lucide\dist\esm\icons\file-search.js,.js,556
node_modules\lucide\dist\esm\icons\file-signal.js,.js,591
node_modules\lucide\dist\esm\icons\file-sliders.js,.js,590
node_modules\lucide\dist\esm\icons\file-spreadsheet.js,.js,602
node_modules\lucide\dist\esm\icons\file-stack.js,.js,553
node_modules\lucide\dist\esm\icons\file-symlink.js,.js,525
node_modules\lucide\dist\esm\icons\file-terminal.js,.js,538
node_modules\lucide\dist\esm\icons\file-text.js,.js,551
node_modules\lucide\dist\esm\icons\file-type-corner.js,.js,598
node_modules\lucide\dist\esm\icons\file-type.js,.js,591
node_modules\lucide\dist\esm\icons\file-up.js,.js,521
node_modules\lucide\dist\esm\icons\file-user.js,.js,548
node_modules\lucide\dist\esm\icons\file-video-camera.js,.js,648
node_modules\lucide\dist\esm\icons\file-volume.js,.js,713
node_modules\lucide\dist\esm\icons\file-x-corner.js,.js,522
node_modules\lucide\dist\esm\icons\file-x.js,.js,523
node_modules\lucide\dist\esm\icons\file.js,.js,446
node_modules\lucide\dist\esm\icons\files.js,.js,505
node_modules\lucide\dist\esm\icons\film.js,.js,533
node_modules\lucide\dist\esm\icons\fingerprint-pattern.js,.js,751
node_modules\lucide\dist\esm\icons\fire-extinguisher.js,.js,562
node_modules\lucide\dist\esm\icons\fish-off.js,.js,881
node_modules\lucide\dist\esm\icons\fish-symbol.js,.js,312
node_modules\lucide\dist\esm\icons\fish.js,.js,790
node_modules\lucide\dist\esm\icons\fishing-hook.js,.js,453
node_modules\lucide\dist\esm\icons\fishing-rod.js,.js,419
node_modules\lucide\dist\esm\icons\flag-off.js,.js,462
node_modules\lucide\dist\esm\icons\flag-triangle-left.js,.js,372
node_modules\lucide\dist\esm\icons\flag-triangle-right.js,.js,374
node_modules\lucide\dist\esm\icons\flag.js,.js,436
node_modules\lucide\dist\esm\icons\flame-kindling.js,.js,488
node_modules\lucide\dist\esm\icons\flame.js,.js,383
node_modules\lucide\dist\esm\icons\flashlight-off.js,.js,582
node_modules\lucide\dist\esm\icons\flashlight.js,.js,520
node_modules\lucide\dist\esm\icons\flask-conical-off.js,.js,525
node_modules\lucide\dist\esm\icons\flask-conical.js,.js,488
node_modules\lucide\dist\esm\icons\flask-round.js,.js,376
node_modules\lucide\dist\esm\icons\flip-horizontal-2.js,.js,477
node_modules\lucide\dist\esm\icons\flip-vertical-2.js,.js,478
node_modules\lucide\dist\esm\icons\flower-2.js,.js,611
node_modules\lucide\dist\esm\icons\flower.js,.js,723
node_modules\lucide\dist\esm\icons\focus.js,.js,480
node_modules\lucide\dist\esm\icons\fold-horizontal.js,.js,532
node_modules\lucide\dist\esm\icons\fold-vertical.js,.js,530
node_modules\lucide\dist\esm\icons\folder-archive.js,.js,555
node_modules\lucide\dist\esm\icons\folder-check.js,.js,466
node_modules\lucide\dist\esm\icons\folder-clock.js,.js,497
node_modules\lucide\dist\esm\icons\folder-closed.js,.js,464
node_modules\lucide\dist\esm\icons\folder-code.js,.js,512
node_modules\lucide\dist\esm\icons\folder-cog.js,.js,825
node_modules\lucide\dist\esm\icons\folder-dot.js,.js,474
node_modules\lucide\dist\esm\icons\folder-down.js,.js,495
node_modules\lucide\dist\esm\icons\folder-git-2.js,.js,549
node_modules\lucide\dist\esm\icons\folder-git.js,.js,531
node_modules\lucide\dist\esm\icons\folder-heart.js,.js,569
node_modules\lucide\dist\esm\icons\folder-input.js,.js,498
node_modules\lucide\dist\esm\icons\folder-kanban.js,.js,529
node_modules\lucide\dist\esm\icons\folder-key.js,.js,520
node_modules\lucide\dist\esm\icons\folder-lock.js,.js,530
node_modules\lucide\dist\esm\icons\folder-minus.js,.js,460
node_modules\lucide\dist\esm\icons\folder-open-dot.js,.js,544
node_modules\lucide\dist\esm\icons\folder-open.js,.js,486
node_modules\lucide\dist\esm\icons\folder-output.js,.js,502
node_modules\lucide\dist\esm\icons\folder-pen.js,.js,584
node_modules\lucide\dist\esm\icons\folder-plus.js,.js,488
node_modules\lucide\dist\esm\icons\folder-root.js,.js,508
node_modules\lucide\dist\esm\icons\folder-search-2.js,.js,528
node_modules\lucide\dist\esm\icons\folder-search.js,.js,505
node_modules\lucide\dist\esm\icons\folder-symlink.js,.js,492
node_modules\lucide\dist\esm\icons\folder-sync.js,.js,594
node_modules\lucide\dist\esm\icons\folder-tree.js,.js,677
node_modules\lucide\dist\esm\icons\folder-up.js,.js,488
node_modules\lucide\dist\esm\icons\folder-x.js,.js,491
node_modules\lucide\dist\esm\icons\folder.js,.js,414
node_modules\lucide\dist\esm\icons\folders.js,.js,503
node_modules\lucide\dist\esm\icons\footprints.js,.js,647
node_modules\lucide\dist\esm\icons\forklift.js,.js,601
node_modules\lucide\dist\esm\icons\form.js,.js,440
node_modules\lucide\dist\esm\icons\forward.js,.js,339
node_modules\lucide\dist\esm\icons\frame.js,.js,464
node_modules\lucide\dist\esm\icons\frown.js,.js,455
node_modules\lucide\dist\esm\icons\fuel.js,.js,462
node_modules\lucide\dist\esm\icons\fullscreen.js,.js,516
node_modules\lucide\dist\esm\icons\funnel-plus.js,.js,505
node_modules\lucide\dist\esm\icons\funnel-x.js,.js,506
node_modules\lucide\dist\esm\icons\funnel.js,.js,442
node_modules\lucide\dist\esm\icons\gallery-horizontal-end.js,.js,424
node_modules\lucide\dist\esm\icons\gallery-horizontal.js,.js,414
node_modules\lucide\dist\esm\icons\gallery-thumbnails.js,.js,475
node_modules\lucide\dist\esm\icons\gallery-vertical-end.js,.js,418
node_modules\lucide\dist\esm\icons\gallery-vertical.js,.js,408
node_modules\lucide\dist\esm\icons\gamepad-2.js,.js,811
node_modules\lucide\dist\esm\icons\gamepad-directional.js,.js,988
node_modules\lucide\dist\esm\icons\gamepad.js,.js,549
node_modules\lucide\dist\esm\icons\gauge.js,.js,332
node_modules\lucide\dist\esm\icons\gavel.js,.js,454
node_modules\lucide\dist\esm\icons\gem.js,.js,502
node_modules\lucide\dist\esm\icons\georgian-lari.js,.js,414
node_modules\lucide\dist\esm\icons\ghost.js,.js,412
node_modules\lucide\dist\esm\icons\gift.js,.js,499
node_modules\lucide\dist\esm\icons\git-branch-minus.js,.js,443
node_modules\lucide\dist\esm\icons\git-branch-plus.js,.js,523
node_modules\lucide\dist\esm\icons\git-branch.js,.js,395
node_modules\lucide\dist\esm\icons\git-commit-horizontal.js,.js,448
node_modules\lucide\dist\esm\icons\git-commit-vertical.js,.js,393
node_modules\lucide\dist\esm\icons\git-compare-arrows.js,.js,538
node_modules\lucide\dist\esm\icons\git-compare.js,.js,447
node_modules\lucide\dist\esm\icons\git-fork.js,.js,484
node_modules\lucide\dist\esm\icons\git-graph.js,.js,498
node_modules\lucide\dist\esm\icons\git-merge-conflict.js,.js,467
node_modules\lucide\dist\esm\icons\git-merge.js,.js,392
node_modules\lucide\dist\esm\icons\git-pull-request-arrow.js,.js,495
node_modules\lucide\dist\esm\icons\git-pull-request-closed.js,.js,514
node_modules\lucide\dist\esm\icons\git-pull-request-create-arrow.js,.js,531
node_modules\lucide\dist\esm\icons\git-pull-request-create.js,.js,479
node_modules\lucide\dist\esm\icons\git-pull-request-draft.js,.js,498
node_modules\lucide\dist\esm\icons\git-pull-request.js,.js,466
node_modules\lucide\dist\esm\icons\glass-water.js,.js,473
node_modules\lucide\dist\esm\icons\glasses.js,.js,507
node_modules\lucide\dist\esm\icons\globe-lock.js,.js,503
node_modules\lucide\dist\esm\icons\globe-off.js,.js,684
node_modules\lucide\dist\esm\icons\globe-x.js,.js,406
node_modules\lucide\dist\esm\icons\globe.js,.js,396
node_modules\lucide\dist\esm\icons\goal.js,.js,396
node_modules\lucide\dist\esm\icons\gpu.js,.js,489
node_modules\lucide\dist\esm\icons\graduation-cap.js,.js,520
node_modules\lucide\dist\esm\icons\grape.js,.js,690
node_modules\lucide\dist\esm\icons\grid-2x2-check.js,.js,442
node_modules\lucide\dist\esm\icons\grid-2x2-plus.js,.js,465
node_modules\lucide\dist\esm\icons\grid-2x2-x.js,.js,459
node_modules\lucide\dist\esm\icons\grid-2x2.js,.js,385
node_modules\lucide\dist\esm\icons\grid-3x2.js,.js,415
node_modules\lucide\dist\esm\icons\grid-3x3.js,.js,445
node_modules\lucide\dist\esm\icons\grip-horizontal.js,.js,547
node_modules\lucide\dist\esm\icons\grip-vertical.js,.js,541
node_modules\lucide\dist\esm\icons\grip.js,.js,653
node_modules\lucide\dist\esm\icons\group.js,.js,572
node_modules\lucide\dist\esm\icons\guitar.js,.js,720
node_modules\lucide\dist\esm\icons\ham.js,.js,595
node_modules\lucide\dist\esm\icons\hamburger.js,.js,560
node_modules\lucide\dist\esm\icons\hammer.js,.js,569
node_modules\lucide\dist\esm\icons\hand-coins.js,.js,591
node_modules\lucide\dist\esm\icons\hand-fist.js,.js,699
node_modules\lucide\dist\esm\icons\hand-grab.js,.js,592
node_modules\lucide\dist\esm\icons\hand-heart.js,.js,682
node_modules\lucide\dist\esm\icons\hand-helping.js,.js,506
node_modules\lucide\dist\esm\icons\hand-metal.js,.js,568
node_modules\lucide\dist\esm\icons\hand-platter.js,.js,636
node_modules\lucide\dist\esm\icons\hand.js,.js,570
node_modules\lucide\dist\esm\icons\handbag.js,.js,443
node_modules\lucide\dist\esm\icons\handshake.js,.js,614
node_modules\lucide\dist\esm\icons\hard-drive-download.js,.js,485
node_modules\lucide\dist\esm\icons\hard-drive-upload.js,.js,479
node_modules\lucide\dist\esm\icons\hard-drive.js,.js,562
node_modules\lucide\dist\esm\icons\hard-hat.js,.js,475
node_modules\lucide\dist\esm\icons\hash.js,.js,462
node_modules\lucide\dist\esm\icons\hat-glasses.js,.js,569
node_modules\lucide\dist\esm\icons\haze.js,.js,522
node_modules\lucide\dist\esm\icons\hd.js,.js,536
node_modules\lucide\dist\esm\icons\hdmi-port.js,.js,406
node_modules\lucide\dist\esm\icons\heading-1.js,.js,384
node_modules\lucide\dist\esm\icons\heading-2.js,.js,409
node_modules\lucide\dist\esm\icons\heading-3.js,.js,478
node_modules\lucide\dist\esm\icons\heading-4.js,.js,427
node_modules\lucide\dist\esm\icons\heading-5.js,.js,470
node_modules\lucide\dist\esm\icons\heading-6.js,.js,439
node_modules\lucide\dist\esm\icons\heading.js,.js,346
node_modules\lucide\dist\esm\icons\headphone-off.js,.js,569
node_modules\lucide\dist\esm\icons\headphones.js,.js,431
node_modules\lucide\dist\esm\icons\headset.js,.js,480
node_modules\lucide\dist\esm\icons\heart-crack.js,.js,610
node_modules\lucide\dist\esm\icons\heart-handshake.js,.js,660
node_modules\lucide\dist\esm\icons\heart-minus.js,.js,501
node_modules\lucide\dist\esm\icons\heart-off.js,.js,585
node_modules\lucide\dist\esm\icons\heart-plus.js,.js,526
node_modules\lucide\dist\esm\icons\heart-pulse.js,.js,521
node_modules\lucide\dist\esm\icons\heart.js,.js,442
node_modules\lucide\dist\esm\icons\heater.js,.js,647
node_modules\lucide\dist\esm\icons\helicopter.js,.js,584
node_modules\lucide\dist\esm\icons\hexagon.js,.js,420
node_modules\lucide\dist\esm\icons\highlighter.js,.js,389
node_modules\lucide\dist\esm\icons\history.js,.js,391
node_modules\lucide\dist\esm\icons\hop-off.js,.js,1138
node_modules\lucide\dist\esm\icons\hop.js,.js,1242
node_modules\lucide\dist\esm\icons\hospital.js,.js,526
node_modules\lucide\dist\esm\icons\hotel.js,.js,622
node_modules\lucide\dist\esm\icons\hourglass.js,.js,512
node_modules\lucide\dist\esm\icons\house-heart.js,.js,555
node_modules\lucide\dist\esm\icons\house-plug.js,.js,595
node_modules\lucide\dist\esm\icons\house-plus.js,.js,529
node_modules\lucide\dist\esm\icons\house-wifi.js,.js,537
node_modules\lucide\dist\esm\icons\house.js,.js,459
node_modules\lucide\dist\esm\icons\ice-cream-bowl.js,.js,490
node_modules\lucide\dist\esm\icons\ice-cream-cone.js,.js,433
node_modules\lucide\dist\esm\icons\id-card-lanyard.js,.js,533
node_modules\lucide\dist\esm\icons\id-card.js,.js,475
node_modules\lucide\dist\esm\icons\image-down.js,.js,515
node_modules\lucide\dist\esm\icons\image-minus.js,.js,505
node_modules\lucide\dist\esm\icons\image-off.js,.js,627
node_modules\lucide\dist\esm\icons\image-play.js,.js,560
node_modules\lucide\dist\esm\icons\image-plus.js,.js,513
node_modules\lucide\dist\esm\icons\image-up.js,.js,511
node_modules\lucide\dist\esm\icons\image-upscale.js,.js,621
node_modules\lucide\dist\esm\icons\image.js,.js,433
node_modules\lucide\dist\esm\icons\images.js,.js,530
node_modules\lucide\dist\esm\icons\import.js,.js,414
node_modules\lucide\dist\esm\icons\inbox.js,.js,464
node_modules\lucide\dist\esm\icons\indian-rupee.js,.js,441
node_modules\lucide\dist\esm\icons\infinity.js,.js,340
node_modules\lucide\dist\esm\icons\info.js,.js,356
node_modules\lucide\dist\esm\icons\inspection-panel.js,.js,475
node_modules\lucide\dist\esm\icons\italic.js,.js,414
node_modules\lucide\dist\esm\icons\iteration-ccw.js,.js,352
node_modules\lucide\dist\esm\icons\iteration-cw.js,.js,347
node_modules\lucide\dist\esm\icons\japanese-yen.js,.js,384
node_modules\lucide\dist\esm\icons\joystick.js,.js,460
node_modules\lucide\dist\esm\icons\kanban.js,.js,342
node_modules\lucide\dist\esm\icons\kayak.js,.js,572
node_modules\lucide\dist\esm\icons\key-round.js,.js,545
node_modules\lucide\dist\esm\icons\key-square.js,.js,657
node_modules\lucide\dist\esm\icons\key.js,.js,414
node_modules\lucide\dist\esm\icons\keyboard-music.js,.js,588
node_modules\lucide\dist\esm\icons\keyboard-off.js,.js,648
node_modules\lucide\dist\esm\icons\keyboard.js,.js,581
node_modules\lucide\dist\esm\icons\lamp-ceiling.js,.js,488
node_modules\lucide\dist\esm\icons\lamp-desk.js,.js,649
node_modules\lucide\dist\esm\icons\lamp-floor.js,.js,459
node_modules\lucide\dist\esm\icons\lamp-wall-down.js,.js,546
node_modules\lucide\dist\esm\icons\lamp-wall-up.js,.js,542
node_modules\lucide\dist\esm\icons\lamp.js,.js,516
node_modules\lucide\dist\esm\icons\land-plot.js,.js,520
node_modules\lucide\dist\esm\icons\landmark.js,.js,560
node_modules\lucide\dist\esm\icons\languages.js,.js,456
node_modules\lucide\dist\esm\icons\laptop-minimal-check.js,.js,424
node_modules\lucide\dist\esm\icons\laptop-minimal.js,.js,405
node_modules\lucide\dist\esm\icons\laptop.js,.js,484
node_modules\lucide\dist\esm\icons\lasso-select.js,.js,725
node_modules\lucide\dist\esm\icons\lasso.js,.js,398
node_modules\lucide\dist\esm\icons\laugh.js,.js,468
node_modules\lucide\dist\esm\icons\layers-2.js,.js,537
node_modules\lucide\dist\esm\icons\layers-plus.js,.js,653
node_modules\lucide\dist\esm\icons\layers.js,.js,596
node_modules\lucide\dist\esm\icons\layout-dashboard.js,.js,547
node_modules\lucide\dist\esm\icons\layout-grid.js,.js,532
node_modules\lucide\dist\esm\icons\layout-list.js,.js,519
node_modules\lucide\dist\esm\icons\layout-panel-left.js,.js,482
node_modules\lucide\dist\esm\icons\layout-panel-top.js,.js,479
node_modules\lucide\dist\esm\icons\layout-template.js,.js,478
node_modules\lucide\dist\esm\icons\leaf.js,.js,431
node_modules\lucide\dist\esm\icons\leafy-green.js,.js,629
node_modules\lucide\dist\esm\icons\lectern.js,.js,522
node_modules\lucide\dist\esm\icons\lens-concave.js,.js,422
node_modules\lucide\dist\esm\icons\lens-convex.js,.js,445
node_modules\lucide\dist\esm\icons\library-big.js,.js,516
node_modules\lucide\dist\esm\icons\library.js,.js,378
node_modules\lucide\dist\esm\icons\life-buoy.js,.js,527
node_modules\lucide\dist\esm\icons\ligature.js,.js,429
node_modules\lucide\dist\esm\icons\lightbulb-off.js,.js,509
node_modules\lucide\dist\esm\icons\lightbulb.js,.js,466
node_modules\lucide\dist\esm\icons\line-dot-right-horizontal.js,.js,385
node_modules\lucide\dist\esm\icons\line-squiggle.js,.js,385
node_modules\lucide\dist\esm\icons\line-style.js,.js,442
node_modules\lucide\dist\esm\icons\link-2-off.js,.js,456
node_modules\lucide\dist\esm\icons\link-2.js,.js,398
node_modules\lucide\dist\esm\icons\link.js,.js,410
node_modules\lucide\dist\esm\icons\list-check.js,.js,390
node_modules\lucide\dist\esm\icons\list-checks.js,.js,427
node_modules\lucide\dist\esm\icons\list-chevrons-down-up.js,.js,452
node_modules\lucide\dist\esm\icons\list-chevrons-up-down.js,.js,452
node_modules\lucide\dist\esm\icons\list-collapse.js,.js,437
node_modules\lucide\dist\esm\icons\list-end.js,.js,431
node_modules\lucide\dist\esm\icons\list-filter-plus.js,.js,428
node_modules\lucide\dist\esm\icons\list-filter.js,.js,355
node_modules\lucide\dist\esm\icons\list-indent-decrease.js,.js,419
node_modules\lucide\dist\esm\icons\list-indent-increase.js,.js,419
node_modules\lucide\dist\esm\icons\list-minus.js,.js,385
node_modules\lucide\dist\esm\icons\list-music.js,.js,430
node_modules\lucide\dist\esm\icons\list-ordered.js,.js,501
node_modules\lucide\dist\esm\icons\list-plus.js,.js,412
node_modules\lucide\dist\esm\icons\list-restart.js,.js,487
node_modules\lucide\dist\esm\icons\list-start.js,.js,436
node_modules\lucide\dist\esm\icons\list-todo.js,.js,452
node_modules\lucide\dist\esm\icons\list-tree.js,.js,440
node_modules\lucide\dist\esm\icons\list-video.js,.js,493
node_modules\lucide\dist\esm\icons\list-x.js,.js,413
node_modules\lucide\dist\esm\icons\list.js,.js,432
node_modules\lucide\dist\esm\icons\loader-circle.js,.js,316
node_modules\lucide\dist\esm\icons\loader-pinwheel.js,.js,505
node_modules\lucide\dist\esm\icons\loader.js,.js,533
node_modules\lucide\dist\esm\icons\locate-fixed.js,.js,579
node_modules\lucide\dist\esm\icons\locate-off.js,.js,522
node_modules\lucide\dist\esm\icons\locate.js,.js,517
node_modules\lucide\dist\esm\icons\lock-keyhole-open.js,.js,444
node_modules\lucide\dist\esm\icons\lock-keyhole.js,.js,429
node_modules\lucide\dist\esm\icons\lock-open.js,.js,382
node_modules\lucide\dist\esm\icons\lock.js,.js,370
node_modules\lucide\dist\esm\icons\log-in.js,.js,381
node_modules\lucide\dist\esm\icons\log-out.js,.js,382
node_modules\lucide\dist\esm\icons\logs.js,.js,515
node_modules\lucide\dist\esm\icons\lollipop.js,.js,412
node_modules\lucide\dist\esm\icons\luggage.js,.js,531
node_modules\lucide\dist\esm\icons\magnet.js,.js,575
node_modules\lucide\dist\esm\icons\mail-check.js,.js,442
node_modules\lucide\dist\esm\icons\mail-minus.js,.js,436
node_modules\lucide\dist\esm\icons\mail-open.js,.js,473
node_modules\lucide\dist\esm\icons\mail-plus.js,.js,464
node_modules\lucide\dist\esm\icons\mail-question-mark.js,.js,561
node_modules\lucide\dist\esm\icons\mail-search.js,.js,553
node_modules\lucide\dist\esm\icons\mail-warning.js,.js,480
node_modules\lucide\dist\esm\icons\mail-x.js,.js,459
node_modules\lucide\dist\esm\icons\mail.js,.js,375
node_modules\lucide\dist\esm\icons\mailbox.js,.js,516
node_modules\lucide\dist\esm\icons\mails.js,.js,462
node_modules\lucide\dist\esm\icons\map-minus.js,.js,589
node_modules\lucide\dist\esm\icons\map-pin-check-inside.js,.js,468
node_modules\lucide\dist\esm\icons\map-pin-check.js,.js,534
node_modules\lucide\dist\esm\icons\map-pin-house.js,.js,587
node_modules\lucide\dist\esm\icons\map-pin-minus-inside.js,.js,462
node_modules\lucide\dist\esm\icons\map-pin-minus.js,.js,517
node_modules\lucide\dist\esm\icons\map-pin-off.js,.js,643
node_modules\lucide\dist\esm\icons\map-pin-pen.js,.js,562
node_modules\lucide\dist\esm\icons\map-pin-plus-inside.js,.js,489
node_modules\lucide\dist\esm\icons\map-pin-plus.js,.js,545
node_modules\lucide\dist\esm\icons\map-pin-search.js,.js,572
node_modules\lucide\dist\esm\icons\map-pin-x-inside.js,.js,491
node_modules\lucide\dist\esm\icons\map-pin-x.js,.js,545
node_modules\lucide\dist\esm\icons\map-pin.js,.js,443
node_modules\lucide\dist\esm\icons\map-pinned.js,.js,605
node_modules\lucide\dist\esm\icons\map-plus.js,.js,617
node_modules\lucide\dist\esm\icons\map.js,.js,593
node_modules\lucide\dist\esm\icons\mars-stroke.js,.js,411
node_modules\lucide\dist\esm\icons\mars.js,.js,361
node_modules\lucide\dist\esm\icons\martini.js,.js,353
node_modules\lucide\dist\esm\icons\maximize-2.js,.js,390
node_modules\lucide\dist\esm\icons\maximize.js,.js,443
node_modules\lucide\dist\esm\icons\medal.js,.js,593
node_modules\lucide\dist\esm\icons\megaphone-off.js,.js,578
node_modules\lucide\dist\esm\icons\megaphone.js,.js,526
node_modules\lucide\dist\esm\icons\meh.js,.js,456
node_modules\lucide\dist\esm\icons\memory-stick.js,.js,654
node_modules\lucide\dist\esm\icons\menu.js,.js,337
node_modules\lucide\dist\esm\icons\merge.js,.js,376
node_modules\lucide\dist\esm\icons\message-circle-check.js,.js,493
node_modules\lucide\dist\esm\icons\message-circle-code.js,.js,527
node_modules\lucide\dist\esm\icons\message-circle-dashed.js,.js,747
node_modules\lucide\dist\esm\icons\message-circle-heart.js,.js,609
node_modules\lucide\dist\esm\icons\message-circle-more.js,.js,552
node_modules\lucide\dist\esm\icons\message-circle-off.js,.js,564
node_modules\lucide\dist\esm\icons\message-circle-plus.js,.js,514
node_modules\lucide\dist\esm\icons\message-circle-question-mark.js,.js,571
node_modules\lucide\dist\esm\icons\message-circle-reply.js,.js,540
node_modules\lucide\dist\esm\icons\message-circle-warning.js,.js,526
node_modules\lucide\dist\esm\icons\message-circle-x.js,.js,508
node_modules\lucide\dist\esm\icons\message-circle.js,.js,441
node_modules\lucide\dist\esm\icons\message-square-check.js,.js,483
node_modules\lucide\dist\esm\icons\message-square-code.js,.js,519
node_modules\lucide\dist\esm\icons\message-square-dashed.js,.js,677
node_modules\lucide\dist\esm\icons\message-square-diff.js,.js,537
node_modules\lucide\dist\esm\icons\message-square-dot.js,.js,479
node_modules\lucide\dist\esm\icons\message-square-heart.js,.js,689
node_modules\lucide\dist\esm\icons\message-square-lock.js,.js,550
node_modules\lucide\dist\esm\icons\message-square-more.js,.js,544
node_modules\lucide\dist\esm\icons\message-square-off.js,.js,505
node_modules\lucide\dist\esm\icons\message-square-plus.js,.js,506
node_modules\lucide\dist\esm\icons\message-square-quote.js,.js,543
node_modules\lucide\dist\esm\icons\message-square-reply.js,.js,533
node_modules\lucide\dist\esm\icons\message-square-share.js,.js,500
node_modules\lucide\dist\esm\icons\message-square-text.js,.js,536
node_modules\lucide\dist\esm\icons\message-square-warning.js,.js,518
node_modules\lucide\dist\esm\icons\message-square-x.js,.js,508
node_modules\lucide\dist\esm\icons\message-square.js,.js,433
node_modules\lucide\dist\esm\icons\messages-square.js,.js,583
node_modules\lucide\dist\esm\icons\metronome.js,.js,531
node_modules\lucide\dist\esm\icons\mic-off.js,.js,525
node_modules\lucide\dist\esm\icons\mic-vocal.js,.js,542
node_modules\lucide\dist\esm\icons\mic.js,.js,389
node_modules\lucide\dist\esm\icons\microchip.js,.js,601
node_modules\lucide\dist\esm\icons\microscope.js,.js,526
node_modules\lucide\dist\esm\icons\microwave.js,.js,485
node_modules\lucide\dist\esm\icons\milestone.js,.js,495
node_modules\lucide\dist\esm\icons\milk-off.js,.js,609
node_modules\lucide\dist\esm\icons\milk.js,.js,542
node_modules\lucide\dist\esm\icons\minimize-2.js,.js,392
node_modules\lucide\dist\esm\icons\minimize.js,.js,443
node_modules\lucide\dist\esm\icons\minus.js,.js,275
node_modules\lucide\dist\esm\icons\mirror-rectangular.js,.js,417
node_modules\lucide\dist\esm\icons\mirror-round.js,.js,448
node_modules\lucide\dist\esm\icons\monitor-check.js,.js,435
node_modules\lucide\dist\esm\icons\monitor-cloud.js,.js,463
node_modules\lucide\dist\esm\icons\monitor-cog.js,.js,809
node_modules\lucide\dist\esm\icons\monitor-dot.js,.js,458
node_modules\lucide\dist\esm\icons\monitor-down.js,.js,464
node_modules\lucide\dist\esm\icons\monitor-off.js,.js,499
node_modules\lucide\dist\esm\icons\monitor-pause.js,.js,461
node_modules\lucide\dist\esm\icons\monitor-play.js,.js,543
node_modules\lucide\dist\esm\icons\monitor-smartphone.js,.js,502
node_modules\lucide\dist\esm\icons\monitor-speaker.js,.js,516
node_modules\lucide\dist\esm\icons\monitor-stop.js,.js,462
node_modules\lucide\dist\esm\icons\monitor-up.js,.js,457
node_modules\lucide\dist\esm\icons\monitor-x.js,.js,460
node_modules\lucide\dist\esm\icons\monitor.js,.js,433
node_modules\lucide\dist\esm\icons\moon-star.js,.js,473
node_modules\lucide\dist\esm\icons\moon.js,.js,400
node_modules\lucide\dist\esm\icons\motorbike.js,.js,543
node_modules\lucide\dist\esm\icons\mountain-snow.js,.js,404
node_modules\lucide\dist\esm\icons\mountain.js,.js,300
node_modules\lucide\dist\esm\icons\mouse-left.js,.js,411
node_modules\lucide\dist\esm\icons\mouse-off.js,.js,455
node_modules\lucide\dist\esm\icons\mouse-pointer-2-off.js,.js,567
node_modules\lucide\dist\esm\icons\mouse-pointer-2.js,.js,451
node_modules\lucide\dist\esm\icons\mouse-pointer-ban.js,.js,538
node_modules\lucide\dist\esm\icons\mouse-pointer-click.js,.js,598
node_modules\lucide\dist\esm\icons\mouse-pointer.js,.js,498
node_modules\lucide\dist\esm\icons\mouse-right.js,.js,416
node_modules\lucide\dist\esm\icons\mouse.js,.js,346
node_modules\lucide\dist\esm\icons\move-3d.js,.js,389
node_modules\lucide\dist\esm\icons\move-diagonal-2.js,.js,373
node_modules\lucide\dist\esm\icons\move-diagonal.js,.js,369
node_modules\lucide\dist\esm\icons\move-down-left.js,.js,338
node_modules\lucide\dist\esm\icons\move-down-right.js,.js,342
node_modules\lucide\dist\esm\icons\move-down.js,.js,329
node_modules\lucide\dist\esm\icons\move-horizontal.js,.js,378
node_modules\lucide\dist\esm\icons\move-left.js,.js,326
node_modules\lucide\dist\esm\icons\move-right.js,.js,332
node_modules\lucide\dist\esm\icons\move-up-left.js,.js,331
node_modules\lucide\dist\esm\icons\move-up-right.js,.js,335
node_modules\lucide\dist\esm\icons\move-up.js,.js,320
node_modules\lucide\dist\esm\icons\move-vertical.js,.js,372
node_modules\lucide\dist\esm\icons\move.js,.js,450
node_modules\lucide\dist\esm\icons\music-2.js,.js,332
node_modules\lucide\dist\esm\icons\music-3.js,.js,329
node_modules\lucide\dist\esm\icons\music-4.js,.js,413
node_modules\lucide\dist\esm\icons\music.js,.js,377
node_modules\lucide\dist\esm\icons\navigation-2-off.js,.js,437
node_modules\lucide\dist\esm\icons\navigation-2.js,.js,320
node_modules\lucide\dist\esm\icons\navigation-off.js,.js,434
node_modules\lucide\dist\esm\icons\navigation.js,.js,316
node_modules\lucide\dist\esm\icons\network.js,.js,550
node_modules\lucide\dist\esm\icons\newspaper.js,.js,526
node_modules\lucide\dist\esm\icons\nfc.js,.js,468
node_modules\lucide\dist\esm\icons\non-binary.js,.js,404
node_modules\lucide\dist\esm\icons\notebook-pen.js,.js,642
node_modules\lucide\dist\esm\icons\notebook-tabs.js,.js,580
node_modules\lucide\dist\esm\icons\notebook-text.js,.js,554
node_modules\lucide\dist\esm\icons\notebook.js,.js,475
node_modules\lucide\dist\esm\icons\notepad-text-dashed.js,.js,745
node_modules\lucide\dist\esm\icons\notepad-text.js,.js,514
node_modules\lucide\dist\esm\icons\nut-off.js,.js,896
node_modules\lucide\dist\esm\icons\nut.js,.js,785
node_modules\lucide\dist\esm\icons\octagon-alert.js,.js,615
node_modules\lucide\dist\esm\icons\octagon-minus.js,.js,579
node_modules\lucide\dist\esm\icons\octagon-pause.js,.js,611
node_modules\lucide\dist\esm\icons\octagon-x.js,.js,600
node_modules\lucide\dist\esm\icons\octagon.js,.js,533
node_modules\lucide\dist\esm\icons\omega.js,.js,414
node_modules\lucide\dist\esm\icons\option.js,.js,317
node_modules\lucide\dist\esm\icons\orbit.js,.js,505
node_modules\lucide\dist\esm\icons\origami.js,.js,647
node_modules\lucide\dist\esm\icons\package-2.js,.js,516
node_modules\lucide\dist\esm\icons\package-check.js,.js,589
node_modules\lucide\dist\esm\icons\package-minus.js,.js,580
node_modules\lucide\dist\esm\icons\package-open.js,.js,801
node_modules\lucide\dist\esm\icons\package-plus.js,.js,612
node_modules\lucide\dist\esm\icons\package-search.js,.js,647
node_modules\lucide\dist\esm\icons\package-x.js,.js,611
node_modules\lucide\dist\esm\icons\package.js,.js,542
node_modules\lucide\dist\esm\icons\paint-bucket.js,.js,753
node_modules\lucide\dist\esm\icons\paint-roller.js,.js,482
node_modules\lucide\dist\esm\icons\paintbrush-vertical.js,.js,575
node_modules\lucide\dist\esm\icons\paintbrush.js,.js,743
node_modules\lucide\dist\esm\icons\palette.js,.js,698
node_modules\lucide\dist\esm\icons\panda.js,.js,666
node_modules\lucide\dist\esm\icons\panel-bottom-close.js,.js,418
node_modules\lucide\dist\esm\icons\panel-bottom-dashed.js,.js,476
node_modules\lucide\dist\esm\icons\panel-bottom-open.js,.js,415
node_modules\lucide\dist\esm\icons\panel-bottom.js,.js,366
node_modules\lucide\dist\esm\icons\panel-left-close.js,.js,412
node_modules\lucide\dist\esm\icons\panel-left-dashed.js,.js,466
node_modules\lucide\dist\esm\icons\panel-left-open.js,.js,408
node_modules\lucide\dist\esm\icons\panel-left-right-dashed.js,.js,610
node_modules\lucide\dist\esm\icons\panel-left.js,.js,359
node_modules\lucide\dist\esm\icons\panel-right-close.js,.js,414
node_modules\lucide\dist\esm\icons\panel-right-dashed.js,.js,473
node_modules\lucide\dist\esm\icons\panel-right-open.js,.js,413
node_modules\lucide\dist\esm\icons\panel-right.js,.js,363
node_modules\lucide\dist\esm\icons\panel-top-bottom-dashed.js,.js,604
node_modules\lucide\dist\esm\icons\panel-top-close.js,.js,408
node_modules\lucide\dist\esm\icons\panel-top-dashed.js,.js,463
node_modules\lucide\dist\esm\icons\panel-top-open.js,.js,406
node_modules\lucide\dist\esm\icons\panel-top.js,.js,356
node_modules\lucide\dist\esm\icons\panels-left-bottom.js,.js,412
node_modules\lucide\dist\esm\icons\panels-right-bottom.js,.js,416
node_modules\lucide\dist\esm\icons\panels-top-left.js,.js,402
node_modules\lucide\dist\esm\icons\paperclip.js,.js,425
node_modules\lucide\dist\esm\icons\parentheses.js,.js,355
node_modules\lucide\dist\esm\icons\parking-meter.js,.js,536
node_modules\lucide\dist\esm\icons\party-popper.js,.js,900
node_modules\lucide\dist\esm\icons\pause.js,.js,383
node_modules\lucide\dist\esm\icons\paw-print.js,.js,531
node_modules\lucide\dist\esm\icons\pc-case.js,.js,412
node_modules\lucide\dist\esm\icons\pen-line.js,.js,459
node_modules\lucide\dist\esm\icons\pen-off.js,.js,519
node_modules\lucide\dist\esm\icons\pen-tool.js,.js,667
node_modules\lucide\dist\esm\icons\pen.js,.js,415
node_modules\lucide\dist\esm\icons\pencil-line.js,.js,500
node_modules\lucide\dist\esm\icons\pencil-off.js,.js,560
node_modules\lucide\dist\esm\icons\pencil-ruler.js,.js,724
node_modules\lucide\dist\esm\icons\pencil.js,.js,456
node_modules\lucide\dist\esm\icons\pentagon.js,.js,440
node_modules\lucide\dist\esm\icons\percent.js,.js,410
node_modules\lucide\dist\esm\icons\person-standing.js,.js,423
node_modules\lucide\dist\esm\icons\philippine-peso.js,.js,400
node_modules\lucide\dist\esm\icons\phone-call.js,.js,603
node_modules\lucide\dist\esm\icons\phone-forwarded.js,.js,600
node_modules\lucide\dist\esm\icons\phone-incoming.js,.js,595
node_modules\lucide\dist\esm\icons\phone-missed.js,.js,589
node_modules\lucide\dist\esm\icons\phone-off.js,.js,648
node_modules\lucide\dist\esm\icons\phone-outgoing.js,.js,596
node_modules\lucide\dist\esm\icons\phone.js,.js,506
node_modules\lucide\dist\esm\icons\pi.js,.js,386
node_modules\lucide\dist\esm\icons\piano.js,.js,554
node_modules\lucide\dist\esm\icons\pickaxe.js,.js,804
node_modules\lucide\dist\esm\icons\picture-in-picture-2.js,.js,435
node_modules\lucide\dist\esm\icons\picture-in-picture.js,.js,509
node_modules\lucide\dist\esm\icons\piggy-bank.js,.js,589
node_modules\lucide\dist\esm\icons\pilcrow-left.js,.js,443
node_modules\lucide\dist\esm\icons\pilcrow-right.js,.js,446
node_modules\lucide\dist\esm\icons\pilcrow.js,.js,369
node_modules\lucide\dist\esm\icons\pill-bottle.js,.js,457
node_modules\lucide\dist\esm\icons\pill.js,.js,367
node_modules\lucide\dist\esm\icons\pin-off.js,.js,480
node_modules\lucide\dist\esm\icons\pin.js,.js,520
node_modules\lucide\dist\esm\icons\pipette.js,.js,550
node_modules\lucide\dist\esm\icons\pizza.js,.js,603
node_modules\lucide\dist\esm\icons\plane-landing.js,.js,601
node_modules\lucide\dist\esm\icons\plane-takeoff.js,.js,592
node_modules\lucide\dist\esm\icons\plane.js,.js,490
node_modules\lucide\dist\esm\icons\play.js,.js,362
node_modules\lucide\dist\esm\icons\plug-2.js,.js,420
node_modules\lucide\dist\esm\icons\plug-zap.js,.js,495
node_modules\lucide\dist\esm\icons\plug.js,.js,428
node_modules\lucide\dist\esm\icons\plus.js,.js,307
node_modules\lucide\dist\esm\icons\pocket-knife.js,.js,537
node_modules\lucide\dist\esm\icons\podcast.js,.js,506
node_modules\lucide\dist\esm\icons\pointer-off.js,.js,643
node_modules\lucide\dist\esm\icons\pointer.js,.js,624
node_modules\lucide\dist\esm\icons\popcorn.js,.js,552
node_modules\lucide\dist\esm\icons\popsicle.js,.js,415
node_modules\lucide\dist\esm\icons\pound-sterling.js,.js,414
node_modules\lucide\dist\esm\icons\power-off.js,.js,429
node_modules\lucide\dist\esm\icons\power.js,.js,330
node_modules\lucide\dist\esm\icons\presentation.js,.js,398
node_modules\lucide\dist\esm\icons\printer-check.js,.js,533
node_modules\lucide\dist\esm\icons\printer-x.js,.js,548
node_modules\lucide\dist\esm\icons\printer.js,.js,481
node_modules\lucide\dist\esm\icons\projector.js,.js,543
node_modules\lucide\dist\esm\icons\proportions.js,.js,411
node_modules\lucide\dist\esm\icons\puzzle.js,.js,757
node_modules\lucide\dist\esm\icons\pyramid.js,.js,440
node_modules\lucide\dist\esm\icons\qr-code.js,.js,772
node_modules\lucide\dist\esm\icons\quote.js,.js,589
node_modules\lucide\dist\esm\icons\rabbit.js,.js,603
node_modules\lucide\dist\esm\icons\radar.js,.js,627
node_modules\lucide\dist\esm\icons\radiation.js,.js,748
node_modules\lucide\dist\esm\icons\radical.js,.js,394
node_modules\lucide\dist\esm\icons\radio-off.js,.js,579
node_modules\lucide\dist\esm\icons\radio-receiver.js,.js,434
node_modules\lucide\dist\esm\icons\radio-tower.js,.js,594
node_modules\lucide\dist\esm\icons\radio.js,.js,516
node_modules\lucide\dist\esm\icons\radius.js,.js,445
node_modules\lucide\dist\esm\icons\rainbow.js,.js,386
node_modules\lucide\dist\esm\icons\rat.js,.js,597
node_modules\lucide\dist\esm\icons\ratio.js,.js,384
node_modules\lucide\dist\esm\icons\receipt-cent.js,.js,871
node_modules\lucide\dist\esm\icons\receipt-euro.js,.js,870
node_modules\lucide\dist\esm\icons\receipt-indian-rupee.js,.js,877
node_modules\lucide\dist\esm\icons\receipt-japanese-yen.js,.js,897
node_modules\lucide\dist\esm\icons\receipt-pound-sterling.js,.js,884
node_modules\lucide\dist\esm\icons\receipt-russian-ruble.js,.js,854
node_modules\lucide\dist\esm\icons\receipt-swiss-franc.js,.js,862
node_modules\lucide\dist\esm\icons\receipt-text.js,.js,841
node_modules\lucide\dist\esm\icons\receipt-turkish-lira.js,.js,848
node_modules\lucide\dist\esm\icons\receipt.js,.js,830
node_modules\lucide\dist\esm\icons\rectangle-circle.js,.js,389
node_modules\lucide\dist\esm\icons\rectangle-ellipsis.js,.js,451
node_modules\lucide\dist\esm\icons\rectangle-goggles.js,.js,465
node_modules\lucide\dist\esm\icons\rectangle-horizontal.js,.js,359
node_modules\lucide\dist\esm\icons\rectangle-vertical.js,.js,353
node_modules\lucide\dist\esm\icons\recycle.js,.js,740
node_modules\lucide\dist\esm\icons\redo-2.js,.js,363
node_modules\lucide\dist\esm\icons\redo-dot.js,.js,398
node_modules\lucide\dist\esm\icons\redo.js,.js,342
node_modules\lucide\dist\esm\icons\refresh-ccw-dot.js,.js,531
node_modules\lucide\dist\esm\icons\refresh-ccw.js,.js,475
node_modules\lucide\dist\esm\icons\refresh-cw-off.js,.js,642
node_modules\lucide\dist\esm\icons\refresh-cw.js,.js,473
node_modules\lucide\dist\esm\icons\refrigerator.js,.js,423
node_modules\lucide\dist\esm\icons\regex.js,.js,454
node_modules\lucide\dist\esm\icons\remove-formatting.js,.js,445
node_modules\lucide\dist\esm\icons\repeat-1.js,.js,455
node_modules\lucide\dist\esm\icons\repeat-2.js,.js,421
node_modules\lucide\dist\esm\icons\repeat.js,.js,418
node_modules\lucide\dist\esm\icons\replace-all.js,.js,699
node_modules\lucide\dist\esm\icons\replace.js,.js,571
node_modules\lucide\dist\esm\icons\reply-all.js,.js,379
node_modules\lucide\dist\esm\icons\reply.js,.js,332
node_modules\lucide\dist\esm\icons\rewind.js,.js,439
node_modules\lucide\dist\esm\icons\ribbon.js,.js,746
node_modules\lucide\dist\esm\icons\road.js,.js,478
node_modules\lucide\dist\esm\icons\rocket.js,.js,644
node_modules\lucide\dist\esm\icons\rocking-chair.js,.js,456
node_modules\lucide\dist\esm\icons\roller-coaster.js,.js,547
node_modules\lucide\dist\esm\icons\rose.js,.js,596
node_modules\lucide\dist\esm\icons\rotate-3d.js,.js,601
node_modules\lucide\dist\esm\icons\rotate-ccw-key.js,.js,480
node_modules\lucide\dist\esm\icons\rotate-ccw-square.js,.js,442
node_modules\lucide\dist\esm\icons\rotate-ccw.js,.js,364
node_modules\lucide\dist\esm\icons\rotate-cw-square.js,.js,438
node_modules\lucide\dist\esm\icons\rotate-cw.js,.js,363
node_modules\lucide\dist\esm\icons\route-off.js,.js,573
node_modules\lucide\dist\esm\icons\route.js,.js,413
node_modules\lucide\dist\esm\icons\router.js,.js,521
node_modules\lucide\dist\esm\icons\rows-2.js,.js,348
node_modules\lucide\dist\esm\icons\rows-3.js,.js,378
node_modules\lucide\dist\esm\icons\rows-4.js,.js,413
node_modules\lucide\dist\esm\icons\rss.js,.js,374
node_modules\lucide\dist\esm\icons\ruler-dimension-line.js,.js,573
node_modules\lucide\dist\esm\icons\ruler.js,.js,558
node_modules\lucide\dist\esm\icons\russian-ruble.js,.js,349
node_modules\lucide\dist\esm\icons\sailboat.js,.js,494
node_modules\lucide\dist\esm\icons\salad.js,.js,636
node_modules\lucide\dist\esm\icons\sandwich.js,.js,593
node_modules\lucide\dist\esm\icons\satellite-dish.js,.js,445
node_modules\lucide\dist\esm\icons\satellite.js,.js,820
node_modules\lucide\dist\esm\icons\saudi-riyal.js,.js,468
node_modules\lucide\dist\esm\icons\save-all.js,.js,571
node_modules\lucide\dist\esm\icons\save-off.js,.js,601
node_modules\lucide\dist\esm\icons\save.js,.js,497
node_modules\lucide\dist\esm\icons\scale-3d.js,.js,434
node_modules\lucide\dist\esm\icons\scale.js,.js,470
node_modules\lucide\dist\esm\icons\scaling.js,.js,434
node_modules\lucide\dist\esm\icons\scan-barcode.js,.js,545
node_modules\lucide\dist\esm\icons\scan-eye.js,.js,623
node_modules\lucide\dist\esm\icons\scan-face.js,.js,553
node_modules\lucide\dist\esm\icons\scan-heart.js,.js,566
node_modules\lucide\dist\esm\icons\scan-line.js,.js,475
node_modules\lucide\dist\esm\icons\scan-qr-code.js,.js,627
node_modules\lucide\dist\esm\icons\scan-search.js,.js,533
node_modules\lucide\dist\esm\icons\scan-text.js,.js,534
node_modules\lucide\dist\esm\icons\scan.js,.js,431
node_modules\lucide\dist\esm\icons\school.js,.js,615
node_modules\lucide\dist\esm\icons\scissors-line-dashed.js,.js,557
node_modules\lucide\dist\esm\icons\scissors.js,.js,463
node_modules\lucide\dist\esm\icons\scooter.js,.js,488
node_modules\lucide\dist\esm\icons\screen-share-off.js,.js,483
node_modules\lucide\dist\esm\icons\screen-share.js,.js,473
node_modules\lucide\dist\esm\icons\scroll-text.js,.js,525
node_modules\lucide\dist\esm\icons\scroll.js,.js,449
node_modules\lucide\dist\esm\icons\search-alert.js,.js,413
node_modules\lucide\dist\esm\icons\search-check.js,.js,386
node_modules\lucide\dist\esm\icons\search-code.js,.js,430
node_modules\lucide\dist\esm\icons\search-slash.js,.js,386
node_modules\lucide\dist\esm\icons\search-x.js,.js,409
node_modules\lucide\dist\esm\icons\search.js,.js,336
node_modules\lucide\dist\esm\icons\section.js,.js,390
node_modules\lucide\dist\esm\icons\send-horizontal.js,.js,481
node_modules\lucide\dist\esm\icons\send-to-back.js,.js,491
node_modules\lucide\dist\esm\icons\send.js,.js,466
node_modules\lucide\dist\esm\icons\separator-horizontal.js,.js,394
node_modules\lucide\dist\esm\icons\separator-vertical.js,.js,388
node_modules\lucide\dist\esm\icons\server-cog.js,.js,934
node_modules\lucide\dist\esm\icons\server-crash.js,.js,562
node_modules\lucide\dist\esm\icons\server-off.js,.js,587
node_modules\lucide\dist\esm\icons\server.js,.js,516
node_modules\lucide\dist\esm\icons\settings-2.js,.js,413
node_modules\lucide\dist\esm\icons\settings.js,.js,675
node_modules\lucide\dist\esm\icons\shapes.js,.js,503
node_modules\lucide\dist\esm\icons\share-2.js,.js,521
node_modules\lucide\dist\esm\icons\share.js,.js,379
node_modules\lucide\dist\esm\icons\sheet.js,.js,541
node_modules\lucide\dist\esm\icons\shell.js,.js,422
node_modules\lucide\dist\esm\icons\shelving-unit.js,.js,551
node_modules\lucide\dist\esm\icons\shield-alert.js,.js,537
node_modules\lucide\dist\esm\icons\shield-ban.js,.js,515
node_modules\lucide\dist\esm\icons\shield-check.js,.js,510
node_modules\lucide\dist\esm\icons\shield-cog-corner.js,.js,877
node_modules\lucide\dist\esm\icons\shield-cog.js,.js,887
node_modules\lucide\dist\esm\icons\shield-ellipsis.js,.js,581
node_modules\lucide\dist\esm\icons\shield-half.js,.js,502
node_modules\lucide\dist\esm\icons\shield-minus.js,.js,504
node_modules\lucide\dist\esm\icons\shield-off.js,.js,602
node_modules\lucide\dist\esm\icons\shield-plus.js,.js,531
node_modules\lucide\dist\esm\icons\shield-question-mark.js,.js,587
node_modules\lucide\dist\esm\icons\shield-user.js,.js,573
node_modules\lucide\dist\esm\icons\shield-x.js,.js,533
node_modules\lucide\dist\esm\icons\shield.js,.js,458
node_modules\lucide\dist\esm\icons\ship-wheel.js,.js,643
node_modules\lucide\dist\esm\icons\ship.js,.js,659
node_modules\lucide\dist\esm\icons\shirt.js,.js,470
node_modules\lucide\dist\esm\icons\shopping-bag.js,.js,524
node_modules\lucide\dist\esm\icons\shopping-basket.js,.js,554
node_modules\lucide\dist\esm\icons\shopping-cart.js,.js,476
node_modules\lucide\dist\esm\icons\shovel.js,.js,646
node_modules\lucide\dist\esm\icons\shower-head.js,.js,615
node_modules\lucide\dist\esm\icons\shredder.js,.js,576
node_modules\lucide\dist\esm\icons\shrimp.js,.js,607
node_modules\lucide\dist\esm\icons\shrink.js,.js,450
node_modules\lucide\dist\esm\icons\shrub.js,.js,438
node_modules\lucide\dist\esm\icons\shuffle.js,.js,525
node_modules\lucide\dist\esm\icons\sigma.js,.js,399
node_modules\lucide\dist\esm\icons\signal-high.js,.js,390
node_modules\lucide\dist\esm\icons\signal-low.js,.js,324
node_modules\lucide\dist\esm\icons\signal-medium.js,.js,365
node_modules\lucide\dist\esm\icons\signal-zero.js,.js,292
node_modules\lucide\dist\esm\icons\signal.js,.js,408
node_modules\lucide\dist\esm\icons\signature.js,.js,503
node_modules\lucide\dist\esm\icons\signpost-big.js,.js,426
node_modules\lucide\dist\esm\icons\signpost.js,.js,552
node_modules\lucide\dist\esm\icons\siren.js,.js,591
node_modules\lucide\dist\esm\icons\skip-back.js,.js,421
node_modules\lucide\dist\esm\icons\skip-forward.js,.js,418
node_modules\lucide\dist\esm\icons\skull.js,.js,521
node_modules\lucide\dist\esm\icons\slash.js,.js,277
node_modules\lucide\dist\esm\icons\slice.js,.js,383
node_modules\lucide\dist\esm\icons\sliders-horizontal.js,.js,562
node_modules\lucide\dist\esm\icons\sliders-vertical.js,.js,556
node_modules\lucide\dist\esm\icons\smartphone-charging.js,.js,414
node_modules\lucide\dist\esm\icons\smartphone-nfc.js,.js,514
node_modules\lucide\dist\esm\icons\smartphone.js,.js,373
node_modules\lucide\dist\esm\icons\smile-plus.js,.js,527
node_modules\lucide\dist\esm\icons\smile.js,.js,453
node_modules\lucide\dist\esm\icons\snail.js,.js,504
node_modules\lucide\dist\esm\icons\snowflake.js,.js,732
node_modules\lucide\dist\esm\icons\soap-dispenser-droplet.js,.js,667
node_modules\lucide\dist\esm\icons\sofa.js,.js,555
node_modules\lucide\dist\esm\icons\solar-panel.js,.js,638
node_modules\lucide\dist\esm\icons\soup.js,.js,658
node_modules\lucide\dist\esm\icons\space.js,.js,309
node_modules\lucide\dist\esm\icons\spade.js,.js,477
node_modules\lucide\dist\esm\icons\sparkle.js,.js,561
node_modules\lucide\dist\esm\icons\sparkles.js,.js,670
node_modules\lucide\dist\esm\icons\speaker.js,.js,433
node_modules\lucide\dist\esm\icons\speech.js,.js,533
node_modules\lucide\dist\esm\icons\spell-check-2.js,.js,506
node_modules\lucide\dist\esm\icons\spell-check.js,.js,369
node_modules\lucide\dist\esm\icons\spline-pointer.js,.js,582
node_modules\lucide\dist\esm\icons\spline.js,.js,386
node_modules\lucide\dist\esm\icons\split.js,.js,403
node_modules\lucide\dist\esm\icons\spool.js,.js,535
node_modules\lucide\dist\esm\icons\sport-shoe.js,.js,535
node_modules\lucide\dist\esm\icons\spotlight.js,.js,584
node_modules\lucide\dist\esm\icons\spray-can.js,.js,644
node_modules\lucide\dist\esm\icons\sprout.js,.js,483
node_modules\lucide\dist\esm\icons\square-activity.js,.js,392
node_modules\lucide\dist\esm\icons\square-arrow-down-left.js,.js,426
node_modules\lucide\dist\esm\icons\square-arrow-down-right.js,.js,427
node_modules\lucide\dist\esm\icons\square-arrow-down.js,.js,414
node_modules\lucide\dist\esm\icons\square-arrow-left.js,.js,415
node_modules\lucide\dist\esm\icons\square-arrow-out-down-left.js,.js,447
node_modules\lucide\dist\esm\icons\square-arrow-out-down-right.js,.js,453
node_modules\lucide\dist\esm\icons\square-arrow-out-up-left.js,.js,439
node_modules\lucide\dist\esm\icons\square-arrow-out-up-right.js,.js,443
node_modules\lucide\dist\esm\icons\square-arrow-right-enter.js,.js,463
node_modules\lucide\dist\esm\icons\square-arrow-right-exit.js,.js,482
node_modules\lucide\dist\esm\icons\square-arrow-right.js,.js,418
node_modules\lucide\dist\esm\icons\square-arrow-up-left.js,.js,420
node_modules\lucide\dist\esm\icons\square-arrow-up-right.js,.js,421
node_modules\lucide\dist\esm\icons\square-arrow-up.js,.js,410
node_modules\lucide\dist\esm\icons\square-asterisk.js,.js,442
node_modules\lucide\dist\esm\icons\square-bottom-dashed-scissors.js,.js,1061
node_modules\lucide\dist\esm\icons\square-centerline-dashed-horizontal.js,.js,580
node_modules\lucide\dist\esm\icons\square-centerline-dashed-vertical.js,.js,577
node_modules\lucide\dist\esm\icons\square-chart-gantt.js,.js,441
node_modules\lucide\dist\esm\icons\square-check-big.js,.js,403
node_modules\lucide\dist\esm\icons\square-check.js,.js,371
node_modules\lucide\dist\esm\icons\square-chevron-down.js,.js,391
node_modules\lucide\dist\esm\icons\square-chevron-left.js,.js,391
node_modules\lucide\dist\esm\icons\square-chevron-right.js,.js,393
node_modules\lucide\dist\esm\icons\square-chevron-up.js,.js,384
node_modules\lucide\dist\esm\icons\square-code.js,.js,405
node_modules\lucide\dist\esm\icons\square-dashed-bottom-code.js,.js,538
node_modules\lucide\dist\esm\icons\square-dashed-bottom.js,.js,442
node_modules\lucide\dist\esm\icons\square-dashed-kanban.js,.js,786
node_modules\lucide\dist\esm\icons\square-dashed-mouse-pointer.js,.js,785
node_modules\lucide\dist\esm\icons\square-dashed-text.js,.js,781
node_modules\lucide\dist\esm\icons\square-dashed-top-solid.js,.js,620
node_modules\lucide\dist\esm\icons\square-dashed.js,.js,678
node_modules\lucide\dist\esm\icons\square-divide.js,.js,512
node_modules\lucide\dist\esm\icons\square-dot.js,.js,375
node_modules\lucide\dist\esm\icons\square-equal.js,.js,397
node_modules\lucide\dist\esm\icons\square-function.js,.js,452
node_modules\lucide\dist\esm\icons\square-kanban.js,.js,427
node_modules\lucide\dist\esm\icons\square-library.js,.js,435
node_modules\lucide\dist\esm\icons\square-m.js,.js,437
node_modules\lucide\dist\esm\icons\square-menu.js,.js,424
node_modules\lucide\dist\esm\icons\square-minus.js,.js,365
node_modules\lucide\dist\esm\icons\square-mouse-pointer.js,.js,543
node_modules\lucide\dist\esm\icons\square-parking-off.js,.js,531
node_modules\lucide\dist\esm\icons\square-parking.js,.js,389
node_modules\lucide\dist\esm\icons\square-pause.js,.js,445
node_modules\lucide\dist\esm\icons\square-pen.js,.js,506
node_modules\lucide\dist\esm\icons\square-percent.js,.js,437
node_modules\lucide\dist\esm\icons\square-pi.js,.js,432
node_modules\lucide\dist\esm\icons\square-pilcrow.js,.js,457
node_modules\lucide\dist\esm\icons\square-play.js,.js,469
node_modules\lucide\dist\esm\icons\square-plus.js,.js,392
node_modules\lucide\dist\esm\icons\square-power.js,.js,417
node_modules\lucide\dist\esm\icons\square-radical.js,.js,382
node_modules\lucide\dist\esm\icons\square-round-corner.js,.js,408
node_modules\lucide\dist\esm\icons\square-scissors.js,.js,639
node_modules\lucide\dist\esm\icons\square-sigma.js,.js,384
node_modules\lucide\dist\esm\icons\square-slash.js,.js,389
node_modules\lucide\dist\esm\icons\square-split-horizontal.js,.js,472
node_modules\lucide\dist\esm\icons\square-split-vertical.js,.js,466
node_modules\lucide\dist\esm\icons\square-square.js,.js,404
node_modules\lucide\dist\esm\icons\square-stack.js,.js,491
node_modules\lucide\dist\esm\icons\square-star.js,.js,692
node_modules\lucide\dist\esm\icons\square-stop.js,.js,398
node_modules\lucide\dist\esm\icons\square-terminal.js,.js,420
node_modules\lucide\dist\esm\icons\square-user-round.js,.js,438
node_modules\lucide\dist\esm\icons\square-user.js,.js,441
node_modules\lucide\dist\esm\icons\square-x.js,.js,395
node_modules\lucide\dist\esm\icons\square.js,.js,315
node_modules\lucide\dist\esm\icons\squares-exclude.js,.js,543
node_modules\lucide\dist\esm\icons\squares-intersect.js,.js,748
node_modules\lucide\dist\esm\icons\squares-subtract.js,.js,617
node_modules\lucide\dist\esm\icons\squares-unite.js,.js,451
node_modules\lucide\dist\esm\icons\squircle-dashed.js,.js,768
node_modules\lucide\dist\esm\icons\squircle.js,.js,332
node_modules\lucide\dist\esm\icons\squirrel.js,.js,580
node_modules\lucide\dist\esm\icons\stamp.js,.js,493
node_modules\lucide\dist\esm\icons\star-half.js,.js,509
node_modules\lucide\dist\esm\icons\star-off.js,.js,720
node_modules\lucide\dist\esm\icons\star.js,.js,654
node_modules\lucide\dist\esm\icons\step-back.js,.js,422
node_modules\lucide\dist\esm\icons\step-forward.js,.js,418
node_modules\lucide\dist\esm\icons\stethoscope.js,.js,496
node_modules\lucide\dist\esm\icons\sticker.js,.js,575
node_modules\lucide\dist\esm\icons\sticky-note.js,.js,468
node_modules\lucide\dist\esm\icons\stone.js,.js,518
node_modules\lucide\dist\esm\icons\store.js,.js,670
node_modules\lucide\dist\esm\icons\stretch-horizontal.js,.js,420
node_modules\lucide\dist\esm\icons\stretch-vertical.js,.js,414
node_modules\lucide\dist\esm\icons\strikethrough.js,.js,419
node_modules\lucide\dist\esm\icons\subscript.js,.js,482
node_modules\lucide\dist\esm\icons\sun-dim.js,.js,588
node_modules\lucide\dist\esm\icons\sun-medium.js,.js,607
node_modules\lucide\dist\esm\icons\sun-moon.js,.js,556
node_modules\lucide\dist\esm\icons\sun-snow.js,.js,674
node_modules\lucide\dist\esm\icons\sun.js,.js,586
node_modules\lucide\dist\esm\icons\sunrise.js,.js,543
node_modules\lucide\dist\esm\icons\sunset.js,.js,542
node_modules\lucide\dist\esm\icons\superscript.js,.js,505
node_modules\lucide\dist\esm\icons\swatch-book.js,.js,554
node_modules\lucide\dist\esm\icons\swiss-franc.js,.js,359
node_modules\lucide\dist\esm\icons\switch-camera.js,.js,515
node_modules\lucide\dist\esm\icons\sword.js,.js,396
node_modules\lucide\dist\esm\icons\swords.js,.js,708
node_modules\lucide\dist\esm\icons\syringe.js,.js,497
node_modules\lucide\dist\esm\icons\table-2.js,.js,402
node_modules\lucide\dist\esm\icons\table-cells-merge.js,.js,471
node_modules\lucide\dist\esm\icons\table-cells-split.js,.js,440
node_modules\lucide\dist\esm\icons\table-columns-split.js,.js,686
node_modules\lucide\dist\esm\icons\table-of-contents.js,.js,470
node_modules\lucide\dist\esm\icons\table-properties.js,.js,439
node_modules\lucide\dist\esm\icons\table-rows-split.js,.js,684
node_modules\lucide\dist\esm\icons\table.js,.js,408
node_modules\lucide\dist\esm\icons\tablet-smartphone.js,.js,462
node_modules\lucide\dist\esm\icons\tablet.js,.js,387
node_modules\lucide\dist\esm\icons\tablets.js,.js,420
node_modules\lucide\dist\esm\icons\tag.js,.js,506
node_modules\lucide\dist\esm\icons\tags.js,.js,592
node_modules\lucide\dist\esm\icons\tally-1.js,.js,278
node_modules\lucide\dist\esm\icons\tally-2.js,.js,312
node_modules\lucide\dist\esm\icons\tally-3.js,.js,343
node_modules\lucide\dist\esm\icons\tally-4.js,.js,374
node_modules\lucide\dist\esm\icons\tally-5.js,.js,407
node_modules\lucide\dist\esm\icons\tangent.js,.js,444
node_modules\lucide\dist\esm\icons\target.js,.js,390
node_modules\lucide\dist\esm\icons\telescope.js,.js,799
node_modules\lucide\dist\esm\icons\tent-tree.js,.js,508
node_modules\lucide\dist\esm\icons\tent.js,.js,391
node_modules\lucide\dist\esm\icons\terminal.js,.js,324
node_modules\lucide\dist\esm\icons\test-tube-diagonal.js,.js,435
node_modules\lucide\dist\esm\icons\test-tube.js,.js,405
node_modules\lucide\dist\esm\icons\test-tubes.js,.js,537
node_modules\lucide\dist\esm\icons\text-align-center.js,.js,372
node_modules\lucide\dist\esm\icons\text-align-end.js,.js,363
node_modules\lucide\dist\esm\icons\text-align-justify.js,.js,375
node_modules\lucide\dist\esm\icons\text-align-start.js,.js,369
node_modules\lucide\dist\esm\icons\text-cursor-input.js,.js,557
node_modules\lucide\dist\esm\icons\text-cursor.js,.js,420
node_modules\lucide\dist\esm\icons\text-initial.js,.js,459
node_modules\lucide\dist\esm\icons\text-quote.js,.js,383
node_modules\lucide\dist\esm\icons\text-search.js,.js,439
node_modules\lucide\dist\esm\icons\text-wrap.js,.js,405
node_modules\lucide\dist\esm\icons\theater.js,.js,647
node_modules\lucide\dist\esm\icons\thermometer-snowflake.js,.js,624
node_modules\lucide\dist\esm\icons\thermometer-sun.js,.js,536
node_modules\lucide\dist\esm\icons\thermometer.js,.js,327
node_modules\lucide\dist\esm\icons\thumbs-down.js,.js,491
node_modules\lucide\dist\esm\icons\thumbs-up.js,.js,486
node_modules\lucide\dist\esm\icons\ticket-check.js,.js,449
node_modules\lucide\dist\esm\icons\ticket-minus.js,.js,443
node_modules\lucide\dist\esm\icons\ticket-percent.js,.js,515
node_modules\lucide\dist\esm\icons\ticket-plus.js,.js,470
node_modules\lucide\dist\esm\icons\ticket-slash.js,.js,449
node_modules\lucide\dist\esm\icons\ticket-x.js,.js,472
node_modules\lucide\dist\esm\icons\ticket.js,.js,489
node_modules\lucide\dist\esm\icons\tickets-plane.js,.js,599
node_modules\lucide\dist\esm\icons\tickets.js,.js,479
node_modules\lucide\dist\esm\icons\timer-off.js,.js,485
node_modules\lucide\dist\esm\icons\timer-reset.js,.js,424
node_modules\lucide\dist\esm\icons\timer.js,.js,404
node_modules\lucide\dist\esm\icons\toggle-left.js,.js,377
node_modules\lucide\dist\esm\icons\toggle-right.js,.js,381
node_modules\lucide\dist\esm\icons\toilet.js,.js,497
node_modules\lucide\dist\esm\icons\tool-case.js,.js,717
node_modules\lucide\dist\esm\icons\toolbox.js,.js,574
node_modules\lucide\dist\esm\icons\tornado.js,.js,408
node_modules\lucide\dist\esm\icons\torus.js,.js,367
node_modules\lucide\dist\esm\icons\touchpad-off.js,.js,515
node_modules\lucide\dist\esm\icons\touchpad.js,.js,388
node_modules\lucide\dist\esm\icons\towel-rack.js,.js,467
node_modules\lucide\dist\esm\icons\tower-control.js,.js,547
node_modules\lucide\dist\esm\icons\toy-brick.js,.js,451
node_modules\lucide\dist\esm\icons\tractor.js,.js,666
node_modules\lucide\dist\esm\icons\traffic-cone.js,.js,616
node_modules\lucide\dist\esm\icons\train-front-tunnel.js,.js,597
node_modules\lucide\dist\esm\icons\train-front.js,.js,525
node_modules\lucide\dist\esm\icons\train-track.js,.js,489
node_modules\lucide\dist\esm\icons\tram-front.js,.js,520
node_modules\lucide\dist\esm\icons\transgender.js,.js,552
node_modules\lucide\dist\esm\icons\trash-2.js,.js,468
node_modules\lucide\dist\esm\icons\trash.js,.js,402
node_modules\lucide\dist\esm\icons\tree-deciduous.js,.js,456
node_modules\lucide\dist\esm\icons\tree-palm.js,.js,635
node_modules\lucide\dist\esm\icons\tree-pine.js,.js,493
node_modules\lucide\dist\esm\icons\trees.js,.js,531
node_modules\lucide\dist\esm\icons\trending-down.js,.js,349
node_modules\lucide\dist\esm\icons\trending-up-down.js,.js,427
node_modules\lucide\dist\esm\icons\trending-up.js,.js,341
node_modules\lucide\dist\esm\icons\triangle-alert.js,.js,431
node_modules\lucide\dist\esm\icons\triangle-dashed.js,.js,680
node_modules\lucide\dist\esm\icons\triangle-right.js,.js,368
node_modules\lucide\dist\esm\icons\triangle.js,.js,347
node_modules\lucide\dist\esm\icons\trophy.js,.js,610
node_modules\lucide\dist\esm\icons\truck-electric.js,.js,679
node_modules\lucide\dist\esm\icons\truck.js,.js,564
node_modules\lucide\dist\esm\icons\turkish-lira.js,.js,379
node_modules\lucide\dist\esm\icons\turntable.js,.js,457
node_modules\lucide\dist\esm\icons\turtle.js,.js,525
node_modules\lucide\dist\esm\icons\tv-minimal-play.js,.js,520
node_modules\lucide\dist\esm\icons\tv-minimal.js,.js,360
node_modules\lucide\dist\esm\icons\tv.js,.js,343
node_modules\lucide\dist\esm\icons\type-outline.js,.js,534
node_modules\lucide\dist\esm\icons\type.js,.js,368
node_modules\lucide\dist\esm\icons\umbrella-off.js,.js,548
node_modules\lucide\dist\esm\icons\umbrella.js,.js,430
node_modules\lucide\dist\esm\icons\underline.js,.js,361
node_modules\lucide\dist\esm\icons\undo-2.js,.js,364
node_modules\lucide\dist\esm\icons\undo-dot.js,.js,383
node_modules\lucide\dist\esm\icons\undo.js,.js,340
node_modules\lucide\dist\esm\icons\unfold-horizontal.js,.js,537
node_modules\lucide\dist\esm\icons\unfold-vertical.js,.js,536
node_modules\lucide\dist\esm\icons\ungroup.js,.js,388
node_modules\lucide\dist\esm\icons\university.js,.js,684
node_modules\lucide\dist\esm\icons\unlink-2.js,.js,322
node_modules\lucide\dist\esm\icons\unlink.js,.js,720
node_modules\lucide\dist\esm\icons\unplug.js,.js,574
node_modules\lucide\dist\esm\icons\upload.js,.js,382
node_modules\lucide\dist\esm\icons\usb.js,.js,531
node_modules\lucide\dist\esm\icons\user-check.js,.js,406
node_modules\lucide\dist\esm\icons\user-cog.js,.js,760
node_modules\lucide\dist\esm\icons\user-key.js,.js,475
node_modules\lucide\dist\esm\icons\user-lock.js,.js,470
node_modules\lucide\dist\esm\icons\user-minus.js,.js,425
node_modules\lucide\dist\esm\icons\user-pen.js,.js,521
node_modules\lucide\dist\esm\icons\user-plus.js,.js,477
node_modules\lucide\dist\esm\icons\user-round-check.js,.js,406
node_modules\lucide\dist\esm\icons\user-round-cog.js,.js,780
node_modules\lucide\dist\esm\icons\user-round-key.js,.js,475
node_modules\lucide\dist\esm\icons\user-round-minus.js,.js,401
node_modules\lucide\dist\esm\icons\user-round-pen.js,.js,539
node_modules\lucide\dist\esm\icons\user-round-plus.js,.js,429
node_modules\lucide\dist\esm\icons\user-round-search.js,.js,458
node_modules\lucide\dist\esm\icons\user-round-x.js,.js,423
node_modules\lucide\dist\esm\icons\user-round.js,.js,350
node_modules\lucide\dist\esm\icons\user-search.js,.js,441
node_modules\lucide\dist\esm\icons\user-star.js,.js,711
node_modules\lucide\dist\esm\icons\user-x.js,.js,467
node_modules\lucide\dist\esm\icons\user.js,.js,354
node_modules\lucide\dist\esm\icons\users-round.js,.js,417
node_modules\lucide\dist\esm\icons\users.js,.js,455
node_modules\lucide\dist\esm\icons\utensils-crossed.js,.js,526
node_modules\lucide\dist\esm\icons\utensils.js,.js,418
node_modules\lucide\dist\esm\icons\utility-pole.js,.js,482
node_modules\lucide\dist\esm\icons\van.js,.js,594
node_modules\lucide\dist\esm\icons\variable.js,.js,454
node_modules\lucide\dist\esm\icons\vault.js,.js,811
node_modules\lucide\dist\esm\icons\vector-square.js,.js,724
node_modules\lucide\dist\esm\icons\vegan.js,.js,412
node_modules\lucide\dist\esm\icons\venetian-mask.js,.js,529
node_modules\lucide\dist\esm\icons\venus-and-mars.js,.js,449
node_modules\lucide\dist\esm\icons\venus.js,.js,354
node_modules\lucide\dist\esm\icons\vibrate-off.js,.js,527
node_modules\lucide\dist\esm\icons\vibrate.js,.js,408
node_modules\lucide\dist\esm\icons\video-off.js,.js,457
node_modules\lucide\dist\esm\icons\video.js,.js,412
node_modules\lucide\dist\esm\icons\videotape.js,.js,479
node_modules\lucide\dist\esm\icons\view.js,.js,553
node_modules\lucide\dist\esm\icons\voicemail.js,.js,406
node_modules\lucide\dist\esm\icons\volleyball.js,.js,607
node_modules\lucide\dist\esm\icons\volume-1.js,.js,510
node_modules\lucide\dist\esm\icons\volume-2.js,.js,566
node_modules\lucide\dist\esm\icons\volume-off.js,.js,644
node_modules\lucide\dist\esm\icons\volume-x.js,.js,578
node_modules\lucide\dist\esm\icons\volume.js,.js,464
node_modules\lucide\dist\esm\icons\vote.js,.js,378
node_modules\lucide\dist\esm\icons\wallet-cards.js,.js,510
node_modules\lucide\dist\esm\icons\wallet-minimal.js,.js,402
node_modules\lucide\dist\esm\icons\wallet.js,.js,466
node_modules\lucide\dist\esm\icons\wallpaper.js,.js,493
node_modules\lucide\dist\esm\icons\wand-sparkles.js,.js,669
node_modules\lucide\dist\esm\icons\wand.js,.js,543
node_modules\lucide\dist\esm\icons\warehouse.js,.js,549
node_modules\lucide\dist\esm\icons\washing-machine.js,.js,516
node_modules\lucide\dist\esm\icons\watch.js,.js,512
node_modules\lucide\dist\esm\icons\waves-arrow-down.js,.js,665
node_modules\lucide\dist\esm\icons\waves-arrow-up.js,.js,602
node_modules\lucide\dist\esm\icons\waves-ladder.js,.js,550
node_modules\lucide\dist\esm\icons\waves.js,.js,634
node_modules\lucide\dist\esm\icons\waypoints.js,.js,570
node_modules\lucide\dist\esm\icons\webcam.js,.js,406
node_modules\lucide\dist\esm\icons\webhook-off.js,.js,615
node_modules\lucide\dist\esm\icons\webhook.js,.js,506
node_modules\lucide\dist\esm\icons\weight-tilde.js,.js,528
node_modules\lucide\dist\esm\icons\weight.js,.js,444
node_modules\lucide\dist\esm\icons\wheat-off.js,.js,1084
node_modules\lucide\dist\esm\icons\wheat.js,.js,1102
node_modules\lucide\dist\esm\icons\whole-word.js,.js,477
node_modules\lucide\dist\esm\icons\wifi-cog.js,.js,826
node_modules\lucide\dist\esm\icons\wifi-high.js,.js,388
node_modules\lucide\dist\esm\icons\wifi-low.js,.js,336
node_modules\lucide\dist\esm\icons\wifi-off.js,.js,590
node_modules\lucide\dist\esm\icons\wifi-pen.js,.js,581
node_modules\lucide\dist\esm\icons\wifi-sync.js,.js,605
node_modules\lucide\dist\esm\icons\wifi-zero.js,.js,287
node_modules\lucide\dist\esm\icons\wifi.js,.js,422
node_modules\lucide\dist\esm\icons\wind-arrow-down.js,.js,441
node_modules\lucide\dist\esm\icons\wind.js,.js,394
node_modules\lucide\dist\esm\icons\wine-off.js,.js,593
node_modules\lucide\dist\esm\icons\wine.js,.js,425
node_modules\lucide\dist\esm\icons\workflow.js,.js,437
node_modules\lucide\dist\esm\icons\worm.js,.js,562
node_modules\lucide\dist\esm\icons\wrench.js,.js,489
node_modules\lucide\dist\esm\icons\x-line-top.js,.js,355
node_modules\lucide\dist\esm\icons\x.js,.js,302
node_modules\lucide\dist\esm\icons\zap-off.js,.js,579
node_modules\lucide\dist\esm\icons\zap.js,.js,442
node_modules\lucide\dist\esm\icons\zodiac-aquarius.js,.js,717
node_modules\lucide\dist\esm\icons\zodiac-aries.js,.js,368
node_modules\lucide\dist\esm\icons\zodiac-cancer.js,.js,470
node_modules\lucide\dist\esm\icons\zodiac-capricorn.js,.js,432
node_modules\lucide\dist\esm\icons\zodiac-gemini.js,.js,436
node_modules\lucide\dist\esm\icons\zodiac-leo.js,.js,399
node_modules\lucide\dist\esm\icons\zodiac-libra.js,.js,417
node_modules\lucide\dist\esm\icons\zodiac-ophiuchus.js,.js,399
node_modules\lucide\dist\esm\icons\zodiac-pisces.js,.js,391
node_modules\lucide\dist\esm\icons\zodiac-sagittarius.js,.js,381
node_modules\lucide\dist\esm\icons\zodiac-scorpio.js,.js,472
node_modules\lucide\dist\esm\icons\zodiac-taurus.js,.js,358
node_modules\lucide\dist\esm\icons\zodiac-virgo.js,.js,482
node_modules\lucide\dist\esm\icons\zoom-in.js,.js,470
node_modules\lucide\dist\esm\icons\zoom-out.js,.js,418
node_modules\lucide\dist\esm\iconsAndAliases.js,.js,115188
node_modules\lucide\dist\esm\lucide.js,.js,116894
node_modules\lucide\dist\esm\replaceElement.js,.js,2099
node_modules\lucide\dist\esm\shared\src\utils\hasA11yProp.js,.js,417
node_modules\lucide\dist\esm\shared\src\utils\mergeClasses.js,.js,431
node_modules\lucide\dist\esm\shared\src\utils\toCamelCase.js,.js,371
node_modules\lucide\dist\esm\shared\src\utils\toPascalCase.js,.js,426
node_modules\lucide\dist\umd\lucide.js,.js,594649
node_modules\lucide\dist\umd\lucide.min.js,.js,397450
node_modules\lucide\package.json,.json,1793
node_modules\lucide\README.md,.md,2900
node_modules\marked\bin\main.js,.js,6656
node_modules\marked\bin\marked.js,.js,264
node_modules\marked\lib\marked.esm.js,.js,41661
node_modules\marked\lib\marked.umd.js,.js,42540
node_modules\marked\LICENSE.md,.md,2942
node_modules\marked\man\marked.1.md,.md,1970
node_modules\marked\package.json,.json,3396
node_modules\marked\README.md,.md,3116
node_modules\pdf-lib\cjs\api\colors.js,.js,3243
node_modules\pdf-lib\cjs\api\Embeddable.js,.js,115
node_modules\pdf-lib\cjs\api\errors.js,.js,8363
node_modules\pdf-lib\cjs\api\form\appearances.js,.js,21983
node_modules\pdf-lib\cjs\api\form\index.js,.js,1690
node_modules\pdf-lib\cjs\api\form\PDFButton.js,.js,10888
node_modules\pdf-lib\cjs\api\form\PDFCheckBox.js,.js,10310
node_modules\pdf-lib\cjs\api\form\PDFDropdown.js,.js,25916
node_modules\pdf-lib\cjs\api\form\PDFField.js,.js,17452
node_modules\pdf-lib\cjs\api\form\PDFForm.js,.js,31024
node_modules\pdf-lib\cjs\api\form\PDFOptionList.js,.js,22518
node_modules\pdf-lib\cjs\api\form\PDFRadioGroup.js,.js,19710
node_modules\pdf-lib\cjs\api\form\PDFSignature.js,.js,1805
node_modules\pdf-lib\cjs\api\form\PDFTextField.js,.js,32764
node_modules\pdf-lib\cjs\api\image\alignment.js,.js,451
node_modules\pdf-lib\cjs\api\image\index.js,.js,197
node_modules\pdf-lib\cjs\api\index.js,.js,1832
node_modules\pdf-lib\cjs\api\objects.js,.js,556
node_modules\pdf-lib\cjs\api\operations.js,.js,21418
node_modules\pdf-lib\cjs\api\operators.js,.js,13565
node_modules\pdf-lib\cjs\api\PDFDocument.js,.js,62271
node_modules\pdf-lib\cjs\api\PDFDocumentOptions.js,.js,493
node_modules\pdf-lib\cjs\api\PDFEmbeddedFile.js,.js,4107
node_modules\pdf-lib\cjs\api\PDFEmbeddedPage.js,.js,3823
node_modules\pdf-lib\cjs\api\PDFFont.js,.js,5746
node_modules\pdf-lib\cjs\api\PDFImage.js,.js,5443
node_modules\pdf-lib\cjs\api\PDFJavaScript.js,.js,3365
node_modules\pdf-lib\cjs\api\PDFPage.js,.js,61873
node_modules\pdf-lib\cjs\api\PDFPageOptions.js,.js,729
node_modules\pdf-lib\cjs\api\rotations.js,.js,3224
node_modules\pdf-lib\cjs\api\sizes.js,.js,1530
node_modules\pdf-lib\cjs\api\StandardFonts.js,.js,1031
node_modules\pdf-lib\cjs\api\svgPath.js,.js,10645
node_modules\pdf-lib\cjs\api\text\alignment.js,.js,439
node_modules\pdf-lib\cjs\api\text\index.js,.js,249
node_modules\pdf-lib\cjs\api\text\layout.js,.js,8793
node_modules\pdf-lib\cjs\core\acroform\flags.js,.js,7652
node_modules\pdf-lib\cjs\core\acroform\index.js,.js,2595
node_modules\pdf-lib\cjs\core\acroform\PDFAcroButton.js,.js,4255
node_modules\pdf-lib\cjs\core\acroform\PDFAcroCheckBox.js,.js,2069
node_modules\pdf-lib\cjs\core\acroform\PDFAcroChoice.js,.js,5789
node_modules\pdf-lib\cjs\core\acroform\PDFAcroComboBox.js,.js,960
node_modules\pdf-lib\cjs\core\acroform\PDFAcroField.js,.js,6382
node_modules\pdf-lib\cjs\core\acroform\PDFAcroForm.js,.js,3254
node_modules\pdf-lib\cjs\core\acroform\PDFAcroListBox.js,.js,869
node_modules\pdf-lib\cjs\core\acroform\PDFAcroNonTerminal.js,.js,1392
node_modules\pdf-lib\cjs\core\acroform\PDFAcroPushButton.js,.js,986
node_modules\pdf-lib\cjs\core\acroform\PDFAcroRadioButton.js,.js,2278
node_modules\pdf-lib\cjs\core\acroform\PDFAcroSignature.js,.js,658
node_modules\pdf-lib\cjs\core\acroform\PDFAcroTerminal.js,.js,3030
node_modules\pdf-lib\cjs\core\acroform\PDFAcroText.js,.js,3095
node_modules\pdf-lib\cjs\core\acroform\utils.js,.js,6068
node_modules\pdf-lib\cjs\core\annotation\AppearanceCharacteristics.js,.js,5172
node_modules\pdf-lib\cjs\core\annotation\BorderStyle.js,.js,1165
node_modules\pdf-lib\cjs\core\annotation\flags.js,.js,4273
node_modules\pdf-lib\cjs\core\annotation\index.js,.js,790
node_modules\pdf-lib\cjs\core\annotation\PDFAnnotation.js,.js,5548
node_modules\pdf-lib\cjs\core\annotation\PDFWidgetAnnotation.js,.js,4606
node_modules\pdf-lib\cjs\core\document\PDFCrossRefSection.js,.js,5666
node_modules\pdf-lib\cjs\core\document\PDFHeader.js,.js,1740
node_modules\pdf-lib\cjs\core\document\PDFTrailer.js,.js,1868
node_modules\pdf-lib\cjs\core\document\PDFTrailerDict.js,.js,1329
node_modules\pdf-lib\cjs\core\embedders\CMap.js,.js,2207
node_modules\pdf-lib\cjs\core\embedders\CustomFontEmbedder.js,.js,11604
node_modules\pdf-lib\cjs\core\embedders\CustomFontSubsetEmbedder.js,.js,3241
node_modules\pdf-lib\cjs\core\embedders\FileEmbedder.js,.js,3654
node_modules\pdf-lib\cjs\core\embedders\FontFlags.js,.js,1220
node_modules\pdf-lib\cjs\core\embedders\JavaScriptEmbedder.js,.js,1405
node_modules\pdf-lib\cjs\core\embedders\JpegEmbedder.js,.js,4421
node_modules\pdf-lib\cjs\core\embedders\PDFPageEmbedder.js,.js,4625
node_modules\pdf-lib\cjs\core\embedders\PngEmbedder.js,.js,2636
node_modules\pdf-lib\cjs\core\embedders\StandardFontEmbedder.js,.js,4472
node_modules\pdf-lib\cjs\core\errors.js,.js,15100
node_modules\pdf-lib\cjs\core\index.js,.js,8983
node_modules\pdf-lib\cjs\core\interactive\ViewerPreferences.js,.js,22141
node_modules\pdf-lib\cjs\core\objects\PDFArray.js,.js,4621
node_modules\pdf-lib\cjs\core\objects\PDFBool.js,.js,1868
node_modules\pdf-lib\cjs\core\objects\PDFDict.js,.js,5746
node_modules\pdf-lib\cjs\core\objects\PDFHexString.js,.js,2910
node_modules\pdf-lib\cjs\core\objects\PDFInvalidObject.js,.js,1233
node_modules\pdf-lib\cjs\core\objects\PDFName.js,.js,5454
node_modules\pdf-lib\cjs\core\objects\PDFNull.js,.js,1145
node_modules\pdf-lib\cjs\core\objects\PDFNumber.js,.js,1415
node_modules\pdf-lib\cjs\core\objects\PDFObject.js,.js,900
node_modules\pdf-lib\cjs\core\objects\PDFRawStream.js,.js,1262
node_modules\pdf-lib\cjs\core\objects\PDFRef.js,.js,1730
node_modules\pdf-lib\cjs\core\objects\PDFStream.js,.js,3339
node_modules\pdf-lib\cjs\core\objects\PDFString.js,.js,5048
node_modules\pdf-lib\cjs\core\operators\PDFOperator.js,.js,2258
node_modules\pdf-lib\cjs\core\operators\PDFOperatorNames.js,.js,4054
node_modules\pdf-lib\cjs\core\parser\BaseParser.js,.js,4299
node_modules\pdf-lib\cjs\core\parser\ByteStream.js,.js,2184
node_modules\pdf-lib\cjs\core\parser\PDFObjectParser.js,.js,10969
node_modules\pdf-lib\cjs\core\parser\PDFObjectStreamParser.js,.js,3776
node_modules\pdf-lib\cjs\core\parser\PDFParser.js,.js,16906
node_modules\pdf-lib\cjs\core\parser\PDFXRefStreamParser.js,.js,4487
node_modules\pdf-lib\cjs\core\PDFContext.js,.js,8982
node_modules\pdf-lib\cjs\core\PDFObjectCopier.js,.js,5837
node_modules\pdf-lib\cjs\core\streams\Ascii85Stream.js,.js,2876
node_modules\pdf-lib\cjs\core\streams\AsciiHexStream.js,.js,2651
node_modules\pdf-lib\cjs\core\streams\decode.js,.js,2818
node_modules\pdf-lib\cjs\core\streams\DecodeStream.js,.js,5062
node_modules\pdf-lib\cjs\core\streams\FlateStream.js,.js,16547
node_modules\pdf-lib\cjs\core\streams\LZWStream.js,.js,5461
node_modules\pdf-lib\cjs\core\streams\RunLengthStream.js,.js,2184
node_modules\pdf-lib\cjs\core\streams\Stream.js,.js,3429
node_modules\pdf-lib\cjs\core\structures\PDFCatalog.js,.js,3461
node_modules\pdf-lib\cjs\core\structures\PDFContentStream.js,.js,2529
node_modules\pdf-lib\cjs\core\structures\PDFCrossRefStream.js,.js,9326
node_modules\pdf-lib\cjs\core\structures\PDFFlateStream.js,.js,1586
node_modules\pdf-lib\cjs\core\structures\PDFObjectStream.js,.js,3679
node_modules\pdf-lib\cjs\core\structures\PDFPageLeaf.js,.js,9199
node_modules\pdf-lib\cjs\core\structures\PDFPageTree.js,.js,7433
node_modules\pdf-lib\cjs\core\syntax\CharCodes.js,.js,3105
node_modules\pdf-lib\cjs\core\syntax\Delimiters.js,.js,868
node_modules\pdf-lib\cjs\core\syntax\Irregular.js,.js,580
node_modules\pdf-lib\cjs\core\syntax\Keywords.js,.js,3023
node_modules\pdf-lib\cjs\core\syntax\Numeric.js,.js,1190
node_modules\pdf-lib\cjs\core\syntax\Whitespace.js,.js,618
node_modules\pdf-lib\cjs\core\writers\PDFStreamWriter.js,.js,6835
node_modules\pdf-lib\cjs\core\writers\PDFWriter.js,.js,7907
node_modules\pdf-lib\cjs\index.js,.js,367
node_modules\pdf-lib\cjs\types\fontkit.js,.js,112
node_modules\pdf-lib\cjs\types\index.js,.js,110
node_modules\pdf-lib\cjs\types\matrix.js,.js,189
node_modules\pdf-lib\cjs\utils\arrays.js,.js,4627
node_modules\pdf-lib\cjs\utils\async.js,.js,391
node_modules\pdf-lib\cjs\utils\base64.js,.js,3173
node_modules\pdf-lib\cjs\utils\Cache.js,.js,689
node_modules\pdf-lib\cjs\utils\errors.js,.js,197
node_modules\pdf-lib\cjs\utils\index.js,.js,820
node_modules\pdf-lib\cjs\utils\numbers.js,.js,1896
node_modules\pdf-lib\cjs\utils\objects.js,.js,686
node_modules\pdf-lib\cjs\utils\pdfDocEncoding.js,.js,5075
node_modules\pdf-lib\cjs\utils\png.js,.js,2501
node_modules\pdf-lib\cjs\utils\rng.js,.js,781
node_modules\pdf-lib\cjs\utils\strings.js,.js,6494
node_modules\pdf-lib\cjs\utils\unicode.js,.js,15114
node_modules\pdf-lib\cjs\utils\validators.js,.js,7569
node_modules\pdf-lib\dist\pdf-lib.esm.js,.js,1587811
node_modules\pdf-lib\dist\pdf-lib.esm.min.js,.js,523417
node_modules\pdf-lib\dist\pdf-lib.js,.js,1743338
node_modules\pdf-lib\dist\pdf-lib.min.js,.js,525099
node_modules\pdf-lib\es\api\colors.js,.js,2932
node_modules\pdf-lib\es\api\Embeddable.js,.js,38
node_modules\pdf-lib\es\api\errors.js,.js,7381
node_modules\pdf-lib\es\api\form\appearances.js,.js,20737
node_modules\pdf-lib\es\api\form\index.js,.js,562
node_modules\pdf-lib\es\api\form\PDFButton.js,.js,10659
node_modules\pdf-lib\es\api\form\PDFCheckBox.js,.js,10118
node_modules\pdf-lib\es\api\form\PDFDropdown.js,.js,25567
node_modules\pdf-lib\es\api\form\PDFField.js,.js,17158
node_modules\pdf-lib\es\api\form\PDFForm.js,.js,30163
node_modules\pdf-lib\es\api\form\PDFOptionList.js,.js,22221
node_modules\pdf-lib\es\api\form\PDFRadioGroup.js,.js,19510
node_modules\pdf-lib\es\api\form\PDFSignature.js,.js,1678
node_modules\pdf-lib\es\api\form\PDFTextField.js,.js,32353
node_modules\pdf-lib\es\api\image\alignment.js,.js,315
node_modules\pdf-lib\es\api\image\index.js,.js,62
node_modules\pdf-lib\es\api\index.js,.js,729
node_modules\pdf-lib\es\api\objects.js,.js,397
node_modules\pdf-lib\es\api\operations.js,.js,18479
node_modules\pdf-lib\es\api\operators.js,.js,10143
node_modules\pdf-lib\es\api\PDFDocument.js,.js,61228
node_modules\pdf-lib\es\api\PDFDocumentOptions.js,.js,363
node_modules\pdf-lib\es\api\PDFEmbeddedFile.js,.js,3943
node_modules\pdf-lib\es\api\PDFEmbeddedPage.js,.js,3677
node_modules\pdf-lib\es\api\PDFFont.js,.js,5591
node_modules\pdf-lib\es\api\PDFImage.js,.js,5284
node_modules\pdf-lib\es\api\PDFJavaScript.js,.js,3229
node_modules\pdf-lib\es\api\PDFPage.js,.js,60057
node_modules\pdf-lib\es\api\PDFPageOptions.js,.js,603
node_modules\pdf-lib\es\api\rotations.js,.js,2849
node_modules\pdf-lib\es\api\sizes.js,.js,1428
node_modules\pdf-lib\es\api\StandardFonts.js,.js,897
node_modules\pdf-lib\es\api\svgPath.js,.js,10363
node_modules\pdf-lib\es\api\text\alignment.js,.js,305
node_modules\pdf-lib\es\api\text\index.js,.js,88
node_modules\pdf-lib\es\api\text\layout.js,.js,8552
node_modules\pdf-lib\es\core\acroform\flags.js,.js,7361
node_modules\pdf-lib\es\core\acroform\index.js,.js,901
node_modules\pdf-lib\es\core\acroform\PDFAcroButton.js,.js,3876
node_modules\pdf-lib\es\core\acroform\PDFAcroCheckBox.js,.js,1864
node_modules\pdf-lib\es\core\acroform\PDFAcroChoice.js,.js,5304
node_modules\pdf-lib\es\core\acroform\PDFAcroComboBox.js,.js,836
node_modules\pdf-lib\es\core\acroform\PDFAcroField.js,.js,5817
node_modules\pdf-lib\es\core\acroform\PDFAcroForm.js,.js,2990
node_modules\pdf-lib\es\core\acroform\PDFAcroListBox.js,.js,744
node_modules\pdf-lib\es\core\acroform\PDFAcroNonTerminal.js,.js,1227
node_modules\pdf-lib\es\core\acroform\PDFAcroPushButton.js,.js,862
node_modules\pdf-lib\es\core\acroform\PDFAcroRadioButton.js,.js,2084
node_modules\pdf-lib\es\core\acroform\PDFAcroSignature.js,.js,533
node_modules\pdf-lib\es\core\acroform\PDFAcroTerminal.js,.js,2751
node_modules\pdf-lib\es\core\acroform\PDFAcroText.js,.js,2720
node_modules\pdf-lib\es\core\acroform\utils.js,.js,5202
node_modules\pdf-lib\es\core\annotation\AppearanceCharacteristics.js,.js,4630
node_modules\pdf-lib\es\core\annotation\BorderStyle.js,.js,963
node_modules\pdf-lib\es\core\annotation\flags.js,.js,4135
node_modules\pdf-lib\es\core\annotation\index.js,.js,274
node_modules\pdf-lib\es\core\annotation\PDFAnnotation.js,.js,4946
node_modules\pdf-lib\es\core\annotation\PDFWidgetAnnotation.js,.js,4041
node_modules\pdf-lib\es\core\document\PDFCrossRefSection.js,.js,5314
node_modules\pdf-lib\es\core\document\PDFHeader.js,.js,1522
node_modules\pdf-lib\es\core\document\PDFTrailer.js,.js,1572
node_modules\pdf-lib\es\core\document\PDFTrailerDict.js,.js,1107
node_modules\pdf-lib\es\core\embedders\CMap.js,.js,2125
node_modules\pdf-lib\es\core\embedders\CustomFontEmbedder.js,.js,11364
node_modules\pdf-lib\es\core\embedders\CustomFontSubsetEmbedder.js,.js,3101
node_modules\pdf-lib\es\core\embedders\FileEmbedder.js,.js,3405
node_modules\pdf-lib\es\core\embedders\FontFlags.js,.js,1112
node_modules\pdf-lib\es\core\embedders\JavaScriptEmbedder.js,.js,1285
node_modules\pdf-lib\es\core\embedders\JpegEmbedder.js,.js,4325
node_modules\pdf-lib\es\core\embedders\PDFPageEmbedder.js,.js,4344
node_modules\pdf-lib\es\core\embedders\PngEmbedder.js,.js,2533
node_modules\pdf-lib\es\core\embedders\StandardFontEmbedder.js,.js,4215
node_modules\pdf-lib\es\core\errors.js,.js,13213
node_modules\pdf-lib\es\core\index.js,.js,3168
node_modules\pdf-lib\es\core\interactive\ViewerPreferences.js,.js,21423
node_modules\pdf-lib\es\core\objects\PDFArray.js,.js,4347
node_modules\pdf-lib\es\core\objects\PDFBool.js,.js,1630
node_modules\pdf-lib\es\core\objects\PDFDict.js,.js,5381
node_modules\pdf-lib\es\core\objects\PDFHexString.js,.js,2799
node_modules\pdf-lib\es\core\objects\PDFInvalidObject.js,.js,1108
node_modules\pdf-lib\es\core\objects\PDFName.js,.js,5222
node_modules\pdf-lib\es\core\objects\PDFNull.js,.js,950
node_modules\pdf-lib\es\core\objects\PDFNumber.js,.js,1304
node_modules\pdf-lib\es\core\objects\PDFObject.js,.js,802
node_modules\pdf-lib\es\core\objects\PDFRawStream.js,.js,1136
node_modules\pdf-lib\es\core\objects\PDFRef.js,.js,1618
node_modules\pdf-lib\es\core\objects\PDFStream.js,.js,2906
node_modules\pdf-lib\es\core\objects\PDFString.js,.js,4672
node_modules\pdf-lib\es\core\operators\PDFOperator.js,.js,2044
node_modules\pdf-lib\es\core\operators\PDFOperatorNames.js,.js,3974
node_modules\pdf-lib\es\core\parser\BaseParser.js,.js,4060
node_modules\pdf-lib\es\core\parser\ByteStream.js,.js,2040
node_modules\pdf-lib\es\core\parser\PDFObjectParser.js,.js,9775
node_modules\pdf-lib\es\core\parser\PDFObjectStreamParser.js,.js,3472
node_modules\pdf-lib\es\core\parser\PDFParser.js,.js,15917
node_modules\pdf-lib\es\core\parser\PDFXRefStreamParser.js,.js,4071
node_modules\pdf-lib\es\core\PDFContext.js,.js,8123
node_modules\pdf-lib\es\core\PDFObjectCopier.js,.js,5465
node_modules\pdf-lib\es\core\streams\Ascii85Stream.js,.js,2751
node_modules\pdf-lib\es\core\streams\AsciiHexStream.js,.js,2526
node_modules\pdf-lib\es\core\streams\decode.js,.js,2182
node_modules\pdf-lib\es\core\streams\DecodeStream.js,.js,4919
node_modules\pdf-lib\es\core\streams\FlateStream.js,.js,16422
node_modules\pdf-lib\es\core\streams\LZWStream.js,.js,5336
node_modules\pdf-lib\es\core\streams\RunLengthStream.js,.js,2059
node_modules\pdf-lib\es\core\streams\Stream.js,.js,3349
node_modules\pdf-lib\es\core\structures\PDFCatalog.js,.js,3116
node_modules\pdf-lib\es\core\structures\PDFContentStream.js,.js,2364
node_modules\pdf-lib\es\core\structures\PDFCrossRefStream.js,.js,8931
node_modules\pdf-lib\es\core\structures\PDFFlateStream.js,.js,1371
node_modules\pdf-lib\es\core\structures\PDFObjectStream.js,.js,3390
node_modules\pdf-lib\es\core\structures\PDFPageLeaf.js,.js,8464
node_modules\pdf-lib\es\core\structures\PDFPageTree.js,.js,7020
node_modules\pdf-lib\es\core\syntax\CharCodes.js,.js,3025
node_modules\pdf-lib\es\core\syntax\Delimiters.js,.js,522
node_modules\pdf-lib\es\core\syntax\Irregular.js,.js,363
node_modules\pdf-lib\es\core\syntax\Keywords.js,.js,2144
node_modules\pdf-lib\es\core\syntax\Numeric.js,.js,730
node_modules\pdf-lib\es\core\syntax\Whitespace.js,.js,343
node_modules\pdf-lib\es\core\writers\PDFStreamWriter.js,.js,6327
node_modules\pdf-lib\es\core\writers\PDFWriter.js,.js,7376
node_modules\pdf-lib\es\index.js,.js,154
node_modules\pdf-lib\es\types\fontkit.js,.js,35
node_modules\pdf-lib\es\types\index.js,.js,33
node_modules\pdf-lib\es\types\matrix.js,.js,82
node_modules\pdf-lib\es\utils\arrays.js,.js,4273
node_modules\pdf-lib\es\utils\async.js,.js,287
node_modules\pdf-lib\es\utils\base64.js,.js,2995
node_modules\pdf-lib\es\utils\Cache.js,.js,609
node_modules\pdf-lib\es\utils\errors.js,.js,99
node_modules\pdf-lib\es\utils\index.js,.js,352
node_modules\pdf-lib\es\utils\numbers.js,.js,1746
node_modules\pdf-lib\es\utils\objects.js,.js,474
node_modules\pdf-lib\es\utils\pdfDocEncoding.js,.js,4524
node_modules\pdf-lib\es\utils\png.js,.js,2280
node_modules\pdf-lib\es\utils\rng.js,.js,667
node_modules\pdf-lib\es\utils\strings.js,.js,5901
node_modules\pdf-lib\es\utils\unicode.js,.js,14840
node_modules\pdf-lib\es\utils\validators.js,.js,6847
node_modules\pdf-lib\LICENSE.md,.md,1070
node_modules\pdf-lib\package.json,.json,6148
node_modules\pdf-lib\README.md,.md,61406
node_modules\pdfjs-dist\CODE_OF_CONDUCT.md,.md,691
node_modules\pdfjs-dist\legacy\web\pdf_viewer.css,.css,265661
node_modules\pdfjs-dist\package.json,.json,778
node_modules\pdfjs-dist\README.md,.md,666
node_modules\pdfjs-dist\wasm\openjpeg_nowasm_fallback.js,.js,451777
node_modules\pdfjs-dist\web\pdf_viewer.css,.css,265661
node_modules\pixelmatch\index.js,.js,12015
node_modules\pixelmatch\package.json,.json,904
node_modules\pixelmatch\README.md,.md,4637
node_modules\playwright\cli.js,.js,698
node_modules\playwright\index.js,.js,648
node_modules\playwright\jsx-runtime.js,.js,942
node_modules\playwright\lib\agents\agentParser.js,.js,3475
node_modules\playwright\lib\agents\generateAgents.js,.js,16958
node_modules\playwright\lib\agents\playwright-test-coverage.prompt.md,.md,1294
node_modules\playwright\lib\agents\playwright-test-generate.prompt.md,.md,175
node_modules\playwright\lib\agents\playwright-test-generator.agent.md,.md,3336
node_modules\playwright\lib\agents\playwright-test-heal.prompt.md,.md,105
node_modules\playwright\lib\agents\playwright-test-healer.agent.md,.md,2891
node_modules\playwright\lib\agents\playwright-test-plan.prompt.md,.md,196
node_modules\playwright\lib\agents\playwright-test-planner.agent.md,.md,2808
node_modules\playwright\lib\cli\reportActions.js,.js,3562
node_modules\playwright\lib\cli\testActions.js,.js,9372
node_modules\playwright\lib\common\index.js,.js,115552
node_modules\playwright\lib\common\index.js.txt,.txt,1430
node_modules\playwright\lib\errorContext.js,.js,4619
node_modules\playwright\lib\globals.js,.js,1935
node_modules\playwright\lib\index.js,.js,34528
node_modules\playwright\lib\isomorphic.js,.js,8191
node_modules\playwright\lib\isomorphic.js.txt,.txt,267
node_modules\playwright\lib\loader\loaderProcessEntry.js,.js,1262
node_modules\playwright\lib\loader\loaderProcessEntry.js.txt,.txt,234
node_modules\playwright\lib\matchers\expect.js,.js,526213
node_modules\playwright\lib\matchers\expect.js.txt,.txt,3903
node_modules\playwright\lib\mcp\test\browserBackend.js,.js,4889
node_modules\playwright\lib\mcp\test\generatorTools.js,.js,5427
node_modules\playwright\lib\mcp\test\plannerTools.js,.js,6379
node_modules\playwright\lib\mcp\test\seed.js,.js,3239
node_modules\playwright\lib\mcp\test\streams.js,.js,1577
node_modules\playwright\lib\mcp\test\testBackend.js,.js,4067
node_modules\playwright\lib\mcp\test\testContext.js,.js,11637
node_modules\playwright\lib\mcp\test\testTool.js,.js,1104
node_modules\playwright\lib\mcp\test\testTools.js,.js,3714
node_modules\playwright\lib\package.js,.js,2013
node_modules\playwright\lib\program.js,.js,13581
node_modules\playwright\lib\runner\index.js,.js,297798
node_modules\playwright\lib\runner\index.js.txt,.txt,2857
node_modules\playwright\lib\transform\babelBundle.js,.js,2789601
node_modules\playwright\lib\transform\babelBundle.js.txt,.txt,21706
node_modules\playwright\lib\transform\esmLoader.js,.js,255065
node_modules\playwright\lib\transform\esmLoader.js.txt,.txt,2465
node_modules\playwright\lib\util.js,.js,15165
node_modules\playwright\lib\worker\workerProcessEntry.js,.js,75892
node_modules\playwright\lib\worker\workerProcessEntry.js.txt,.txt,692
node_modules\playwright\package.json,.json,1559
node_modules\playwright\README.md,.md,11282
node_modules\playwright\test.js,.js,806
node_modules\playwright\ThirdPartyNotices.txt,.txt,705
node_modules\playwright-core\browsers.json,.json,1939
node_modules\playwright-core\cli.js,.js,839
node_modules\playwright-core\index.js,.js,697
node_modules\playwright-core\lib\bootstrap.js,.js,3481
node_modules\playwright-core\lib\coreBundle.js,.js,3352341
node_modules\playwright-core\lib\entry\cliDaemon.js,.js,197
node_modules\playwright-core\lib\entry\dashboardApp.js,.js,108
node_modules\playwright-core\lib\entry\mcp.js,.js,442
node_modules\playwright-core\lib\entry\oopBrowserDownload.js,.js,120
node_modules\playwright-core\lib\package.js,.js,2112
node_modules\playwright-core\lib\server\deviceDescriptorsSource.json,.json,80785
node_modules\playwright-core\lib\server\electron\loader.js,.js,4821
node_modules\playwright-core\lib\serverRegistry.js,.js,247050
node_modules\playwright-core\lib\tools\cli-client\channelSessions.js,.js,7087
node_modules\playwright-core\lib\tools\cli-client\cli.js,.js,153
node_modules\playwright-core\lib\tools\cli-client\help.json,.json,36596
node_modules\playwright-core\lib\tools\cli-client\minimist.js,.js,4106
node_modules\playwright-core\lib\tools\cli-client\output.js,.js,11703
node_modules\playwright-core\lib\tools\cli-client\program.js,.js,16054
node_modules\playwright-core\lib\tools\cli-client\registry.js,.js,6662
node_modules\playwright-core\lib\tools\cli-client\session.js,.js,9395
node_modules\playwright-core\lib\tools\cli-client\skill\references\element-attributes.md,.md,665
node_modules\playwright-core\lib\tools\cli-client\skill\references\playwright-tests.md,.md,1690
node_modules\playwright-core\lib\tools\cli-client\skill\references\request-mocking.md,.md,2182
node_modules\playwright-core\lib\tools\cli-client\skill\references\running-code.md,.md,5642
node_modules\playwright-core\lib\tools\cli-client\skill\references\session-management.md,.md,5671
node_modules\playwright-core\lib\tools\cli-client\skill\references\spec-driven-testing.md,.md,11578
node_modules\playwright-core\lib\tools\cli-client\skill\references\storage-state.md,.md,5198
node_modules\playwright-core\lib\tools\cli-client\skill\references\test-generation.md,.md,4585
node_modules\playwright-core\lib\tools\cli-client\skill\references\tracing.md,.md,3440
node_modules\playwright-core\lib\tools\cli-client\skill\references\video-recording.md,.md,5387
node_modules\playwright-core\lib\tools\cli-client\skill\SKILL.md,.md,11869
node_modules\playwright-core\lib\tools\trace\SKILL.md,.md,4712
node_modules\playwright-core\lib\tools\utils\extension.js,.js,3132
node_modules\playwright-core\lib\tools\utils\socketConnection.js,.js,3317
node_modules\playwright-core\lib\utilsBundle.js,.js,3143574
node_modules\playwright-core\lib\vite\dashboard\assets\index-BY2S1tHT.css,.css,142433
node_modules\playwright-core\lib\vite\dashboard\assets\index-C_5TMfeg.js,.js,331501
node_modules\playwright-core\lib\vite\htmlReport\report.css,.css,108330
node_modules\playwright-core\lib\vite\htmlReport\report.js,.js,416009
node_modules\playwright-core\lib\vite\recorder\assets\codeMirrorModule-DeBYQozu.js,.js,313009
node_modules\playwright-core\lib\vite\recorder\assets\codeMirrorModule-DYBRYzYX.css,.css,6421
node_modules\playwright-core\lib\vite\recorder\assets\index-4ZiSSCmn.css,.css,92234
node_modules\playwright-core\lib\vite\recorder\assets\index-Bq-mQf8S.js,.js,365888
node_modules\playwright-core\lib\vite\traceViewer\assets\codeMirrorModule-LEHpjmcn.js,.js,313054
node_modules\playwright-core\lib\vite\traceViewer\assets\defaultSettingsView-BNmKHKpQ.js,.js,658064
node_modules\playwright-core\lib\vite\traceViewer\assets\urlMatch-BYQrIQwR.js,.js,819
node_modules\playwright-core\lib\vite\traceViewer\assets\xtermModule-CsJ4vdCR.js,.js,292244
node_modules\playwright-core\lib\vite\traceViewer\codeMirrorModule.DYBRYzYX.css,.css,6421
node_modules\playwright-core\lib\vite\traceViewer\defaultSettingsView.CjdS-WJx.css,.css,112258
node_modules\playwright-core\lib\vite\traceViewer\index.CzXZzn5A.css,.css,2111
node_modules\playwright-core\lib\vite\traceViewer\index.DMMX1gXU.js,.js,6547
node_modules\playwright-core\lib\vite\traceViewer\snapshot.v8KI4P3m.js,.js,660
node_modules\playwright-core\lib\vite\traceViewer\sw.bundle.js,.js,95855
node_modules\playwright-core\lib\vite\traceViewer\uiMode.BZQ54Kgt.css,.css,60311
node_modules\playwright-core\lib\vite\traceViewer\uiMode.Ut8wwJNp.js,.js,38514
node_modules\playwright-core\lib\vite\traceViewer\xtermModule.DYP7pi_n.css,.css,4150
node_modules\playwright-core\package.json,.json,876
node_modules\playwright-core\README.md,.md,120
node_modules\playwright-core\ThirdPartyNotices.txt,.txt,676
node_modules\pngjs\browser.js,.js,572711
node_modules\pngjs\CHANGELOG.md,.md,3001
node_modules\pngjs\lib\bitmapper.js,.js,6477
node_modules\pngjs\lib\bitpacker.js,.js,4670
node_modules\pngjs\lib\chunkstream.js,.js,4249
node_modules\pngjs\lib\constants.js,.js,662
node_modules\pngjs\lib\crc.js,.js,853
node_modules\pngjs\lib\filter-pack.js,.js,4279
node_modules\pngjs\lib\filter-parse-async.js,.js,558
node_modules\pngjs\lib\filter-parse-sync.js,.js,483
node_modules\pngjs\lib\filter-parse.js,.js,4798
node_modules\pngjs\lib\format-normaliser.js,.js,2366
node_modules\pngjs\lib\interlace.js,.js,2004
node_modules\pngjs\lib\packer-async.js,.js,1162
node_modules\pngjs\lib\packer-sync.js,.js,1193
node_modules\pngjs\lib\packer.js,.js,3723
node_modules\pngjs\lib\paeth-predictor.js,.js,372
node_modules\pngjs\lib\parser-async.js,.js,4368
node_modules\pngjs\lib\parser-sync.js,.js,2580
node_modules\pngjs\lib\parser.js,.js,7720
node_modules\pngjs\lib\png-sync.js,.js,252
node_modules\pngjs\lib\png.js,.js,4418
node_modules\pngjs\lib\sync-inflate.js,.js,3751
node_modules\pngjs\lib\sync-reader.js,.js,1114
node_modules\pngjs\package.json,.json,1812
node_modules\pngjs\README.md,.md,9375
node_modules\pnpm\dist\node_modules\@isaacs\fs-minipass\dist\commonjs\index.js,.js,12791
node_modules\pnpm\dist\node_modules\@isaacs\fs-minipass\dist\commonjs\package.json,.json,25
node_modules\pnpm\dist\node_modules\@isaacs\fs-minipass\dist\esm\index.js,.js,12129
node_modules\pnpm\dist\node_modules\@isaacs\fs-minipass\dist\esm\package.json,.json,23
node_modules\pnpm\dist\node_modules\@isaacs\fs-minipass\package.json,.json,1675
node_modules\pnpm\dist\node_modules\@reflink\reflink\binding.js,.js,7516
node_modules\pnpm\dist\node_modules\@reflink\reflink\index.js,.js,1326
node_modules\pnpm\dist\node_modules\@reflink\reflink\package.json,.json,1826
node_modules\pnpm\dist\node_modules\@reflink\reflink-darwin-arm64\package.json,.json,397
node_modules\pnpm\dist\node_modules\@reflink\reflink-darwin-x64\package.json,.json,387
node_modules\pnpm\dist\node_modules\@reflink\reflink-win32-arm64-msvc\package.json,.json,412
node_modules\pnpm\dist\node_modules\@reflink\reflink-win32-x64-msvc\package.json,.json,402
node_modules\pnpm\dist\node_modules\abbrev\lib\index.js,.js,1379
node_modules\pnpm\dist\node_modules\abbrev\package.json,.json,1232
node_modules\pnpm\dist\node_modules\chownr\dist\commonjs\index.js,.js,3059
node_modules\pnpm\dist\node_modules\chownr\dist\commonjs\package.json,.json,25
node_modules\pnpm\dist\node_modules\chownr\dist\esm\index.js,.js,2534
node_modules\pnpm\dist\node_modules\chownr\dist\esm\package.json,.json,23
node_modules\pnpm\dist\node_modules\chownr\package.json,.json,1621
node_modules\pnpm\dist\node_modules\env-paths\index.js,.js,2155
node_modules\pnpm\dist\node_modules\env-paths\package.json,.json,698
node_modules\pnpm\dist\node_modules\exponential-backoff\dist\backoff.js,.js,5903
node_modules\pnpm\dist\node_modules\exponential-backoff\dist\delay\always\always.delay.js,.js,1028
node_modules\pnpm\dist\node_modules\exponential-backoff\dist\delay\delay.base.js,.js,1530
node_modules\pnpm\dist\node_modules\exponential-backoff\dist\delay\delay.factory.js,.js,613
node_modules\pnpm\dist\node_modules\exponential-backoff\dist\delay\delay.interface.js,.js,120
node_modules\pnpm\dist\node_modules\exponential-backoff\dist\delay\skip-first\skip-first.delay.js,.js,4249
node_modules\pnpm\dist\node_modules\exponential-backoff\dist\jitter\full\full.jitter.js,.js,265
node_modules\pnpm\dist\node_modules\exponential-backoff\dist\jitter\jitter.factory.js,.js,471
node_modules\pnpm\dist\node_modules\exponential-backoff\dist\jitter\no\no.jitter.js,.js,190
node_modules\pnpm\dist\node_modules\exponential-backoff\dist\options.js,.js,969
node_modules\pnpm\dist\node_modules\exponential-backoff\package.json,.json,1329
node_modules\pnpm\dist\node_modules\fdir\package.json,.json,2694
node_modules\pnpm\dist\node_modules\graceful-fs\clone.js,.js,496
node_modules\pnpm\dist\node_modules\graceful-fs\graceful-fs.js,.js,12704
node_modules\pnpm\dist\node_modules\graceful-fs\legacy-streams.js,.js,2655
node_modules\pnpm\dist\node_modules\graceful-fs\package.json,.json,1031
node_modules\pnpm\dist\node_modules\graceful-fs\polyfills.js,.js,10141
node_modules\pnpm\dist\node_modules\isexe\dist\commonjs\index.js,.js,2283
node_modules\pnpm\dist\node_modules\isexe\dist\commonjs\index.min.js,.js,3030
node_modules\pnpm\dist\node_modules\isexe\dist\commonjs\options.js,.js,112
node_modules\pnpm\dist\node_modules\isexe\dist\commonjs\package.json,.json,25
node_modules\pnpm\dist\node_modules\isexe\dist\commonjs\posix.js,.js,2092
node_modules\pnpm\dist\node_modules\isexe\dist\commonjs\win32.js,.js,1936
node_modules\pnpm\dist\node_modules\isexe\dist\esm\index.js,.js,516
node_modules\pnpm\dist\node_modules\isexe\dist\esm\index.min.js,.js,1670
node_modules\pnpm\dist\node_modules\isexe\dist\esm\options.js,.js,46
node_modules\pnpm\dist\node_modules\isexe\dist\esm\package.json,.json,23
node_modules\pnpm\dist\node_modules\isexe\dist\esm\posix.js,.js,1906
node_modules\pnpm\dist\node_modules\isexe\dist\esm\win32.js,.js,1735
node_modules\pnpm\dist\node_modules\isexe\package.json,.json,1977
node_modules\pnpm\dist\node_modules\minipass\dist\commonjs\index.js,.js,34050
node_modules\pnpm\dist\node_modules\minipass\dist\commonjs\package.json,.json,25
node_modules\pnpm\dist\node_modules\minipass\dist\esm\index.js,.js,33328
node_modules\pnpm\dist\node_modules\minipass\dist\esm\package.json,.json,23
node_modules\pnpm\dist\node_modules\minipass\package.json,.json,1904
node_modules\pnpm\dist\node_modules\minizlib\dist\commonjs\constants.js,.js,4299
node_modules\pnpm\dist\node_modules\minizlib\dist\commonjs\index.js,.js,14870
node_modules\pnpm\dist\node_modules\minizlib\dist\commonjs\package.json,.json,25
node_modules\pnpm\dist\node_modules\minizlib\dist\esm\constants.js,.js,4034
node_modules\pnpm\dist\node_modules\minizlib\dist\esm\index.js,.js,12247
node_modules\pnpm\dist\node_modules\minizlib\dist\esm\package.json,.json,23
node_modules\pnpm\dist\node_modules\minizlib\package.json,.json,1842
node_modules\pnpm\dist\node_modules\node-gyp\.release-please-manifest.json,.json,22
node_modules\pnpm\dist\node_modules\node-gyp\bin\node-gyp.js,.js,3620
node_modules\pnpm\dist\node_modules\node-gyp\eslint.config.js,.js,58
node_modules\pnpm\dist\node_modules\node-gyp\gyp\.release-please-manifest.json,.json,22
node_modules\pnpm\dist\node_modules\node-gyp\gyp\release-please-config.json,.json,279
node_modules\pnpm\dist\node_modules\node-gyp\lib\build.js,.js,6724
node_modules\pnpm\dist\node_modules\node-gyp\lib\clean.js,.js,414
node_modules\pnpm\dist\node_modules\node-gyp\lib\configure.js,.js,11915
node_modules\pnpm\dist\node_modules\node-gyp\lib\create-config-gypi.js,.js,4798
node_modules\pnpm\dist\node_modules\node-gyp\lib\download.js,.js,2504
node_modules\pnpm\dist\node_modules\node-gyp\lib\find-node-directory.js,.js,2378
node_modules\pnpm\dist\node_modules\node-gyp\lib\find-python.js,.js,10700
node_modules\pnpm\dist\node_modules\node-gyp\lib\find-visualstudio.js,.js,20382
node_modules\pnpm\dist\node_modules\node-gyp\lib\install.js,.js,13975
node_modules\pnpm\dist\node_modules\node-gyp\lib\list.js,.js,580
node_modules\pnpm\dist\node_modules\node-gyp\lib\log.js,.js,3462
node_modules\pnpm\dist\node_modules\node-gyp\lib\node-gyp.js,.js,5651
node_modules\pnpm\dist\node_modules\node-gyp\lib\process-release.js,.js,5762
node_modules\pnpm\dist\node_modules\node-gyp\lib\rebuild.js,.js,281
node_modules\pnpm\dist\node_modules\node-gyp\lib\remove.js,.js,1233
node_modules\pnpm\dist\node_modules\node-gyp\lib\util.js,.js,2228
node_modules\pnpm\dist\node_modules\node-gyp\package.json,.json,1261
node_modules\pnpm\dist\node_modules\node-gyp\release-please-config.json,.json,2405
node_modules\pnpm\dist\node_modules\nopt\bin\nopt.js,.js,644
node_modules\pnpm\dist\node_modules\nopt\lib\debug.js,.js,181
node_modules\pnpm\dist\node_modules\nopt\lib\nopt-lib.js,.js,14184
node_modules\pnpm\dist\node_modules\nopt\lib\nopt.js,.js,1127
node_modules\pnpm\dist\node_modules\nopt\lib\type-defs.js,.js,2030
node_modules\pnpm\dist\node_modules\nopt\package.json,.json,1214
node_modules\pnpm\dist\node_modules\picomatch\index.js,.js,479
node_modules\pnpm\dist\node_modules\picomatch\lib\constants.js,.js,4552
node_modules\pnpm\dist\node_modules\picomatch\lib\parse.js,.js,33731
node_modules\pnpm\dist\node_modules\picomatch\lib\picomatch.js,.js,10091
node_modules\pnpm\dist\node_modules\picomatch\lib\scan.js,.js,9189
node_modules\pnpm\dist\node_modules\picomatch\lib\utils.js,.js,1994
node_modules\pnpm\dist\node_modules\picomatch\package.json,.json,1896
node_modules\pnpm\dist\node_modules\picomatch\posix.js,.js,60
node_modules\pnpm\dist\node_modules\proc-log\lib\index.js,.js,3597
node_modules\pnpm\dist\node_modules\proc-log\package.json,.json,1132
node_modules\pnpm\dist\node_modules\semver\bin\semver.js,.js,4957
node_modules\pnpm\dist\node_modules\semver\classes\comparator.js,.js,3631
node_modules\pnpm\dist\node_modules\semver\classes\index.js,.js,143
node_modules\pnpm\dist\node_modules\semver\classes\range.js,.js,15360
node_modules\pnpm\dist\node_modules\semver\classes\semver.js,.js,9891
node_modules\pnpm\dist\node_modules\semver\functions\clean.js,.js,205
node_modules\pnpm\dist\node_modules\semver\functions\cmp.js,.js,961
node_modules\pnpm\dist\node_modules\semver\functions\coerce.js,.js,2004
node_modules\pnpm\dist\node_modules\semver\functions\compare-build.js,.js,281
node_modules\pnpm\dist\node_modules\semver\functions\compare-loose.js,.js,132
node_modules\pnpm\dist\node_modules\semver\functions\compare.js,.js,170
node_modules\pnpm\dist\node_modules\semver\functions\diff.js,.js,1423
node_modules\pnpm\dist\node_modules\semver\functions\eq.js,.js,126
node_modules\pnpm\dist\node_modules\semver\functions\gt.js,.js,124
node_modules\pnpm\dist\node_modules\semver\functions\gte.js,.js,127
node_modules\pnpm\dist\node_modules\semver\functions\inc.js,.js,478
node_modules\pnpm\dist\node_modules\semver\functions\lt.js,.js,124
node_modules\pnpm\dist\node_modules\semver\functions\lte.js,.js,127
node_modules\pnpm\dist\node_modules\semver\functions\major.js,.js,136
node_modules\pnpm\dist\node_modules\semver\functions\minor.js,.js,136
node_modules\pnpm\dist\node_modules\semver\functions\neq.js,.js,128
node_modules\pnpm\dist\node_modules\semver\functions\parse.js,.js,331
node_modules\pnpm\dist\node_modules\semver\functions\patch.js,.js,136
node_modules\pnpm\dist\node_modules\semver\functions\prerelease.js,.js,234
node_modules\pnpm\dist\node_modules\semver\functions\rcompare.js,.js,132
node_modules\pnpm\dist\node_modules\semver\functions\rsort.js,.js,163
node_modules\pnpm\dist\node_modules\semver\functions\satisfies.js,.js,247
node_modules\pnpm\dist\node_modules\semver\functions\sort.js,.js,161
node_modules\pnpm\dist\node_modules\semver\functions\truncate.js,.js,1021
node_modules\pnpm\dist\node_modules\semver\functions\valid.js,.js,176
node_modules\pnpm\dist\node_modules\semver\index.js,.js,2691
node_modules\pnpm\dist\node_modules\semver\internal\constants.js,.js,873
node_modules\pnpm\dist\node_modules\semver\internal\debug.js,.js,240
node_modules\pnpm\dist\node_modules\semver\internal\identifiers.js,.js,525
node_modules\pnpm\dist\node_modules\semver\internal\lrucache.js,.js,802
node_modules\pnpm\dist\node_modules\semver\internal\parse-options.js,.js,338
node_modules\pnpm\dist\node_modules\semver\internal\re.js,.js,8139
node_modules\pnpm\dist\node_modules\semver\package.json,.json,1661
node_modules\pnpm\dist\node_modules\semver\preload.js,.js,83
node_modules\pnpm\dist\node_modules\semver\ranges\gtr.js,.js,231
node_modules\pnpm\dist\node_modules\semver\ranges\intersects.js,.js,224
node_modules\pnpm\dist\node_modules\semver\ranges\ltr.js,.js,227
node_modules\pnpm\dist\node_modules\semver\ranges\max-satisfying.js,.js,593
node_modules\pnpm\dist\node_modules\semver\ranges\min-satisfying.js,.js,591
node_modules\pnpm\dist\node_modules\semver\ranges\min-version.js,.js,1514
node_modules\pnpm\dist\node_modules\semver\ranges\outside.js,.js,2204
node_modules\pnpm\dist\node_modules\semver\ranges\simplify.js,.js,1355
node_modules\pnpm\dist\node_modules\semver\ranges\subset.js,.js,7478
node_modules\pnpm\dist\node_modules\semver\ranges\to-comparators.js,.js,282
node_modules\pnpm\dist\node_modules\semver\ranges\valid.js,.js,326
node_modules\pnpm\dist\node_modules\tar\dist\commonjs\create.js,.js,2588
node_modules\pnpm\dist\node_modules\tar\dist\commonjs\cwd-error.js,.js,436
node_modules\pnpm\dist\node_modules\tar\dist\commonjs\extract.js,.js,3447
node_modules\pnpm\dist\node_modules\tar\dist\commonjs\get-write-flag.js,.js,1491
node_modules\pnpm\dist\node_modules\tar\dist\commonjs\header.js,.js,13981
node_modules\pnpm\dist\node_modules\tar\dist\commonjs\index.js,.js,3137
node_modules\pnpm\dist\node_modules\tar\dist\commonjs\index.min.js,.js,101810
node_modules\pnpm\dist\node_modules\tar\dist\commonjs\large-numbers.js,.js,2733
node_modules\pnpm\dist\node_modules\tar\dist\commonjs\list.js,.js,5342
node_modules\pnpm\dist\node_modules\tar\dist\commonjs\make-command.js,.js,1862
node_modules\pnpm\dist\node_modules\tar\dist\commonjs\mkdir.js,.js,6758
node_modules\pnpm\dist\node_modules\tar\dist\commonjs\mode-fix.js,.js,876
node_modules\pnpm\dist\node_modules\tar\dist\commonjs\normalize-unicode.js,.js,1159
node_modules\pnpm\dist\node_modules\tar\dist\commonjs\normalize-windows-path.js,.js,604
node_modules\pnpm\dist\node_modules\tar\dist\commonjs\options.js,.js,2117
node_modules\pnpm\dist\node_modules\tar\dist\commonjs\pack.js,.js,17624
node_modules\pnpm\dist\node_modules\tar\dist\commonjs\package.json,.json,25
node_modules\pnpm\dist\node_modules\tar\dist\commonjs\parse.js,.js,22872
node_modules\pnpm\dist\node_modules\tar\dist\commonjs\path-reservations.js,.js,5699
node_modules\pnpm\dist\node_modules\tar\dist\commonjs\pax.js,.js,4904
node_modules\pnpm\dist\node_modules\tar\dist\commonjs\process-umask.js,.js,273
node_modules\pnpm\dist\node_modules\tar\dist\commonjs\read-entry.js,.js,4394
node_modules\pnpm\dist\node_modules\tar\dist\commonjs\replace.js,.js,7737
node_modules\pnpm\dist\node_modules\tar\dist\commonjs\strip-absolute-path.js,.js,1232
node_modules\pnpm\dist\node_modules\tar\dist\commonjs\strip-trailing-slashes.js,.js,651
node_modules\pnpm\dist\node_modules\tar\dist\commonjs\symlink-error.js,.js,528
node_modules\pnpm\dist\node_modules\tar\dist\commonjs\types.js,.js,1889
node_modules\pnpm\dist\node_modules\tar\dist\commonjs\unpack.js,.js,36425
node_modules\pnpm\dist\node_modules\tar\dist\commonjs\update.js,.js,1229
node_modules\pnpm\dist\node_modules\tar\dist\commonjs\warn-method.js,.js,927
node_modules\pnpm\dist\node_modules\tar\dist\commonjs\winchars.js,.js,714
node_modules\pnpm\dist\node_modules\tar\dist\commonjs\write-entry.js,.js,25354
node_modules\pnpm\dist\node_modules\tar\dist\esm\create.js,.js,2177
node_modules\pnpm\dist\node_modules\tar\dist\esm\cwd-error.js,.js,310
node_modules\pnpm\dist\node_modules\tar\dist\esm\extract.js,.js,1692
node_modules\pnpm\dist\node_modules\tar\dist\esm\get-write-flag.js,.js,1205
node_modules\pnpm\dist\node_modules\tar\dist\esm\header.js,.js,12439
node_modules\pnpm\dist\node_modules\tar\dist\esm\index.js,.js,647
node_modules\pnpm\dist\node_modules\tar\dist\esm\index.min.js,.js,83531
node_modules\pnpm\dist\node_modules\tar\dist\esm\large-numbers.js,.js,2581
node_modules\pnpm\dist\node_modules\tar\dist\esm\list.js,.js,3350
node_modules\pnpm\dist\node_modules\tar\dist\esm\make-command.js,.js,1686
node_modules\pnpm\dist\node_modules\tar\dist\esm\mkdir.js,.js,5695
node_modules\pnpm\dist\node_modules\tar\dist\esm\mode-fix.js,.js,753
node_modules\pnpm\dist\node_modules\tar\dist\esm\normalize-unicode.js,.js,1009
node_modules\pnpm\dist\node_modules\tar\dist\esm\normalize-windows-path.js,.js,493
node_modules\pnpm\dist\node_modules\tar\dist\esm\options.js,.js,1639
node_modules\pnpm\dist\node_modules\tar\dist\esm\pack.js,.js,15622
node_modules\pnpm\dist\node_modules\tar\dist\esm\package.json,.json,23
node_modules\pnpm\dist\node_modules\tar\dist\esm\parse.js,.js,22631
node_modules\pnpm\dist\node_modules\tar\dist\esm\path-reservations.js,.js,5431
node_modules\pnpm\dist\node_modules\tar\dist\esm\pax.js,.js,4754
node_modules\pnpm\dist\node_modules\tar\dist\esm\process-umask.js,.js,156
node_modules\pnpm\dist\node_modules\tar\dist\esm\read-entry.js,.js,4111
node_modules\pnpm\dist\node_modules\tar\dist\esm\replace.js,.js,7066
node_modules\pnpm\dist\node_modules\tar\dist\esm\strip-absolute-path.js,.js,1060
node_modules\pnpm\dist\node_modules\tar\dist\esm\strip-trailing-slashes.js,.js,489
node_modules\pnpm\dist\node_modules\tar\dist\esm\symlink-error.js,.js,390
node_modules\pnpm\dist\node_modules\tar\dist\esm\types.js,.js,1671
node_modules\pnpm\dist\node_modules\tar\dist\esm\unpack.js,.js,33105
node_modules\pnpm\dist\node_modules\tar\dist\esm\update.js,.js,1006
node_modules\pnpm\dist\node_modules\tar\dist\esm\warn-method.js,.js,795
node_modules\pnpm\dist\node_modules\tar\dist\esm\winchars.js,.js,559
node_modules\pnpm\dist\node_modules\tar\dist\esm\write-entry.js,.js,22763
node_modules\pnpm\dist\node_modules\tar\package.json,.json,7839
node_modules\pnpm\dist\node_modules\tinyglobby\package.json,.json,1761
node_modules\pnpm\dist\node_modules\undici\index-fetch.js,.js,1558
node_modules\pnpm\dist\node_modules\undici\index.js,.js,6057
node_modules\pnpm\dist\node_modules\undici\lib\api\abort-signal.js,.js,1057
node_modules\pnpm\dist\node_modules\undici\lib\api\api-connect.js,.js,2565
node_modules\pnpm\dist\node_modules\undici\lib\api\api-pipeline.js,.js,5445
node_modules\pnpm\dist\node_modules\undici\lib\api\api-request.js,.js,5734
node_modules\pnpm\dist\node_modules\undici\lib\api\api-stream.js,.js,5320
node_modules\pnpm\dist\node_modules\undici\lib\api\api-upgrade.js,.js,2576
node_modules\pnpm\dist\node_modules\undici\lib\api\index.js,.js,264
node_modules\pnpm\dist\node_modules\undici\lib\api\readable.js,.js,9085
node_modules\pnpm\dist\node_modules\undici\lib\api\util.js,.js,2374
node_modules\pnpm\dist\node_modules\undici\lib\core\connect.js,.js,7286
node_modules\pnpm\dist\node_modules\undici\lib\core\constants.js,.js,2610
node_modules\pnpm\dist\node_modules\undici\lib\core\diagnostics.js,.js,5687
node_modules\pnpm\dist\node_modules\undici\lib\core\errors.js,.js,12171
node_modules\pnpm\dist\node_modules\undici\lib\core\request.js,.js,10722
node_modules\pnpm\dist\node_modules\undici\lib\core\symbols.js,.js,2547
node_modules\pnpm\dist\node_modules\undici\lib\core\tree.js,.js,3455
node_modules\pnpm\dist\node_modules\undici\lib\core\util.js,.js,19042
node_modules\pnpm\dist\node_modules\undici\lib\dispatcher\agent.js,.js,4006
node_modules\pnpm\dist\node_modules\undici\lib\dispatcher\balanced-pool.js,.js,5531
node_modules\pnpm\dist\node_modules\undici\lib\dispatcher\client-h1.js,.js,38090
node_modules\pnpm\dist\node_modules\undici\lib\dispatcher\client-h2.js,.js,18623
node_modules\pnpm\dist\node_modules\undici\lib\dispatcher\client.js,.js,17057
node_modules\pnpm\dist\node_modules\undici\lib\dispatcher\dispatcher-base.js,.js,4779
node_modules\pnpm\dist\node_modules\undici\lib\dispatcher\dispatcher.js,.js,1437
node_modules\pnpm\dist\node_modules\undici\lib\dispatcher\env-http-proxy-agent.js,.js,4479
node_modules\pnpm\dist\node_modules\undici\lib\dispatcher\fixed-queue.js,.js,4222
node_modules\pnpm\dist\node_modules\undici\lib\dispatcher\pool-base.js,.js,4558
node_modules\pnpm\dist\node_modules\undici\lib\dispatcher\pool-stats.js,.js,553
node_modules\pnpm\dist\node_modules\undici\lib\dispatcher\pool.js,.js,3013
node_modules\pnpm\dist\node_modules\undici\lib\dispatcher\proxy-agent.js,.js,8135
node_modules\pnpm\dist\node_modules\undici\lib\dispatcher\retry-agent.js,.js,684
node_modules\pnpm\dist\node_modules\undici\lib\global.js,.js,871
node_modules\pnpm\dist\node_modules\undici\lib\handler\decorator-handler.js,.js,858
node_modules\pnpm\dist\node_modules\undici\lib\handler\redirect-handler.js,.js,7700
node_modules\pnpm\dist\node_modules\undici\lib\handler\retry-handler.js,.js,9806
node_modules\pnpm\dist\node_modules\undici\lib\interceptor\dns.js,.js,9338
node_modules\pnpm\dist\node_modules\undici\lib\interceptor\dump.js,.js,2514
node_modules\pnpm\dist\node_modules\undici\lib\interceptor\redirect-interceptor.js,.js,661
node_modules\pnpm\dist\node_modules\undici\lib\interceptor\redirect.js,.js,588
node_modules\pnpm\dist\node_modules\undici\lib\interceptor\response-error.js,.js,2148
node_modules\pnpm\dist\node_modules\undici\lib\interceptor\retry.js,.js,419
node_modules\pnpm\dist\node_modules\undici\lib\llhttp\constants.js,.js,11002
node_modules\pnpm\dist\node_modules\undici\lib\llhttp\llhttp-wasm.js,.js,64920
node_modules\pnpm\dist\node_modules\undici\lib\llhttp\llhttp_simd-wasm.js,.js,64960
node_modules\pnpm\dist\node_modules\undici\lib\llhttp\utils.js,.js,394
node_modules\pnpm\dist\node_modules\undici\lib\mock\mock-agent.js,.js,4556
node_modules\pnpm\dist\node_modules\undici\lib\mock\mock-client.js,.js,1513
node_modules\pnpm\dist\node_modules\undici\lib\mock\mock-errors.js,.js,740
node_modules\pnpm\dist\node_modules\undici\lib\mock\mock-interceptor.js,.js,6824
node_modules\pnpm\dist\node_modules\undici\lib\mock\mock-pool.js,.js,1499
node_modules\pnpm\dist\node_modules\undici\lib\mock\mock-symbols.js,.js,769
node_modules\pnpm\dist\node_modules\undici\lib\mock\mock-utils.js,.js,10783
node_modules\pnpm\dist\node_modules\undici\lib\mock\pending-interceptors-formatter.js,.js,1186
node_modules\pnpm\dist\node_modules\undici\lib\mock\pluralizer.js,.js,495
node_modules\pnpm\dist\node_modules\undici\lib\util\timers.js,.js,11737
node_modules\pnpm\dist\node_modules\undici\lib\web\cache\cache.js,.js,21080
node_modules\pnpm\dist\node_modules\undici\lib\web\cache\cachestorage.js,.js,3663
node_modules\pnpm\dist\node_modules\undici\lib\web\cache\symbols.js,.js,90
node_modules\pnpm\dist\node_modules\undici\lib\web\cache\util.js,.js,1020
node_modules\pnpm\dist\node_modules\undici\lib\web\cookies\constants.js,.js,306
node_modules\pnpm\dist\node_modules\undici\lib\web\cookies\index.js,.js,4247
node_modules\pnpm\dist\node_modules\undici\lib\web\cookies\parse.js,.js,12390
node_modules\pnpm\dist\node_modules\undici\lib\web\cookies\util.js,.js,7377
node_modules\pnpm\dist\node_modules\undici\lib\web\eventsource\eventsource-stream.js,.js,11586
node_modules\pnpm\dist\node_modules\undici\lib\web\eventsource\eventsource.js,.js,14143
node_modules\pnpm\dist\node_modules\undici\lib\web\eventsource\util.js,.js,788
node_modules\pnpm\dist\node_modules\undici\lib\web\fetch\body.js,.js,17339
node_modules\pnpm\dist\node_modules\undici\lib\web\fetch\constants.js,.js,3395
node_modules\pnpm\dist\node_modules\undici\lib\web\fetch\data-url.js,.js,21989
node_modules\pnpm\dist\node_modules\undici\lib\web\fetch\dispatcher-weakref.js,.js,1083
node_modules\pnpm\dist\node_modules\undici\lib\web\fetch\file.js,.js,3300
node_modules\pnpm\dist\node_modules\undici\lib\web\fetch\formdata-parser.js,.js,15227
node_modules\pnpm\dist\node_modules\undici\lib\web\fetch\formdata.js,.js,7756
node_modules\pnpm\dist\node_modules\undici\lib\web\fetch\global.js,.js,890
node_modules\pnpm\dist\node_modules\undici\lib\web\fetch\headers.js,.js,20603
node_modules\pnpm\dist\node_modules\undici\lib\web\fetch\index.js,.js,82477
node_modules\pnpm\dist\node_modules\undici\lib\web\fetch\request.js,.js,34565
node_modules\pnpm\dist\node_modules\undici\lib\web\fetch\response.js,.js,19205
node_modules\pnpm\dist\node_modules\undici\lib\web\fetch\symbols.js,.js,181
node_modules\pnpm\dist\node_modules\undici\lib\web\fetch\util.js,.js,50492
node_modules\pnpm\dist\node_modules\undici\lib\web\fetch\webidl.js,.js,20571
node_modules\pnpm\dist\node_modules\undici\lib\web\fileapi\encoding.js,.js,6618
node_modules\pnpm\dist\node_modules\undici\lib\web\fileapi\filereader.js,.js,8515
node_modules\pnpm\dist\node_modules\undici\lib\web\fileapi\progressevent.js,.js,1651
node_modules\pnpm\dist\node_modules\undici\lib\web\fileapi\symbols.js,.js,317
node_modules\pnpm\dist\node_modules\undici\lib\web\fileapi\util.js,.js,11526
node_modules\pnpm\dist\node_modules\undici\lib\web\websocket\connection.js,.js,14206
node_modules\pnpm\dist\node_modules\undici\lib\web\websocket\constants.js,.js,1073
node_modules\pnpm\dist\node_modules\undici\lib\web\websocket\events.js,.js,7353
node_modules\pnpm\dist\node_modules\undici\lib\web\websocket\frame.js,.js,2307
node_modules\pnpm\dist\node_modules\undici\lib\web\websocket\permessage-deflate.js,.js,2757
node_modules\pnpm\dist\node_modules\undici\lib\web\websocket\receiver.js,.js,15351
node_modules\pnpm\dist\node_modules\undici\lib\web\websocket\sender.js,.js,2291
node_modules\pnpm\dist\node_modules\undici\lib\web\websocket\symbols.js,.js,330
node_modules\pnpm\dist\node_modules\undici\lib\web\websocket\util.js,.js,9355
node_modules\pnpm\dist\node_modules\undici\lib\web\websocket\websocket.js,.js,18619
node_modules\pnpm\dist\node_modules\undici\package.json,.json,6290
node_modules\pnpm\dist\node_modules\undici\scripts\strip-comments.js,.js,260
node_modules\pnpm\dist\node_modules\v8-compile-cache\package.json,.json,832
node_modules\pnpm\dist\node_modules\v8-compile-cache\v8-compile-cache.js,.js,10837
node_modules\pnpm\dist\node_modules\which\bin\which.js,.js,960
node_modules\pnpm\dist\node_modules\which\lib\index.js,.js,3129
node_modules\pnpm\dist\node_modules\which\package.json,.json,1245
node_modules\pnpm\dist\node_modules\yallist\dist\commonjs\index.js,.js,9914
node_modules\pnpm\dist\node_modules\yallist\dist\commonjs\package.json,.json,25
node_modules\pnpm\dist\node_modules\yallist\dist\esm\index.js,.js,9762
node_modules\pnpm\dist\node_modules\yallist\dist\esm\package.json,.json,23
node_modules\pnpm\dist\node_modules\yallist\package.json,.json,1618
node_modules\pnpm\dist\worker.js,.js,435306
node_modules\pnpm\package.json,.json,2216
node_modules\pnpm\README.md,.md,12406
node_modules\pptxgenjs\dist\pptxgen.bundle.js,.js,460889
node_modules\pptxgenjs\dist\pptxgen.cjs.js,.js,516944
node_modules\pptxgenjs\dist\pptxgen.es.js,.js,516931
node_modules\pptxgenjs\dist\pptxgen.min.js,.js,271010
node_modules\pptxgenjs\package.json,.json,2265
node_modules\pptxgenjs\README.md,.md,8798
node_modules\sharp\install\build.js,.js,882
node_modules\sharp\install\check.js,.js,383
node_modules\sharp\lib\channel.js,.js,5379
node_modules\sharp\lib\colour.js,.js,5310
node_modules\sharp\lib\composite.js,.js,8960
node_modules\sharp\lib\constructor.js,.js,19959
node_modules\sharp\lib\index.js,.js,385
node_modules\sharp\lib\input.js,.js,32973
node_modules\sharp\lib\is.js,.js,2930
node_modules\sharp\lib\libvips.js,.js,5947
node_modules\sharp\lib\operation.js,.js,33282
node_modules\sharp\lib\output.js,.js,61198
node_modules\sharp\lib\resize.js,.js,21080
node_modules\sharp\lib\sharp.js,.js,4044
node_modules\sharp\lib\utility.js,.js,9437
node_modules\sharp\package.json,.json,7478
node_modules\sharp\README.md,.md,3160
node_modules\tesseract.js\dist\tesseract.esm.min.js,.js,63220
node_modules\tesseract.js\dist\tesseract.min.js,.js,62961
node_modules\tesseract.js\dist\tesseract.min.js.LICENSE.txt,.txt,149
node_modules\tesseract.js\dist\worker.min.js,.js,111307
node_modules\tesseract.js\dist\worker.min.js.LICENSE.txt,.txt,466
node_modules\tesseract.js\docs\api.md,.md,14875
node_modules\tesseract.js\docs\examples.md,.md,4670
node_modules\tesseract.js\docs\faq.md,.md,7870
node_modules\tesseract.js\docs\image-format.md,.md,767
node_modules\tesseract.js\docs\local-installation.md,.md,2511
node_modules\tesseract.js\docs\performance.md,.md,4659
node_modules\tesseract.js\docs\tesseract_lang_list.md,.md,163
node_modules\tesseract.js\docs\workers_vs_schedulers.md,.md,3991
node_modules\tesseract.js\examples\node\download-pdf.js,.js,647
node_modules\tesseract.js\examples\node\image-processing.js,.js,1183
node_modules\tesseract.js\examples\node\recognize.js,.js,499
node_modules\tesseract.js\examples\node\scheduler.js,.js,1166
node_modules\tesseract.js\karma.conf.js,.js,1945
node_modules\tesseract.js\LICENSE.md,.md,11357
node_modules\tesseract.js\package.json,.json,2914
node_modules\tesseract.js\README.md,.md,11163
node_modules\tesseract.js\scripts\server.js,.js,874
node_modules\tesseract.js\scripts\webpack.config.common.js,.js,539
node_modules\tesseract.js\scripts\webpack.config.prod.js,.js,814
node_modules\tesseract.js\src\constants\defaultOptions.js,.js,172
node_modules\tesseract.js\src\constants\imageType.js,.js,73
node_modules\tesseract.js\src\constants\languages.js,.js,5559
node_modules\tesseract.js\src\constants\OEM.js,.js,237
node_modules\tesseract.js\src\constants\PSM.js,.js,360
node_modules\tesseract.js\src\createJob.js,.js,306
node_modules\tesseract.js\src\createScheduler.js,.js,1986
node_modules\tesseract.js\src\createWorker.js,.js,6672
node_modules\tesseract.js\src\index.js,.js,754
node_modules\tesseract.js\src\Tesseract.js,.js,522
node_modules\tesseract.js\src\utils\getEnvironment.js,.js,395
node_modules\tesseract.js\src\utils\getId.js,.js,117
node_modules\tesseract.js\src\utils\log.js,.js,205
node_modules\tesseract.js\src\utils\resolvePaths.js,.js,413
node_modules\tesseract.js\src\worker\browser\defaultOptions.js,.js,318
node_modules\tesseract.js\src\worker\browser\index.js,.js,633
node_modules\tesseract.js\src\worker\browser\loadImage.js,.js,1844
node_modules\tesseract.js\src\worker\browser\onMessage.js,.js,142
node_modules\tesseract.js\src\worker\browser\send.js,.js,196
node_modules\tesseract.js\src\worker\browser\spawnWorker.js,.js,466
node_modules\tesseract.js\src\worker\browser\terminateWorker.js,.js,174
node_modules\tesseract.js\src\worker\node\defaultOptions.js,.js,282
node_modules\tesseract.js\src\worker\node\index.js,.js,645
node_modules\tesseract.js\src\worker\node\loadImage.js,.js,1028
node_modules\tesseract.js\src\worker\node\onMessage.js,.js,91
node_modules\tesseract.js\src\worker\node\send.js,.js,196
node_modules\tesseract.js\src\worker\node\spawnWorker.js,.js,228
node_modules\tesseract.js\src\worker\node\terminateWorker.js,.js,169
node_modules\tesseract.js\src\worker-script\browser\cache.js,.js,227
node_modules\tesseract.js\src\worker-script\browser\getCore.js,.js,2682
node_modules\tesseract.js\src\worker-script\browser\gunzip.js,.js,62
node_modules\tesseract.js\src\worker-script\browser\index.js,.js,676
node_modules\tesseract.js\src\worker-script\constants\defaultOutput.js,.js,307
node_modules\tesseract.js\src\worker-script\index.js,.js,18777
node_modules\tesseract.js\src\worker-script\node\cache.js,.js,410
node_modules\tesseract.js\src\worker-script\node\getCore.js,.js,1334
node_modules\tesseract.js\src\worker-script\node\gunzip.js,.js,60
node_modules\tesseract.js\src\worker-script\node\index.js,.js,771
node_modules\tesseract.js\src\worker-script\utils\arrayBufferToBase64.js,.js,1857
node_modules\tesseract.js\src\worker-script\utils\dump.js,.js,2972
node_modules\tesseract.js\src\worker-script\utils\setImage.js,.js,1188
tmp\dashboard_update_apply_test_20260702_073733\assets\app.css,.css,187648
tmp\dashboard_update_apply_test_20260702_073733\backups\dashboard_ui_refactor_client_20260702_073734\assets\app.css,.css,18
tmp\dashboard_update_apply_test_20260702_073733\backups\dashboard_ui_refactor_client_20260702_073734\index.php,.php,22
tmp\dashboard_update_apply_test_20260702_073733\backups\dashboard_ui_refactor_client_20260702_073734\tools\operator_screenshot_regression.js,.js,16
tmp\dashboard_update_apply_test_20260702_073733\index.php,.php,2150558
tmp\dashboard_update_apply_test_20260702_073733\tools\operator_screenshot_regression.js,.js,13412
tmp\license_manager_patch_20260701\build\PRM_Client_License_Manager\warn-PRM_Client_License_Manager.txt,.txt,2038
tools\backup_restore_dry_run.php,.php,7933
tools\configure_backup_path.php,.php,2460
tools\ensure_smoke_credentials.php,.php,3033
tools\environment_probe.php,.php,5726
tools\operator_screenshot_regression.js,.js,13412
tools\render_print_pdf.js,.js,5820
tools\whatsapp_attach_pdf.js,.js,33191
